array_index,case_id,study_family,group_dir,physical_case,mesh_name,Nx,Ny,velocity_m_per_s,stiffness_class,A,beta,Ta_K,threads,core_label,solver,cells,level0_Nx,level0_Ny,level1_Nx,level1_Ny,level2_Nx,level2_Ny,mg_pre_sweeps,mg_post_sweeps,mg_coarse_sweeps,mg_omega,final_time_s,time_steps,vFuel_m_per_s,vOx_m_per_s,HfF_J_per_kg,rho_kg_per_m3,mu_Pa_s,cp_J_per_kgK,Pr,Sc,compute_time_s,pressure_time_s,pressure_fraction_pct,output_time_s,total_wall_s,pressure_solves,total_wcycles,avg_wcycles_per_pressure_solve,max_wcycles_per_pressure_solve,mean_pressure_convergence_factor,final_pressure_cycles,final_pressure_rhs_norm,final_pressure_initial_residual,final_pressure_abs_residual,final_pressure_rel_residual,final_pressure_convergence_factor,restrictions,prolongations,fine_pre_sweeps,fine_post_sweeps,level1_pre_sweeps,level1_post_sweeps,coarse_sweeps,equivalent_fine_grid_smoothing_sweeps,equivalent_fine_grid_smoothing_sweeps_per_pressure_solve,mass_residual_max,mass_residual_l2,mass_residual_integral,Tmin_K,Tmax_K,pmin_Pa,pmax_Pa,umin_m_per_s,umax_m_per_s,vmin_m_per_s,vmax_m_per_s,YFmax,YOmax,YPmax,YN2max,run_complete,run_failed,node,job_id,launcher_wall_seconds
0,FLOW_INTENSITY__BC1_LOW_v005__M1_108x36__C1,FLOW_INTENSITY,FLOW,BC1_LOW_v005,M1_108x36,108,36,0.05,nominal_chemistry,10000000,5,1000,1,C1,MG2W_3LEVEL,3888,108,36,54,18,27,9,3,3,40,1,2,20033,0.050000000000000003,-0.050000000000000003,3571428.571,1,2.0000000000000002e-05,1000,0.69999999999999996,1,81.926996423999626,3.2944912610000108,4.02125234025414,0.068027904,81.996668053999997,20033,10187,0.50851095692108017,8,0.10667946351230045,3,176404.8747626807,13791.975348618202,7.0296497467497829,3.9849520917190315e-05,0.079879573646917834,30561,30561,30561,30561,61122,61122,814960,142618,7.1191533968951228,0.00063379958938014624,3.8904281728912421e-05,3.2438326652984169e-12,294.95448879858401,915.08425339102462,99999.997955341751,100000.00232740064,-0.015431654255442712,0.015431654255442712,-0.045263793322755964,0.045263793322755964,0.99597266369861459,0.20893767751080666,0.3168356179713902,0.83491284462201187,1,0,orfoz182,6266807,82.114133248
1,FLOW_INTENSITY__BC1_LOW_v005__M1_108x36__C2,FLOW_INTENSITY,FLOW,BC1_LOW_v005,M1_108x36,108,36,0.05,nominal_chemistry,10000000,5,1000,2,C2,MG2W_3LEVEL,3888,108,36,54,18,27,9,3,3,40,1,2,20033,0.050000000000000003,-0.050000000000000003,3571428.571,1,2.0000000000000002e-05,1000,0.69999999999999996,1,47.987531239999704,4.2877769960000025,8.9351897986907751,0.066932918000000008,48.057364788999998,20033,10187,0.50851095692108017,8,0.10667946351230045,3,176404.8747626807,13791.975348618202,7.0296497467497829,3.9849520917190315e-05,0.079879573646917834,30561,30561,30561,30561,61122,61122,814960,142618,7.1191533968951228,0.00063379958938014624,3.8904281728912381e-05,3.2438326652983926e-12,294.95448879858401,915.08425339102462,99999.997955341751,100000.00232740064,-0.015431654255442712,0.015431654255442712,-0.045263793322755964,0.045263793322755964,0.99597266369861459,0.20893767751080666,0.3168356179713902,0.83491284462201187,1,0,orfoz204,6266808,48.125139712
2,FLOW_INTENSITY__BC1_LOW_v005__M1_108x36__C4,FLOW_INTENSITY,FLOW,BC1_LOW_v005,M1_108x36,108,36,0.05,nominal_chemistry,10000000,5,1000,4,C4,MG2W_3LEVEL,3888,108,36,54,18,27,9,3,3,40,1,2,20033,0.050000000000000003,-0.050000000000000003,3571428.571,1,2.0000000000000002e-05,1000,0.69999999999999996,1,31.017225322000012,5.0974795240000113,16.434350497445855,0.067650050000000003,31.088140312,20033,10187,0.50851095692108017,8,0.10667946351230045,3,176404.8747626807,13791.975348618202,7.0296497467497829,3.9849520917190315e-05,0.079879573646917834,30561,30561,30561,30561,61122,61122,814960,142618,7.1191533968951228,0.00063379958938014624,3.8904281728912388e-05,3.2438326652983805e-12,294.95448879858401,915.08425339102462,99999.997955341751,100000.00232740064,-0.015431654255442712,0.015431654255442712,-0.045263793322755964,0.045263793322755964,0.99597266369861459,0.20893767751080666,0.3168356179713902,0.83491284462201187,1,0,orfoz274,6266809,31.169283584
3,FLOW_INTENSITY__BC1_LOW_v005__M1_108x36__C16,FLOW_INTENSITY,FLOW,BC1_LOW_v005,M1_108x36,108,36,0.05,nominal_chemistry,10000000,5,1000,16,C16,MG2W_3LEVEL,3888,108,36,54,18,27,9,3,3,40,1,2,20033,0.050000000000000003,-0.050000000000000003,3571428.571,1,2.0000000000000002e-05,1000,0.69999999999999996,1,27.679702714000058,9.7930753039999452,35.379987296780925,0.067074909000000016,27.750801359,20033,10187,0.50851095692108017,8,0.10667946351230045,3,176404.8747626807,13791.975348618202,7.0296497467497829,3.9849520917190315e-05,0.079879573646917834,30561,30561,30561,30561,61122,61122,814960,142618,7.1191533968951228,0.00063379958938014624,3.8904281728912408e-05,3.243832665298345e-12,294.95448879858401,915.08425339102462,99999.997955341751,100000.00232740064,-0.015431654255442712,0.015431654255442712,-0.045263793322755964,0.045263793322755964,0.99597266369861459,0.20893767751080666,0.3168356179713902,0.83491284462201187,1,0,orfoz204,6266810,27.828812032
4,FLOW_INTENSITY__BC1_LOW_v005__M2_216x72__C1,FLOW_INTENSITY,FLOW,BC1_LOW_v005,M2_216x72,216,72,0.05,nominal_chemistry,10000000,5,1000,1,C1,MG2W_3LEVEL,15552,216,72,108,36,54,18,3,3,40,1,2,20033,0.050000000000000003,-0.050000000000000003,3571428.571,1,2.0000000000000002e-05,1000,0.69999999999999996,1,363.04953142100038,11.236633542000057,3.095069011112372,0.16211356800000001,363.21599007899999,20033,10181,0.50821145110567567,25,0.075562047241555574,3,573560.37086685421,30697.140886385459,27.920696783232415,4.86796128209386e-05,0.096889364702627712,30543,30543,30543,30543,61086,61086,814480,142534,7.1149603154794585,0.0025798832339258837,0.00010014142477909391,-7.130096808149213e-13,293.82295147063513,929.86299174536703,99999.997540115859,100000.00232558406,-0.014137256181871782,0.01413717246135179,-0.050531453809684275,0.050531450948134292,0.99839391286907642,0.20957459139594806,0.323594763068142,0.83394699624860869,1,0,orfoz274,6266811,363.310732800
5,FLOW_INTENSITY__BC1_LOW_v005__M2_216x72__C2,FLOW_INTENSITY,FLOW,BC1_LOW_v005,M2_216x72,216,72,0.05,nominal_chemistry,10000000,5,1000,2,C2,MG2W_3LEVEL,15552,216,72,108,36,54,18,3,3,40,1,2,20033,0.050000000000000003,-0.050000000000000003,3571428.571,1,2.0000000000000002e-05,1000,0.69999999999999996,1,193.5170905520005,8.378520425999989,4.3296023116617572,0.16589483500000002,193.68629993299999,20033,10181,0.50821145110567567,25,0.075562047241555574,3,573560.37086685421,30697.140886385459,27.920696783232415,4.86796128209386e-05,0.096889364702627712,30543,30543,30543,30543,61086,61086,814480,142534,7.1149603154794585,0.0025798832339258837,0.00010014142477909362,-7.1300968081488949e-13,293.82295147063513,929.86299174536703,99999.997540115859,100000.00232558406,-0.014137256181871782,0.01413717246135179,-0.050531453809684275,0.050531450948134292,0.99839391286907642,0.20957459139594806,0.323594763068142,0.83394699624860869,1,0,orfoz182,6266812,193.773672960
6,FLOW_INTENSITY__BC1_LOW_v005__M2_216x72__C4,FLOW_INTENSITY,FLOW,BC1_LOW_v005,M2_216x72,216,72,0.05,nominal_chemistry,10000000,5,1000,4,C4,MG2W_3LEVEL,15552,216,72,108,36,54,18,3,3,40,1,2,20033,0.050000000000000003,-0.050000000000000003,3571428.571,1,2.0000000000000002e-05,1000,0.69999999999999996,1,108.39736944499995,7.4687198609999994,6.8901301749666297,0.16322849899999992,108.56451525599999,20033,10181,0.50821145110567567,25,0.075562047241555574,3,573560.37086685421,30697.140886385459,27.920696783232415,4.86796128209386e-05,0.096889364702627712,30543,30543,30543,30543,61086,61086,814480,142534,7.1149603154794585,0.0025798832339258837,0.00010014142477909364,-7.130096808148897e-13,293.82295147063513,929.86299174536703,99999.997540115859,100000.00232558406,-0.014137256181871782,0.01413717246135179,-0.050531453809684275,0.050531450948134292,0.99839391286907642,0.20957459139594806,0.323594763068142,0.83394699624860869,1,0,orfoz204,6266813,108.665881088
7,FLOW_INTENSITY__BC1_LOW_v005__M2_216x72__C16,FLOW_INTENSITY,FLOW,BC1_LOW_v005,M2_216x72,216,72,0.05,nominal_chemistry,10000000,5,1000,16,C16,MG2W_3LEVEL,15552,216,72,108,36,54,18,3,3,40,1,2,20033,0.050000000000000003,-0.050000000000000003,3571428.571,1,2.0000000000000002e-05,1000,0.69999999999999996,1,52.197468036999922,11.373991356999996,21.790312413118578,0.16190266200000003,52.363841966000003,20033,10181,0.50821145110567567,25,0.075562047241555574,3,573560.37086685421,30697.140886385459,27.920696783232415,4.86796128209386e-05,0.096889364702627712,30543,30543,30543,30543,61086,61086,814480,142534,7.1149603154794585,0.0025798832339258837,0.00010014142477909375,-7.1300968081483891e-13,293.82295147063513,929.86299174536703,99999.997540115859,100000.00232558406,-0.014137256181871782,0.01413717246135179,-0.050531453809684275,0.050531450948134292,0.99839391286907642,0.20957459139594806,0.323594763068142,0.83394699624860869,1,0,orfoz204,6266817,52.430339328
8,FLOW_INTENSITY__BC1_LOW_v005__M3_432x144__C1,FLOW_INTENSITY,FLOW,BC1_LOW_v005,M3_432x144,432,144,0.05,nominal_chemistry,10000000,5,1000,1,C1,MG2W_3LEVEL,62208,432,144,216,72,108,36,3,3,40,1,2,48534,0.050000000000000003,-0.050000000000000003,3571428.571,1,2.0000000000000002e-05,1000,0.69999999999999996,1,3503.8204518469943,104.85522415300159,2.992596955067389,0.59723789999999999,3504.4455502709998,48534,24474,0.50426505130424037,88,0.042240169239751456,5,7612104.8610684294,4546164.5622403044,197.00413762032986,2.5880376218658463e-05,0.13408062912681809,73422,73422,73422,73422,146844,146844,1957920,342636,7.0597107182593648,0.0024892790375355411,7.6115944103413827e-05,1.4730728945901691e-11,293.38937652425494,930.7135460402709,99999.992529911993,100000.00641368791,-0.014314385571954465,0.01431437971188707,-0.0508193276383343,0.050819328207418975,0.99925031306618783,0.20980106997527878,0.32406883380213353,0.83351748678622928,1,0,orfoz204,6266818,3504.627858432
9,FLOW_INTENSITY__BC1_LOW_v005__M3_432x144__C2,FLOW_INTENSITY,FLOW,BC1_LOW_v005,M3_432x144,432,144,0.05,nominal_chemistry,10000000,5,1000,2,C2,MG2W_3LEVEL,62208,432,144,216,72,108,36,3,3,40,1,2,48534,0.050000000000000003,-0.050000000000000003,3571428.571,1,2.0000000000000002e-05,1000,0.69999999999999996,1,1811.6962480530021,63.661215620999272,3.5139011680029064,0.60029605099999994,1812.3124033659999,48534,24474,0.50426505130424037,88,0.042240169239751456,5,7612104.8610684294,4546164.5622403044,197.00413762032986,2.5880376218658463e-05,0.13408062912681809,73422,73422,73422,73422,146844,146844,1957920,342636,7.0597107182593648,0.0024892790375355411,7.6115944103413922e-05,1.473072894590163e-11,293.38937652425494,930.7135460402709,99999.992529911993,100000.00641368791,-0.014314385571954465,0.01431437971188707,-0.0508193276383343,0.050819328207418975,0.99925031306618783,0.20980106997527878,0.32406883380213353,0.83351748678622928,1,0,orfoz182,6266822,1812.407395584
10,FLOW_INTENSITY__BC1_LOW_v005__M3_432x144__C4,FLOW_INTENSITY,FLOW,BC1_LOW_v005,M3_432x144,432,144,0.05,nominal_chemistry,10000000,5,1000,4,C4,MG2W_3LEVEL,62208,432,144,216,72,108,36,3,3,40,1,2,48534,0.050000000000000003,-0.050000000000000003,3571428.571,1,2.0000000000000002e-05,1000,0.69999999999999996,1,951.08325633599941,41.824787168999912,4.3975947310993373,0.5911037990000001,951.686738332,48534,24474,0.50426505130424037,88,0.042240169239751456,5,7612104.8610684294,4546164.5622403044,197.00413762032986,2.5880376218658463e-05,0.13408062912681809,73422,73422,73422,73422,146844,146844,1957920,342636,7.0597107182593648,0.0024892790375355411,7.61159441034138e-05,1.4730728945901753e-11,293.38937652425494,930.7135460402709,99999.992529911993,100000.00641368791,-0.014314385571954465,0.01431437971188707,-0.0508193276383343,0.050819328207418975,0.99925031306618783,0.20980106997527878,0.32406883380213353,0.83351748678622928,1,0,orfoz261,6266825,952.037831680
11,FLOW_INTENSITY__BC1_LOW_v005__M3_432x144__C16,FLOW_INTENSITY,FLOW,BC1_LOW_v005,M3_432x144,432,144,0.05,nominal_chemistry,10000000,5,1000,16,C16,MG2W_3LEVEL,62208,432,144,216,72,108,36,3,3,40,1,2,48534,0.050000000000000003,-0.050000000000000003,3571428.571,1,2.0000000000000002e-05,1000,0.69999999999999996,1,317.97491632399914,35.633233557000139,11.20630330497259,0.58504290599999997,318.56980662699999,48534,24474,0.50426505130424037,88,0.042240169239751456,5,7612104.8610684294,4546164.5622403044,197.00413762032986,2.5880376218658463e-05,0.13408062912681809,73422,73422,73422,73422,146844,146844,1957920,342636,7.0597107182593648,0.0024892790375355411,7.6115944103413732e-05,1.473072894590174e-11,293.38937652425494,930.7135460402709,99999.992529911993,100000.00641368791,-0.014314385571954465,0.01431437971188707,-0.0508193276383343,0.050819328207418975,0.99925031306618783,0.20980106997527878,0.32406883380213353,0.83351748678622928,1,0,orfoz261,6266897,318.662640640
12,FLOW_INTENSITY__BC1_LOW_v005__M4_864x288__C1,FLOW_INTENSITY,FLOW,BC1_LOW_v005,M4_864x288,864,288,0.05,nominal_chemistry,10000000,5,1000,1,C1,MG2W_3LEVEL,248832,864,288,432,144,216,72,3,3,40,1,2,194042,0.050000000000000003,-0.050000000000000003,3571428.571,1,2.0000000000000002e-05,1000,0.69999999999999996,1,53519.895252748887,1621.7001631310793,3.030088447431678,2.339213778,53522.569316574001,194042,97339,0.50163882046154951,302,0.018622621686999706,4,37325389.398638085,13147043.992388085,1325.2364996290999,3.5504961126472657e-05,0.10019967621021376,292017,292017,292017,292017,584034,584034,7787120,1362746,7.0229434864616938,0.0074927991653659376,0.000139999755683683,3.510050985473744e-13,293.19818789152606,922.48100151131052,99999.98991979954,100000.00857117053,-0.014290389037781025,0.01429038840382418,-0.050444029852577892,0.050444029422093299,0.99960235341608439,0.20989511321697346,0.32072238846814044,0.83645887247772099,1,0,orfoz261,6266908,53522.688868608
13,FLOW_INTENSITY__BC1_LOW_v005__M4_864x288__C2,FLOW_INTENSITY,FLOW,BC1_LOW_v005,M4_864x288,864,288,0.05,nominal_chemistry,10000000,5,1000,2,C2,MG2W_3LEVEL,248832,864,288,432,144,216,72,3,3,40,1,2,194042,0.050000000000000003,-0.050000000000000003,3571428.571,1,2.0000000000000002e-05,1000,0.69999999999999996,1,27136.683711200174,885.48792802101377,3.2630661043358984,2.379469517,27139.248109043001,194042,97339,0.50163882046154951,302,0.018622621686999706,4,37325389.398638085,13147043.992388085,1325.2364996290999,3.5504961126472657e-05,0.10019967621021376,292017,292017,292017,292017,584034,584034,7787120,1362746,7.0229434864616938,0.0074927991653659376,0.00013999975568368235,3.5100509854739939e-13,293.19818789152606,922.48100151131052,99999.98991979954,100000.00857117053,-0.014290389037781025,0.01429038840382418,-0.050444029852577892,0.050444029422093299,0.99960235341608439,0.20989511321697346,0.32072238846814044,0.83645887247772099,1,0,orfoz182,6266924,27139.396870912
14,FLOW_INTENSITY__BC1_LOW_v005__M4_864x288__C4,FLOW_INTENSITY,FLOW,BC1_LOW_v005,M4_864x288,864,288,0.05,nominal_chemistry,10000000,5,1000,4,C4,MG2W_3LEVEL,248832,864,288,432,144,216,72,3,3,40,1,2,194042,0.050000000000000003,-0.050000000000000003,3571428.571,1,2.0000000000000002e-05,1000,0.69999999999999996,1,13933.906264153868,503.7624040059921,3.6153709839570456,2.3465434420000002,13936.362292712,194042,97339,0.50163882046154951,302,0.018622621686999706,4,37325389.398638085,13147043.992388085,1325.2364996290999,3.5504961126472657e-05,0.10019967621021376,292017,292017,292017,292017,584034,584034,7787120,1362746,7.0229434864616938,0.0074927991653659376,0.00013999975568368267,3.5100509854739273e-13,293.19818789152606,922.48100151131052,99999.98991979954,100000.00857117053,-0.014290389037781025,0.01429038840382418,-0.050444029852577892,0.050444029422093299,0.99960235341608439,0.20989511321697346,0.32072238846814044,0.83645887247772099,1,0,orfoz204,6267014,13937.038183168
15,FLOW_INTENSITY__BC1_LOW_v005__M4_864x288__C16,FLOW_INTENSITY,FLOW,BC1_LOW_v005,M4_864x288,864,288,0.05,nominal_chemistry,10000000,5,1000,16,C16,MG2W_3LEVEL,248832,864,288,432,144,216,72,3,3,40,1,2,194042,0.050000000000000003,-0.050000000000000003,3571428.571,1,2.0000000000000002e-05,1000,0.69999999999999996,1,4001.9928099099488,247.38193936200278,6.1814688609490345,2.342337471,4004.3935081640002,194042,97339,0.50163882046154951,302,0.018622621686999706,4,37325389.398638085,13147043.992388085,1325.2364996290999,3.5504961126472657e-05,0.10019967621021376,292017,292017,292017,292017,584034,584034,7787120,1362746,7.0229434864616938,0.0074927991653659376,0.000139999755683683,3.5100509854728807e-13,293.19818789152606,922.48100151131052,99999.98991979954,100000.00857117053,-0.014290389037781025,0.01429038840382418,-0.050444029852577892,0.050444029422093299,0.99960235341608439,0.20989511321697346,0.32072238846814044,0.83645887247772099,1,0,orfoz204,6267561,4004.559987200
16,FLOW_INTENSITY__BC2_NOMINAL_v010__M1_108x36__C1,FLOW_INTENSITY,FLOW,BC2_NOMINAL_v010,M1_108x36,108,36,0.1,nominal_chemistry,10000000,5,1000,1,C1,MG2W_3LEVEL,3888,108,36,54,18,27,9,3,3,40,1,2,20033,0.10000000000000001,-0.10000000000000001,3571428.571,1,2.0000000000000002e-05,1000,0.69999999999999996,1,83.92570224999946,3.3190038980000205,3.9546930308826127,0.069062101000000015,83.997413917000003,20033,10200,0.50915988618779018,8,0.088397540000837632,3,377872.03174547519,28955.766399610031,22.697688431821007,6.0067129940724433e-05,0.09220380749019301,30600,30600,30600,30600,61200,61200,816000,142800,7.1282384066290616,0.002046449324232924,0.0001299637302655945,5.2273589505952229e-11,293.37417528306071,1073.7654705242978,99999.995273107008,100000.00503466239,-0.03170474914863862,0.031704749172715388,-0.091588655126538646,0.091588655124523813,0.99909755646059406,0.20977344678616713,0.3815747433805694,0.99590625248379161,1,0,orfoz193,6267698,84.121969152
17,FLOW_INTENSITY__BC2_NOMINAL_v010__M1_108x36__C2,FLOW_INTENSITY,FLOW,BC2_NOMINAL_v010,M1_108x36,108,36,0.1,nominal_chemistry,10000000,5,1000,2,C2,MG2W_3LEVEL,3888,108,36,54,18,27,9,3,3,40,1,2,20033,0.10000000000000001,-0.10000000000000001,3571428.571,1,2.0000000000000002e-05,1000,0.69999999999999996,1,48.686656785999809,4.2304625330000025,8.6891621077923382,0.06922412700000001,48.757823916,20033,10200,0.50915988618779018,8,0.088397540000837632,3,377872.03174547519,28955.766399610031,22.697688431821007,6.0067129940724433e-05,0.09220380749019301,30600,30600,30600,30600,61200,61200,816000,142800,7.1282384066290616,0.002046449324232924,0.00012996373026559482,5.2273589505952306e-11,293.37417528306071,1073.7654705242978,99999.995273107008,100000.00503466239,-0.03170474914863862,0.031704749172715388,-0.091588655126538646,0.091588655124523813,0.99909755646059406,0.20977344678616713,0.3815747433805694,0.99590625248379161,1,0,orfoz193,6267700,48.827896576
18,FLOW_INTENSITY__BC2_NOMINAL_v010__M1_108x36__C4,FLOW_INTENSITY,FLOW,BC2_NOMINAL_v010,M1_108x36,108,36,0.1,nominal_chemistry,10000000,5,1000,4,C4,MG2W_3LEVEL,3888,108,36,54,18,27,9,3,3,40,1,2,20033,0.10000000000000001,-0.10000000000000001,3571428.571,1,2.0000000000000002e-05,1000,0.69999999999999996,1,31.310283692999953,5.1177153849999693,16.345158144140797,0.068585162000000005,31.381166390000001,20033,10200,0.50915988618779018,8,0.088397540000837632,3,377872.03174547519,28955.766399610031,22.697688431821007,6.0067129940724433e-05,0.09220380749019301,30600,30600,30600,30600,61200,61200,816000,142800,7.1282384066290616,0.002046449324232924,0.00012996373026559488,5.2273589505952106e-11,293.37417528306071,1073.7654705242978,99999.995273107008,100000.00503466239,-0.03170474914863862,0.031704749172715388,-0.091588655126538646,0.091588655124523813,0.99909755646059406,0.20977344678616713,0.3815747433805694,0.99590625248379161,1,0,orfoz193,6267701,31.461603072
19,FLOW_INTENSITY__BC2_NOMINAL_v010__M1_108x36__C16,FLOW_INTENSITY,FLOW,BC2_NOMINAL_v010,M1_108x36,108,36,0.1,nominal_chemistry,10000000,5,1000,16,C16,MG2W_3LEVEL,3888,108,36,54,18,27,9,3,3,40,1,2,20033,0.10000000000000001,-0.10000000000000001,3571428.571,1,2.0000000000000002e-05,1000,0.69999999999999996,1,27.586286636000096,9.7569089330000676,35.368692646973749,0.06872288700000001,27.658076632,20033,10200,0.50915988618779018,8,0.088397540000837632,3,377872.03174547519,28955.766399610031,22.697688431821007,6.0067129940724433e-05,0.09220380749019301,30600,30600,30600,30600,61200,61200,816000,142800,7.1282384066290616,0.002046449324232924,0.00012996373026559474,5.2273589505952203e-11,293.37417528306071,1073.7654705242978,99999.995273107008,100000.00503466239,-0.03170474914863862,0.031704749172715388,-0.091588655126538646,0.091588655124523813,0.99909755646059406,0.20977344678616713,0.3815747433805694,0.99590625248379161,1,0,orfoz193,6267702,27.737172224
20,FLOW_INTENSITY__BC2_NOMINAL_v010__M2_216x72__C1,FLOW_INTENSITY,FLOW,BC2_NOMINAL_v010,M2_216x72,216,72,0.1,nominal_chemistry,10000000,5,1000,1,C1,MG2W_3LEVEL,15552,216,72,108,36,54,18,3,3,40,1,2,22254,0.10000000000000001,-0.10000000000000001,3571428.571,1,2.0000000000000002e-05,1000,0.69999999999999996,1,412.00310323099751,12.222957894999952,2.9667150075194733,0.166573795,412.17401682799999,22254,11023,0.49532668284353376,25,0.031054526273286191,5,2618315.422484172,1406372.0360460882,123.82559819804737,4.7292086023984723e-05,0.15450482357524953,33069,33069,33069,33069,66138,66138,881840,154322,6.9345735598094729,0.0041349033154978176,0.00018274524582233972,1.0478815422798174e-09,293.15671139623788,1074.9007381745359,99999.990271463306,100000.00784462174,-0.028922759928528861,0.028922916621908906,-0.10311632684607436,0.10311633375747871,0.99965373827065562,0.20991255096409867,0.38120898339915765,0.99796729099826109,1,0,orfoz193,6267703,412.274519808
21,FLOW_INTENSITY__BC2_NOMINAL_v010__M2_216x72__C2,FLOW_INTENSITY,FLOW,BC2_NOMINAL_v010,M2_216x72,216,72,0.1,nominal_chemistry,10000000,5,1000,2,C2,MG2W_3LEVEL,15552,216,72,108,36,54,18,3,3,40,1,2,22254,0.10000000000000001,-0.10000000000000001,3571428.571,1,2.0000000000000002e-05,1000,0.69999999999999996,1,219.99967656700011,9.1864261309999939,4.1756543802019186,0.167613506,220.17075244899999,22254,11023,0.49532668284353376,25,0.031054526273286191,5,2618315.422484172,1406372.0360460882,123.82559819804737,4.7292086023984723e-05,0.15450482357524953,33069,33069,33069,33069,66138,66138,881840,154322,6.9345735598094729,0.0041349033154978176,0.00018274524582233905,1.0478815422798195e-09,293.15671139623788,1074.9007381745359,99999.990271463306,100000.00784462174,-0.028922759928528861,0.028922916621908906,-0.10311632684607436,0.10311633375747871,0.99965373827065562,0.20991255096409867,0.38120898339915765,0.99796729099826109,1,0,orfoz193,6267708,220.267076608
22,FLOW_INTENSITY__BC2_NOMINAL_v010__M2_216x72__C4,FLOW_INTENSITY,FLOW,BC2_NOMINAL_v010,M2_216x72,216,72,0.1,nominal_chemistry,10000000,5,1000,4,C4,MG2W_3LEVEL,15552,216,72,108,36,54,18,3,3,40,1,2,22254,0.10000000000000001,-0.10000000000000001,3571428.571,1,2.0000000000000002e-05,1000,0.69999999999999996,1,122.66919767699989,8.1892937050000079,6.6759169050434544,0.16711197900000002,122.839185734,22254,11023,0.49532668284353376,25,0.031054526273286191,5,2618315.422484172,1406372.0360460882,123.82559819804737,4.7292086023984723e-05,0.15450482357524953,33069,33069,33069,33069,66138,66138,881840,154322,6.9345735598094729,0.0041349033154978176,0.00018274524582233924,1.0478815422798197e-09,293.15671139623788,1074.9007381745359,99999.990271463306,100000.00784462174,-0.028922759928528861,0.028922916621908906,-0.10311632684607436,0.10311633375747871,0.99965373827065562,0.20991255096409867,0.38120898339915765,0.99796729099826109,1,0,orfoz193,6267711,122.911721728
23,FLOW_INTENSITY__BC2_NOMINAL_v010__M2_216x72__C16,FLOW_INTENSITY,FLOW,BC2_NOMINAL_v010,M2_216x72,216,72,0.1,nominal_chemistry,10000000,5,1000,16,C16,MG2W_3LEVEL,15552,216,72,108,36,54,18,3,3,40,1,2,22254,0.10000000000000001,-0.10000000000000001,3571428.571,1,2.0000000000000002e-05,1000,0.69999999999999996,1,58.610548854000015,12.310582059999955,21.004038182044411,0.16731963799999999,58.782795397000001,22254,11023,0.49532668284353376,25,0.031054526273286191,5,2618315.422484172,1406372.0360460882,123.82559819804737,4.7292086023984723e-05,0.15450482357524953,33069,33069,33069,33069,66138,66138,881840,154322,6.9345735598094729,0.0041349033154978176,0.00018274524582233951,1.0478815422798185e-09,293.15671139623788,1074.9007381745359,99999.990271463306,100000.00784462174,-0.028922759928528861,0.028922916621908906,-0.10311632684607436,0.10311633375747871,0.99965373827065562,0.20991255096409867,0.38120898339915765,0.99796729099826109,1,0,orfoz193,6267713,58.851192832
24,FLOW_INTENSITY__BC2_NOMINAL_v010__M3_432x144__C1,FLOW_INTENSITY,FLOW,BC2_NOMINAL_v010,M3_432x144,432,144,0.1,nominal_chemistry,10000000,5,1000,1,C1,MG2W_3LEVEL,62208,432,144,216,72,108,36,3,3,40,1,2,48573,0.10000000000000001,-0.10000000000000001,3571428.571,1,2.0000000000000002e-05,1000,0.69999999999999996,1,3489.3266550280055,54.795263433000677,1.5703678345517607,0.59692580000000006,3489.951078861,48573,10781,0.22195458382228811,88,0.046082404244953648,5,9618040.0691394918,3322580.3874988668,276.4979419115698,2.8747846746734084e-05,0.15277183008677539,32343,32343,32343,32343,64686,64686,862480,150934,3.1073641735120336,0.006274669087230289,0.00019933837883416997,7.881180802732253e-09,293.07746797380213,1085.1425467922234,99999.988473425867,100000.00890503523,-0.027466060016992824,0.027469250776866436,-0.10292600788410462,0.10292632133323637,0.99984740145715156,0.20996141775701518,0.38641564674633028,0.99892779718054803,1,0,orfoz193,6267716,3490.041524992
25,FLOW_INTENSITY__BC2_NOMINAL_v010__M3_432x144__C2,FLOW_INTENSITY,FLOW,BC2_NOMINAL_v010,M3_432x144,432,144,0.1,nominal_chemistry,10000000,5,1000,2,C2,MG2W_3LEVEL,62208,432,144,216,72,108,36,3,3,40,1,2,48573,0.10000000000000001,-0.10000000000000001,3571428.571,1,2.0000000000000002e-05,1000,0.69999999999999996,1,1802.2814743089937,33.388017115000125,1.852541769470349,0.59217454700000016,1802.890637023,48573,10781,0.22195458382228811,88,0.046082404244953648,5,9618040.0691394918,3322580.3874988668,276.4979419115698,2.8747846746734084e-05,0.15277183008677539,32343,32343,32343,32343,64686,64686,862480,150934,3.1073641735120336,0.006274669087230289,0.00019933837883416835,7.8811808027322166e-09,293.07746797380213,1085.1425467922234,99999.988473425867,100000.00890503523,-0.027466060016992824,0.027469250776866436,-0.10292600788410462,0.10292632133323637,0.99984740145715156,0.20996141775701518,0.38641564674633028,0.99892779718054803,1,0,orfoz193,6267741,1802.969870592
26,FLOW_INTENSITY__BC2_NOMINAL_v010__M3_432x144__C4,FLOW_INTENSITY,FLOW,BC2_NOMINAL_v010,M3_432x144,432,144,0.1,nominal_chemistry,10000000,5,1000,4,C4,MG2W_3LEVEL,62208,432,144,216,72,108,36,3,3,40,1,2,48573,0.10000000000000001,-0.10000000000000001,3571428.571,1,2.0000000000000002e-05,1000,0.69999999999999996,1,937.95072773999698,20.919012249999991,2.2302890366538328,0.58929084900000006,938.54994096200005,48573,10781,0.22195458382228811,88,0.046082404244953648,5,9618040.0691394918,3322580.3874988668,276.4979419115698,2.8747846746734084e-05,0.15277183008677539,32343,32343,32343,32343,64686,64686,862480,150934,3.1073641735120336,0.006274669087230289,0.00019933837883416862,7.8811808027321752e-09,293.07746797380213,1085.1425467922234,99999.988473425867,100000.00890503523,-0.027466060016992824,0.027469250776866436,-0.10292600788410462,0.10292632133323637,0.99984740145715156,0.20996141775701518,0.38641564674633028,0.99892779718054803,1,0,orfoz193,6267756,938.629466368
27,FLOW_INTENSITY__BC2_NOMINAL_v010__M3_432x144__C16,FLOW_INTENSITY,FLOW,BC2_NOMINAL_v010,M3_432x144,432,144,0.1,nominal_chemistry,10000000,5,1000,16,C16,MG2W_3LEVEL,62208,432,144,216,72,108,36,3,3,40,1,2,48573,0.10000000000000001,-0.10000000000000001,3571428.571,1,2.0000000000000002e-05,1000,0.69999999999999996,1,302.87687099599668,17.321078346000029,5.7188514557220751,0.59310136499999999,303.48360370500001,48573,10781,0.22195458382228811,88,0.046082404244953648,5,9618040.0691394918,3322580.3874988668,276.4979419115698,2.8747846746734084e-05,0.15277183008677539,32343,32343,32343,32343,64686,64686,862480,150934,3.1073641735120336,0.006274669087230289,0.00019933837883416894,7.8811808027321785e-09,293.07746797380213,1085.1425467922234,99999.988473425867,100000.00890503523,-0.027466060016992824,0.027469250776866436,-0.10292600788410462,0.10292632133323637,0.99984740145715156,0.20996141775701518,0.38641564674633028,0.99892779718054803,1,0,orfoz193,6267767,303.554849280
28,FLOW_INTENSITY__BC2_NOMINAL_v010__M4_864x288__C1,FLOW_INTENSITY,FLOW,BC2_NOMINAL_v010,M4_864x288,864,288,0.1,nominal_chemistry,10000000,5,1000,1,C1,MG2W_3LEVEL,248832,864,288,432,144,216,72,3,3,40,1,2,194042,0.10000000000000001,-0.10000000000000001,3571428.571,1,2.0000000000000002e-05,1000,0.69999999999999996,1,54091.330398775062,1439.6429326599784,2.6615040193069093,2.539079493,54094.216587789,194042,83686,0.43127776460766226,302,0.03206360204993329,3,56373708.70070105,7343384.8178885505,4992.5505669140257,8.8561683841317673e-05,0.087931010012032768,251058,251058,251058,251058,502116,502116,6694880,1171604,6.0378887045072718,0.041891815995683146,0.00088007652949184136,4.2996121243720342e-08,293.04119606740875,1082.75719636859,99999.980255049406,100000.01540120125,-0.027339541210981005,0.027339287623083013,-0.10169146794564474,0.10169147499573038,0.99991854818802839,0.20997910421371732,0.3852692839228144,0.99945536202003027,1,0,orfoz182,6267768,54094.426620672
29,FLOW_INTENSITY__BC2_NOMINAL_v010__M4_864x288__C2,FLOW_INTENSITY,FLOW,BC2_NOMINAL_v010,M4_864x288,864,288,0.1,nominal_chemistry,10000000,5,1000,2,C2,MG2W_3LEVEL,248832,864,288,432,144,216,72,3,3,40,1,2,194042,0.10000000000000001,-0.10000000000000001,3571428.571,1,2.0000000000000002e-05,1000,0.69999999999999996,1,27449.90620301661,780.37824578204311,2.8429177134903409,2.3489074679999997,27452.442794012,194042,83686,0.43127776460766226,302,0.03206360204993329,3,56373708.70070105,7343384.8178885505,4992.5505669140257,8.8561683841317673e-05,0.087931010012032768,251058,251058,251058,251058,502116,502116,6694880,1171604,6.0378887045072718,0.041891815995683146,0.00088007652949182922,4.2996121243719634e-08,293.04119606740875,1082.75719636859,99999.980255049406,100000.01540120125,-0.027339541210981005,0.027339287623083013,-0.10169146794564474,0.10169147499573038,0.99991854818802839,0.20997910421371732,0.3852692839228144,0.99945536202003027,1,0,orfoz193,6267769,27452.595245568
30,FLOW_INTENSITY__BC2_NOMINAL_v010__M4_864x288__C4,FLOW_INTENSITY,FLOW,BC2_NOMINAL_v010,M4_864x288,864,288,0.1,nominal_chemistry,10000000,5,1000,4,C4,MG2W_3LEVEL,248832,864,288,432,144,216,72,3,3,40,1,2,194042,0.10000000000000001,-0.10000000000000001,3571428.571,1,2.0000000000000002e-05,1000,0.69999999999999996,1,14086.044615012113,442.97550649900171,3.144782787546359,2.3297957520000003,14088.472064434,194042,83686,0.43127776460766226,302,0.03206360204993329,3,56373708.70070105,7343384.8178885505,4992.5505669140257,8.8561683841317673e-05,0.087931010012032768,251058,251058,251058,251058,502116,502116,6694880,1171604,6.0378887045072718,0.041891815995683146,0.00088007652949182835,4.2996121243719475e-08,293.04119606740875,1082.75719636859,99999.980255049406,100000.01540120125,-0.027339541210981005,0.027339287623083013,-0.10169146794564474,0.10169147499573038,0.99991854818802839,0.20997910421371732,0.3852692839228144,0.99945536202003027,1,0,orfoz178,6268799,14088.595443200
31,FLOW_INTENSITY__BC2_NOMINAL_v010__M4_864x288__C16,FLOW_INTENSITY,FLOW,BC2_NOMINAL_v010,M4_864x288,864,288,0.1,nominal_chemistry,10000000,5,1000,16,C16,MG2W_3LEVEL,248832,864,288,432,144,216,72,3,3,40,1,2,194042,0.10000000000000001,-0.10000000000000001,3571428.571,1,2.0000000000000002e-05,1000,0.69999999999999996,1,4033.4307707899975,213.32508588100063,5.2889239459840356,2.3390258039999998,4035.8490841779999,194042,83686,0.43127776460766226,302,0.03206360204993329,3,56373708.70070105,7343384.8178885505,4992.5505669140257,8.8561683841317673e-05,0.087931010012032768,251058,251058,251058,251058,502116,502116,6694880,1171604,6.0378887045072718,0.041891815995683146,0.00088007652949182813,4.2996121243719469e-08,293.04119606740875,1082.75719636859,99999.980255049406,100000.01540120125,-0.027339541210981005,0.027339287623083013,-0.10169146794564474,0.10169147499573038,0.99991854818802839,0.20997910421371732,0.3852692839228144,0.99945536202003027,1,0,orfoz193,6268846,4036.200862464
32,FLOW_INTENSITY__BC3_HIGH_v020__M1_108x36__C1,FLOW_INTENSITY,FLOW,BC3_HIGH_v020,M1_108x36,108,36,0.2,nominal_chemistry,10000000,5,1000,1,C1,MG2W_3LEVEL,3888,108,36,54,18,27,9,3,3,40,1,2,24443,0.20000000000000001,-0.20000000000000001,3571428.571,1,2.0000000000000002e-05,1000,0.69999999999999996,1,104.54887101699994,4.1400067550000017,3.9598770553216447,0.076756507000000002,104.63008240000001,24443,12821,0.52452644929018533,8,0.061345146438827082,4,1260252.4162603053,370005.23263617838,89.287622915144311,7.0848999583827762e-05,0.12463667333301813,38463,38463,38463,38463,76926,76926,1025680,179494,7.3433702900625946,0.0046908913047190026,0.00033673623490900178,7.6505850604217261e-10,293.03369792292034,1055.9223658293733,99999.982412904981,100000.0181422067,-0.077048749473887082,0.077048165947363717,-0.18531757090467918,0.18531757609731131,0.99985764161727375,0.20996747976711336,0.37940425127647998,0.99790075455395932,1,0,orfoz250,6269034,104.779387648
33,FLOW_INTENSITY__BC3_HIGH_v020__M1_108x36__C2,FLOW_INTENSITY,FLOW,BC3_HIGH_v020,M1_108x36,108,36,0.2,nominal_chemistry,10000000,5,1000,2,C2,MG2W_3LEVEL,3888,108,36,54,18,27,9,3,3,40,1,2,24443,0.20000000000000001,-0.20000000000000001,3571428.571,1,2.0000000000000002e-05,1000,0.69999999999999996,1,60.093888959000196,5.2639400900000251,8.7595264363593,0.077115350999999999,60.173183481999999,24443,12821,0.52452644929018533,8,0.061345146438827082,4,1260252.4162603053,370005.23263617838,89.287622915144311,7.0848999583827762e-05,0.12463667333301813,38463,38463,38463,38463,76926,76926,1025680,179494,7.3433702900625946,0.0046908913047190026,0.00033673623490900118,7.650585060421752e-10,293.03369792292034,1055.9223658293733,99999.982412904981,100000.0181422067,-0.077048749473887082,0.077048165947363717,-0.18531757090467918,0.18531757609731131,0.99985764161727375,0.20996747976711336,0.37940425127647998,0.99790075455395932,1,0,orfoz250,6269039,60.261503488
34,FLOW_INTENSITY__BC3_HIGH_v020__M1_108x36__C4,FLOW_INTENSITY,FLOW,BC3_HIGH_v020,M1_108x36,108,36,0.2,nominal_chemistry,10000000,5,1000,4,C4,MG2W_3LEVEL,3888,108,36,54,18,27,9,3,3,40,1,2,24443,0.20000000000000001,-0.20000000000000001,3571428.571,1,2.0000000000000002e-05,1000,0.69999999999999996,1,38.754213214000139,6.4499943469999623,16.64333710346072,0.076684814000000004,38.835250739999999,24443,12821,0.52452644929018533,8,0.061345146438827082,4,1260252.4162603053,370005.23263617838,89.287622915144311,7.0848999583827762e-05,0.12463667333301813,38463,38463,38463,38463,76926,76926,1025680,179494,7.3433702900625946,0.0046908913047190026,0.00033673623490900129,7.6505850604217602e-10,293.03369792292034,1055.9223658293733,99999.982412904981,100000.0181422067,-0.077048749473887082,0.077048165947363717,-0.18531757090467918,0.18531757609731131,0.99985764161727375,0.20996747976711336,0.37940425127647998,0.99790075455395932,1,0,orfoz219,6269040,38.938225920
35,FLOW_INTENSITY__BC3_HIGH_v020__M1_108x36__C16,FLOW_INTENSITY,FLOW,BC3_HIGH_v020,M1_108x36,108,36,0.2,nominal_chemistry,10000000,5,1000,16,C16,MG2W_3LEVEL,3888,108,36,54,18,27,9,3,3,40,1,2,24443,0.20000000000000001,-0.20000000000000001,3571428.571,1,2.0000000000000002e-05,1000,0.69999999999999996,1,34.786005608000039,12.527627539999983,36.013412063381303,0.076926914000000013,34.866258381999998,24443,12821,0.52452644929018533,8,0.061345146438827082,4,1260252.4162603053,370005.23263617838,89.287622915144311,7.0848999583827762e-05,0.12463667333301813,38463,38463,38463,38463,76926,76926,1025680,179494,7.3433702900625946,0.0046908913047190026,0.00033673623490900145,7.6505850604217551e-10,293.03369792292034,1055.9223658293733,99999.982412904981,100000.0181422067,-0.077048749473887082,0.077048165947363717,-0.18531757090467918,0.18531757609731131,0.99985764161727375,0.20996747976711336,0.37940425127647998,0.99790075455395932,1,0,orfoz219,6269046,34.947816448
36,FLOW_INTENSITY__BC3_HIGH_v020__M2_216x72__C1,FLOW_INTENSITY,FLOW,BC3_HIGH_v020,M2_216x72,216,72,0.2,nominal_chemistry,10000000,5,1000,1,C1,MG2W_3LEVEL,15552,216,72,108,36,54,18,3,3,40,1,2,46332,0.20000000000000001,-0.20000000000000001,3571428.571,1,2.0000000000000002e-05,1000,0.69999999999999996,1,724.17038722899713,24.181823482000294,3.3392450048297158,0.20751783899999993,724.38534076999997,46332,21576,0.46568246568246568,25,0.038966320921525133,5,15020015.498646069,10933982.550900696,1058.2154802432051,7.0453687636913188e-05,0.1574559754606768,64728,64728,64728,64728,129456,129456,1726080,302064,6.5195545195545197,0.0096946078769661881,0.00043350038076898732,1.8580171629479119e-08,293.01662711445334,1029.5117943628638,99999.945143269666,100000.03785847084,-0.088963859746677157,0.088963844359642344,-0.20845047581270129,0.20845041442421997,0.99994374592010371,0.20998699132718665,0.36833029616772495,0.9989787755100219,1,0,orfoz219,6269048,724.492155392
37,FLOW_INTENSITY__BC3_HIGH_v020__M2_216x72__C2,FLOW_INTENSITY,FLOW,BC3_HIGH_v020,M2_216x72,216,72,0.2,nominal_chemistry,10000000,5,1000,2,C2,MG2W_3LEVEL,15552,216,72,108,36,54,18,3,3,40,1,2,46332,0.20000000000000001,-0.20000000000000001,3571428.571,1,2.0000000000000002e-05,1000,0.69999999999999996,1,386.60386663400186,18.11169945200006,4.6848210830613386,0.39856732900000003,387.00983821800003,46332,21576,0.46568246568246568,25,0.038966320921525133,5,15020015.498646069,10933982.550900696,1058.2154802432051,7.0453687636913188e-05,0.1574559754606768,64728,64728,64728,64728,129456,129456,1726080,302064,6.5195545195545197,0.0096946078769661881,0.0004335003807689864,1.858017162947904e-08,293.01662711445334,1029.5117943628638,99999.945143269666,100000.03785847084,-0.088963859746677157,0.088963844359642344,-0.20845047581270129,0.20845041442421997,0.99994374592010371,0.20998699132718665,0.36833029616772495,0.9989787755100219,1,0,orfoz176,6269077,387.137036544
38,FLOW_INTENSITY__BC3_HIGH_v020__M2_216x72__C4,FLOW_INTENSITY,FLOW,BC3_HIGH_v020,M2_216x72,216,72,0.2,nominal_chemistry,10000000,5,1000,4,C4,MG2W_3LEVEL,15552,216,72,108,36,54,18,3,3,40,1,2,46332,0.20000000000000001,-0.20000000000000001,3571428.571,1,2.0000000000000002e-05,1000,0.69999999999999996,1,216.15605721400129,16.177132092000054,7.4840059078169547,0.20890737800000003,216.369839141,46332,21576,0.46568246568246568,25,0.038966320921525133,5,15020015.498646069,10933982.550900696,1058.2154802432051,7.0453687636913188e-05,0.1574559754606768,64728,64728,64728,64728,129456,129456,1726080,302064,6.5195545195545197,0.0096946078769661881,0.00043350038076898678,1.8580171629479006e-08,293.01662711445334,1029.5117943628638,99999.945143269666,100000.03785847084,-0.088963859746677157,0.088963844359642344,-0.20845047581270129,0.20845041442421997,0.99994374592010371,0.20998699132718665,0.36833029616772495,0.9989787755100219,1,0,orfoz176,6269093,216.446543616
39,FLOW_INTENSITY__BC3_HIGH_v020__M2_216x72__C16,FLOW_INTENSITY,FLOW,BC3_HIGH_v020,M2_216x72,216,72,0.2,nominal_chemistry,10000000,5,1000,16,C16,MG2W_3LEVEL,15552,216,72,108,36,54,18,3,3,40,1,2,46332,0.20000000000000001,-0.20000000000000001,3571428.571,1,2.0000000000000002e-05,1000,0.69999999999999996,1,105.60247520299994,24.549328054999634,23.246924854562725,0.20875297500000001,105.818091901,46332,21576,0.46568246568246568,25,0.038966320921525133,5,15020015.498646069,10933982.550900696,1058.2154802432051,7.0453687636913188e-05,0.1574559754606768,64728,64728,64728,64728,129456,129456,1726080,302064,6.5195545195545197,0.0096946078769661881,0.00043350038076898678,1.858017162947899e-08,293.01662711445334,1029.5117943628638,99999.945143269666,100000.03785847084,-0.088963859746677157,0.088963844359642344,-0.20845047581270129,0.20845041442421997,0.99994374592010371,0.20998699132718665,0.36833029616772495,0.9989787755100219,1,0,orfoz176,6269200,105.894026240
40,FLOW_INTENSITY__BC3_HIGH_v020__M3_432x144__C1,FLOW_INTENSITY,FLOW,BC3_HIGH_v020,M3_432x144,432,144,0.2,nominal_chemistry,10000000,5,1000,1,C1,MG2W_3LEVEL,62208,432,144,216,72,108,36,3,3,40,1,2,88150,0.20000000000000001,-0.20000000000000001,3571428.571,1,2.0000000000000002e-05,1000,0.69999999999999996,1,6275.7385397649159,152.10827419999859,2.4237509774538255,0.66028704599999999,6276.4419503859999,88150,34114,0.38699943278502552,88,0.02951433932888645,5,30080341.52047649,10809078.183140371,1173.4036239418201,3.9008986089571254e-05,0.16111343363772898,102342,102342,102342,102342,204684,204684,2729120,477596,5.4179920589903574,0.014630747801263722,0.0004407612331748069,1.3679654058025662e-08,293.0075977197331,1031.0253685987559,99999.968429659377,100000.02202856838,-0.091716406914487666,0.091716406655647245,-0.20839267849504808,0.20839267849802592,0.99998132767786263,0.20999563847710537,0.37187532814727303,0.99943961177350371,1,0,orfoz176,6269202,6276.610649856
41,FLOW_INTENSITY__BC3_HIGH_v020__M3_432x144__C2,FLOW_INTENSITY,FLOW,BC3_HIGH_v020,M3_432x144,432,144,0.2,nominal_chemistry,10000000,5,1000,2,C2,MG2W_3LEVEL,62208,432,144,216,72,108,36,3,3,40,1,2,88150,0.20000000000000001,-0.20000000000000001,3571428.571,1,2.0000000000000002e-05,1000,0.69999999999999996,1,3254.0925243729776,94.022754515998116,2.8893694267072232,0.66566004299999992,3254.7851574000001,88150,34114,0.38699943278502552,88,0.02951433932888645,5,30080341.52047649,10809078.183140371,1173.4036239418201,3.9008986089571254e-05,0.16111343363772898,102342,102342,102342,102342,204684,204684,2729120,477596,5.4179920589903574,0.014630747801263722,0.00044076123317480896,1.3679654058025545e-08,293.0075977197331,1031.0253685987559,99999.968429659377,100000.02202856838,-0.091716406914487666,0.091716406655647245,-0.20839267849504808,0.20839267849802592,0.99998132767786263,0.20999563847710537,0.37187532814727303,0.99943961177350371,1,0,orfoz176,6269410,3254.921823232
42,FLOW_INTENSITY__BC3_HIGH_v020__M3_432x144__C4,FLOW_INTENSITY,FLOW,BC3_HIGH_v020,M3_432x144,432,144,0.2,nominal_chemistry,10000000,5,1000,4,C4,MG2W_3LEVEL,62208,432,144,216,72,108,36,3,3,40,1,2,88150,0.20000000000000001,-0.20000000000000001,3571428.571,1,2.0000000000000002e-05,1000,0.69999999999999996,1,1703.244083532991,60.099548734000628,3.5285341258510545,0.66496302399999996,1703.9277041949999,88150,34114,0.38699943278502552,88,0.02951433932888645,5,30080341.52047649,10809078.183140371,1173.4036239418201,3.9008986089571254e-05,0.16111343363772898,102342,102342,102342,102342,204684,204684,2729120,477596,5.4179920589903574,0.014630747801263722,0.00044076123317480912,1.367965405802561e-08,293.0075977197331,1031.0253685987559,99999.968429659377,100000.02202856838,-0.091716406914487666,0.091716406655647245,-0.20839267849504808,0.20839267849802592,0.99998132767786263,0.20999563847710537,0.37187532814727303,0.99943961177350371,1,0,orfoz178,6269432,1704.104858368
43,FLOW_INTENSITY__BC3_HIGH_v020__M3_432x144__C16,FLOW_INTENSITY,FLOW,BC3_HIGH_v020,M3_432x144,432,144,0.2,nominal_chemistry,10000000,5,1000,16,C16,MG2W_3LEVEL,62208,432,144,216,72,108,36,3,3,40,1,2,88150,0.20000000000000001,-0.20000000000000001,3571428.571,1,2.0000000000000002e-05,1000,0.69999999999999996,1,560.91236410900103,50.130780006999942,8.9373640544778787,0.65451345799999994,561.58771784400005,88150,34114,0.38699943278502552,88,0.02951433932888645,5,30080341.52047649,10809078.183140371,1173.4036239418201,3.9008986089571254e-05,0.16111343363772898,102342,102342,102342,102342,204684,204684,2729120,477596,5.4179920589903574,0.014630747801263722,0.00044076123317480934,1.3679654058025588e-08,293.0075977197331,1031.0253685987559,99999.968429659377,100000.02202856838,-0.091716406914487666,0.091716406655647245,-0.20839267849504808,0.20839267849802592,0.99998132767786263,0.20999563847710537,0.37187532814727303,0.99943961177350371,1,0,orfoz178,6269460,561.709126656
44,FLOW_INTENSITY__BC3_HIGH_v020__M4_864x288__C1,FLOW_INTENSITY,FLOW,BC3_HIGH_v020,M4_864x288,864,288,0.2,nominal_chemistry,10000000,5,1000,1,C1,MG2W_3LEVEL,248832,864,288,432,144,216,72,3,3,40,1,2,194178,0.20000000000000001,-0.20000000000000001,3571428.571,1,2.0000000000000002e-05,1000,0.69999999999999996,1,53858.486187834336,704.21785075905314,1.3075336880116828,2.327636875,53861.149316452,194178,32156,0.16560063446940437,303,0.031288215899259252,3,105950491.00963886,5268430.2127638608,5732.1351140327752,5.4102015567924958e-05,0.10285176030648326,96468,96468,96468,96468,192936,192936,2572480,450184,2.3184088825716609,0.05466259212581015,0.00357464316379032,3.3814332919081507e-07,293.00467176804307,1036.1861787121923,99999.95683896479,100000.03009562763,-0.089885321815160804,0.089885067321298598,-0.20590803732802848,0.20590805102753049,0.99999091402490214,0.20999781919210261,0.37440136857234185,0.99968938934238705,1,0,orfoz178,6269464,53861.323907840
45,FLOW_INTENSITY__BC3_HIGH_v020__M4_864x288__C2,FLOW_INTENSITY,FLOW,BC3_HIGH_v020,M4_864x288,864,288,0.2,nominal_chemistry,10000000,5,1000,2,C2,MG2W_3LEVEL,248832,864,288,432,144,216,72,3,3,40,1,2,194178,0.20000000000000001,-0.20000000000000001,3571428.571,1,2.0000000000000002e-05,1000,0.69999999999999996,1,27203.274616182411,381.54812231099271,1.4025815924529217,2.337762369,27205.799893175001,194178,32156,0.16560063446940437,303,0.031288215899259252,3,105950491.00963886,5268430.2127638608,5732.1351140327752,5.4102015567924958e-05,0.10285176030648326,96468,96468,96468,96468,192936,192936,2572480,450184,2.3184088825716609,0.05466259212581015,0.0035746431637902732,3.3814332919081359e-07,293.00467176804307,1036.1861787121923,99999.95683896479,100000.03009562763,-0.089885321815160804,0.089885067321298598,-0.20590803732802848,0.20590805102753049,0.99999091402490214,0.20999781919210261,0.37440136857234185,0.99968938934238705,1,0,orfoz176,6269474,27205.904669952
46,FLOW_INTENSITY__BC3_HIGH_v020__M4_864x288__C4,FLOW_INTENSITY,FLOW,BC3_HIGH_v020,M4_864x288,864,288,0.2,nominal_chemistry,10000000,5,1000,4,C4,MG2W_3LEVEL,248832,864,288,432,144,216,72,3,3,40,1,2,194178,0.20000000000000001,-0.20000000000000001,3571428.571,1,2.0000000000000002e-05,1000,0.69999999999999996,1,13929.199842638081,214.98070589399472,1.5433815891988742,2.3370242659999998,13931.638389084001,194178,32156,0.16560063446940437,303,0.031288215899259252,3,105950491.00963886,5268430.2127638608,5732.1351140327752,5.4102015567924958e-05,0.10285176030648326,96468,96468,96468,96468,192936,192936,2572480,450184,2.3184088825716609,0.05466259212581015,0.0035746431637902931,3.3814332919081301e-07,293.00467176804307,1036.1861787121923,99999.95683896479,100000.03009562763,-0.089885321815160804,0.089885067321298598,-0.20590803732802848,0.20590805102753049,0.99999091402490214,0.20999781919210261,0.37440136857234185,0.99968938934238705,1,0,orfoz180,6270084,13932.307277568
47,FLOW_INTENSITY__BC3_HIGH_v020__M4_864x288__C16,FLOW_INTENSITY,FLOW,BC3_HIGH_v020,M4_864x288,864,288,0.2,nominal_chemistry,10000000,5,1000,16,C16,MG2W_3LEVEL,248832,864,288,432,144,216,72,3,3,40,1,2,194178,0.20000000000000001,-0.20000000000000001,3571428.571,1,2.0000000000000002e-05,1000,0.69999999999999996,1,3962.0509220209929,96.712896256999414,2.4409806476608171,2.3373052690000002,3964.4474959170002,194178,32156,0.16560063446940437,303,0.031288215899259252,3,105950491.00963886,5268430.2127638608,5732.1351140327752,5.4102015567924958e-05,0.10285176030648326,96468,96468,96468,96468,192936,192936,2572480,450184,2.3184088825716609,0.05466259212581015,0.0035746431637903061,3.3814332919081147e-07,293.00467176804307,1036.1861787121923,99999.95683896479,100000.03009562763,-0.089885321815160804,0.089885067321298598,-0.20590803732802848,0.20590805102753049,0.99999091402490214,0.20999781919210261,0.37440136857234185,0.99968938934238705,1,0,orfoz180,6270348,3964.658318336
48,REACTION_STIFFNESS__S1_LOW_A1e7_Ta1000__M1_108x36__C1,REACTION_STIFFNESS,STIFFNESS,S1_LOW_A1e7_Ta1000,M1_108x36,108,36,0.1,low,10000000,5,1000,1,C1,MG2W_3LEVEL,3888,108,36,54,18,27,9,3,3,40,1,2,20033,0.10000000000000001,-0.10000000000000001,3571428.571,1,2.0000000000000002e-05,1000,0.69999999999999996,1,83.917690286999942,3.3125742239999787,3.9474087199861176,0.06821426600000001,83.988195863000001,20033,10200,0.50915988618779018,8,0.088397540000837632,3,377872.03174547519,28955.766399610031,22.697688431821007,6.0067129940724433e-05,0.09220380749019301,30600,30600,30600,30600,61200,61200,816000,142800,7.1282384066290616,0.002046449324232924,0.0001299637302655945,5.2273589505952229e-11,293.37417528306071,1073.7654705242978,99999.995273107008,100000.00503466239,-0.03170474914863862,0.031704749172715388,-0.091588655126538646,0.091588655124523813,0.99909755646059406,0.20977344678616713,0.3815747433805694,0.99590625248379161,1,0,orfoz176,6270365,84.143634688
49,REACTION_STIFFNESS__S1_LOW_A1e7_Ta1000__M1_108x36__C2,REACTION_STIFFNESS,STIFFNESS,S1_LOW_A1e7_Ta1000,M1_108x36,108,36,0.1,low,10000000,5,1000,2,C2,MG2W_3LEVEL,3888,108,36,54,18,27,9,3,3,40,1,2,20033,0.10000000000000001,-0.10000000000000001,3571428.571,1,2.0000000000000002e-05,1000,0.69999999999999996,1,48.695376601000021,4.267369955999996,8.7633986096174077,0.068586148,48.765565043000002,20033,10200,0.50915988618779018,8,0.088397540000837632,3,377872.03174547519,28955.766399610031,22.697688431821007,6.0067129940724433e-05,0.09220380749019301,30600,30600,30600,30600,61200,61200,816000,142800,7.1282384066290616,0.002046449324232924,0.00012996373026559482,5.2273589505952306e-11,293.37417528306071,1073.7654705242978,99999.995273107008,100000.00503466239,-0.03170474914863862,0.031704749172715388,-0.091588655126538646,0.091588655124523813,0.99909755646059406,0.20977344678616713,0.3815747433805694,0.99590625248379161,1,0,orfoz176,6270366,48.837666816
50,REACTION_STIFFNESS__S1_LOW_A1e7_Ta1000__M1_108x36__C4,REACTION_STIFFNESS,STIFFNESS,S1_LOW_A1e7_Ta1000,M1_108x36,108,36,0.1,low,10000000,5,1000,4,C4,MG2W_3LEVEL,3888,108,36,54,18,27,9,3,3,40,1,2,20033,0.10000000000000001,-0.10000000000000001,3571428.571,1,2.0000000000000002e-05,1000,0.69999999999999996,1,31.360969660000045,5.063433842999995,16.145654607925756,0.069005549999999999,31.432022702000001,20033,10200,0.50915988618779018,8,0.088397540000837632,3,377872.03174547519,28955.766399610031,22.697688431821007,6.0067129940724433e-05,0.09220380749019301,30600,30600,30600,30600,61200,61200,816000,142800,7.1282384066290616,0.002046449324232924,0.00012996373026559488,5.2273589505952106e-11,293.37417528306071,1073.7654705242978,99999.995273107008,100000.00503466239,-0.03170474914863862,0.031704749172715388,-0.091588655126538646,0.091588655124523813,0.99909755646059406,0.20977344678616713,0.3815747433805694,0.99590625248379161,1,0,orfoz176,6270368,31.510769408
51,REACTION_STIFFNESS__S1_LOW_A1e7_Ta1000__M1_108x36__C16,REACTION_STIFFNESS,STIFFNESS,S1_LOW_A1e7_Ta1000,M1_108x36,108,36,0.1,low,10000000,5,1000,16,C16,MG2W_3LEVEL,3888,108,36,54,18,27,9,3,3,40,1,2,20033,0.10000000000000001,-0.10000000000000001,3571428.571,1,2.0000000000000002e-05,1000,0.69999999999999996,1,27.85914907299998,9.8629040750000083,35.402747044269049,0.069082730000000009,27.932289843,20033,10200,0.50915988618779018,8,0.088397540000837632,3,377872.03174547519,28955.766399610031,22.697688431821007,6.0067129940724433e-05,0.09220380749019301,30600,30600,30600,30600,61200,61200,816000,142800,7.1282384066290616,0.002046449324232924,0.00012996373026559474,5.2273589505952222e-11,293.37417528306071,1073.7654705242978,99999.995273107008,100000.00503466239,-0.03170474914863862,0.031704749172715388,-0.091588655126538646,0.091588655124523813,0.99909755646059406,0.20977344678616713,0.3815747433805694,0.99590625248379161,1,0,orfoz208,6270370,28.022959872
52,REACTION_STIFFNESS__S1_LOW_A1e7_Ta1000__M2_216x72__C1,REACTION_STIFFNESS,STIFFNESS,S1_LOW_A1e7_Ta1000,M2_216x72,216,72,0.1,low,10000000,5,1000,1,C1,MG2W_3LEVEL,15552,216,72,108,36,54,18,3,3,40,1,2,22254,0.10000000000000001,-0.10000000000000001,3571428.571,1,2.0000000000000002e-05,1000,0.69999999999999996,1,412.0175164660015,12.204582450999949,2.9621513560108643,0.16613028099999999,412.18814860999998,22254,11023,0.49532668284353376,25,0.031054526273286191,5,2618315.422484172,1406372.0360460882,123.82559819804737,4.7292086023984723e-05,0.15450482357524953,33069,33069,33069,33069,66138,66138,881840,154322,6.9345735598094729,0.0041349033154978176,0.00018274524582233972,1.0478815422798174e-09,293.15671139623788,1074.9007381745359,99999.990271463306,100000.00784462174,-0.028922759928528861,0.028922916621908906,-0.10311632684607436,0.10311633375747871,0.99965373827065562,0.20991255096409867,0.38120898339915765,0.99796729099826109,1,0,orfoz176,6270371,412.276543488
53,REACTION_STIFFNESS__S1_LOW_A1e7_Ta1000__M2_216x72__C2,REACTION_STIFFNESS,STIFFNESS,S1_LOW_A1e7_Ta1000,M2_216x72,216,72,0.1,low,10000000,5,1000,2,C2,MG2W_3LEVEL,15552,216,72,108,36,54,18,3,3,40,1,2,22254,0.10000000000000001,-0.10000000000000001,3571428.571,1,2.0000000000000002e-05,1000,0.69999999999999996,1,219.65610464700106,9.2599167070000252,4.2156427757294521,0.16814553600000001,219.82784176800001,22254,11023,0.49532668284353376,25,0.031054526273286191,5,2618315.422484172,1406372.0360460882,123.82559819804737,4.7292086023984723e-05,0.15450482357524953,33069,33069,33069,33069,66138,66138,881840,154322,6.9345735598094729,0.0041349033154978176,0.00018274524582233905,1.0478815422798195e-09,293.15671139623788,1074.9007381745359,99999.990271463306,100000.00784462174,-0.028922759928528861,0.028922916621908906,-0.10311632684607436,0.10311633375747871,0.99965373827065562,0.20991255096409867,0.38120898339915765,0.99796729099826109,1,0,orfoz176,6270375,219.914840064
54,REACTION_STIFFNESS__S1_LOW_A1e7_Ta1000__M2_216x72__C4,REACTION_STIFFNESS,STIFFNESS,S1_LOW_A1e7_Ta1000,M2_216x72,216,72,0.1,low,10000000,5,1000,4,C4,MG2W_3LEVEL,15552,216,72,108,36,54,18,3,3,40,1,2,22254,0.10000000000000001,-0.10000000000000001,3571428.571,1,2.0000000000000002e-05,1000,0.69999999999999996,1,122.43593533500027,8.1294603119999564,6.6397665765011888,0.16744199000000001,122.60687653399999,22254,11023,0.49532668284353376,25,0.031054526273286191,5,2618315.422484172,1406372.0360460882,123.82559819804737,4.7292086023984723e-05,0.15450482357524953,33069,33069,33069,33069,66138,66138,881840,154322,6.9345735598094729,0.0041349033154978176,0.00018274524582233924,1.0478815422798197e-09,293.15671139623788,1074.9007381745359,99999.990271463306,100000.00784462174,-0.028922759928528861,0.028922916621908906,-0.10311632684607436,0.10311633375747871,0.99965373827065562,0.20991255096409867,0.38120898339915765,0.99796729099826109,1,0,orfoz176,6270379,122.694565376
55,REACTION_STIFFNESS__S1_LOW_A1e7_Ta1000__M2_216x72__C16,REACTION_STIFFNESS,STIFFNESS,S1_LOW_A1e7_Ta1000,M2_216x72,216,72,0.1,low,10000000,5,1000,16,C16,MG2W_3LEVEL,15552,216,72,108,36,54,18,3,3,40,1,2,22254,0.10000000000000001,-0.10000000000000001,3571428.571,1,2.0000000000000002e-05,1000,0.69999999999999996,1,58.705893062000222,12.39602830099988,21.11547521797895,0.16681425799999999,58.877198741000001,22254,11023,0.49532668284353376,25,0.031054526273286191,5,2618315.422484172,1406372.0360460882,123.82559819804737,4.7292086023984723e-05,0.15450482357524953,33069,33069,33069,33069,66138,66138,881840,154322,6.9345735598094729,0.0041349033154978176,0.00018274524582233951,1.0478815422798187e-09,293.15671139623788,1074.9007381745359,99999.990271463306,100000.00784462174,-0.028922759928528861,0.028922916621908906,-0.10311632684607436,0.10311633375747871,0.99965373827065562,0.20991255096409867,0.38120898339915765,0.99796729099826109,1,0,orfoz176,6270380,58.985531136
56,REACTION_STIFFNESS__S1_LOW_A1e7_Ta1000__M3_432x144__C1,REACTION_STIFFNESS,STIFFNESS,S1_LOW_A1e7_Ta1000,M3_432x144,432,144,0.1,low,10000000,5,1000,1,C1,MG2W_3LEVEL,62208,432,144,216,72,108,36,3,3,40,1,2,48573,0.10000000000000001,-0.10000000000000001,3571428.571,1,2.0000000000000002e-05,1000,0.69999999999999996,1,3487.958682264968,54.828512887000365,1.5719369947179676,0.58412956999999999,3488.5705059080001,48573,10781,0.22195458382228811,88,0.046082404244953648,5,9618040.0691394918,3322580.3874988668,276.4979419115698,2.8747846746734084e-05,0.15277183008677539,32343,32343,32343,32343,64686,64686,862480,150934,3.1073641735120336,0.006274669087230289,0.00019933837883416997,7.881180802732253e-09,293.07746797380213,1085.1425467922234,99999.988473425867,100000.00890503523,-0.027466060016992824,0.027469250776866436,-0.10292600788410462,0.10292632133323637,0.99984740145715156,0.20996141775701518,0.38641564674633028,0.99892779718054803,1,0,orfoz176,6270381,3488.720314368
57,REACTION_STIFFNESS__S1_LOW_A1e7_Ta1000__M3_432x144__C2,REACTION_STIFFNESS,STIFFNESS,S1_LOW_A1e7_Ta1000,M3_432x144,432,144,0.1,low,10000000,5,1000,2,C2,MG2W_3LEVEL,62208,432,144,216,72,108,36,3,3,40,1,2,48573,0.10000000000000001,-0.10000000000000001,3571428.571,1,2.0000000000000002e-05,1000,0.69999999999999996,1,1801.3801083850256,33.036465273000012,1.8339530407392965,0.60355207300000002,1802.0007858209999,48573,10781,0.22195458382228811,88,0.046082404244953648,5,9618040.0691394918,3322580.3874988668,276.4979419115698,2.8747846746734084e-05,0.15277183008677539,32343,32343,32343,32343,64686,64686,862480,150934,3.1073641735120336,0.006274669087230289,0.00019933837883416835,7.8811808027322166e-09,293.07746797380213,1085.1425467922234,99999.988473425867,100000.00890503523,-0.027466060016992824,0.027469250776866436,-0.10292600788410462,0.10292632133323637,0.99984740145715156,0.20996141775701518,0.38641564674633028,0.99892779718054803,1,0,orfoz180,6270385,1802.143902208
58,REACTION_STIFFNESS__S1_LOW_A1e7_Ta1000__M3_432x144__C4,REACTION_STIFFNESS,STIFFNESS,S1_LOW_A1e7_Ta1000,M3_432x144,432,144,0.1,low,10000000,5,1000,4,C4,MG2W_3LEVEL,62208,432,144,216,72,108,36,3,3,40,1,2,48573,0.10000000000000001,-0.10000000000000001,3571428.571,1,2.0000000000000002e-05,1000,0.69999999999999996,1,937.26850330700529,20.865559918000137,2.2262094420520131,0.585892937,937.86684271299998,48573,10781,0.22195458382228811,88,0.046082404244953648,5,9618040.0691394918,3322580.3874988668,276.4979419115698,2.8747846746734084e-05,0.15277183008677539,32343,32343,32343,32343,64686,64686,862480,150934,3.1073641735120336,0.006274669087230289,0.00019933837883416862,7.8811808027321752e-09,293.07746797380213,1085.1425467922234,99999.988473425867,100000.00890503523,-0.027466060016992824,0.027469250776866436,-0.10292600788410462,0.10292632133323637,0.99984740145715156,0.20996141775701518,0.38641564674633028,0.99892779718054803,1,0,orfoz180,6270434,937.987899392
59,REACTION_STIFFNESS__S1_LOW_A1e7_Ta1000__M3_432x144__C16,REACTION_STIFFNESS,STIFFNESS,S1_LOW_A1e7_Ta1000,M3_432x144,432,144,0.1,low,10000000,5,1000,16,C16,MG2W_3LEVEL,62208,432,144,216,72,108,36,3,3,40,1,2,48573,0.10000000000000001,-0.10000000000000001,3571428.571,1,2.0000000000000002e-05,1000,0.69999999999999996,1,302.96417177300123,17.171208846000056,5.6677358070134272,0.59335634900000001,303.56926480800001,48573,10781,0.22195458382228811,88,0.046082404244953648,5,9618040.0691394918,3322580.3874988668,276.4979419115698,2.8747846746734084e-05,0.15277183008677539,32343,32343,32343,32343,64686,64686,862480,150934,3.1073641735120336,0.006274669087230289,0.00019933837883416894,7.8811808027321785e-09,293.07746797380213,1085.1425467922234,99999.988473425867,100000.00890503523,-0.027466060016992824,0.027469250776866436,-0.10292600788410462,0.10292632133323637,0.99984740145715156,0.20996141775701518,0.38641564674633028,0.99892779718054803,1,0,orfoz180,6270463,303.714958080
60,REACTION_STIFFNESS__S1_LOW_A1e7_Ta1000__M4_864x288__C1,REACTION_STIFFNESS,STIFFNESS,S1_LOW_A1e7_Ta1000,M4_864x288,864,288,0.1,low,10000000,5,1000,1,C1,MG2W_3LEVEL,248832,864,288,432,144,216,72,3,3,40,1,2,194042,0.10000000000000001,-0.10000000000000001,3571428.571,1,2.0000000000000002e-05,1000,0.69999999999999996,1,54175.467383684452,1430.6506276920968,2.6407720999615285,2.3475427280000001,54178.151384800003,194042,83686,0.43127776460766226,302,0.03206360204993329,3,56373708.70070105,7343384.8178885505,4992.5505669140257,8.8561683841317673e-05,0.087931010012032768,251058,251058,251058,251058,502116,502116,6694880,1171604,6.0378887045072718,0.041891815995683146,0.00088007652949184136,4.2996121243720342e-08,293.04119606740875,1082.75719636859,99999.980255049406,100000.01540120125,-0.027339541210981005,0.027339287623083013,-0.10169146794564474,0.10169147499573038,0.99991854818802839,0.20997910421371732,0.3852692839228144,0.99945536202003027,1,0,orfoz176,6270466,54178.305772032
61,REACTION_STIFFNESS__S1_LOW_A1e7_Ta1000__M4_864x288__C2,REACTION_STIFFNESS,STIFFNESS,S1_LOW_A1e7_Ta1000,M4_864x288,864,288,0.1,low,10000000,5,1000,2,C2,MG2W_3LEVEL,248832,864,288,432,144,216,72,3,3,40,1,2,194042,0.10000000000000001,-0.10000000000000001,3571428.571,1,2.0000000000000002e-05,1000,0.69999999999999996,1,27452.475041806789,776.96068200397622,2.8302026714194599,2.3418045569999997,27454.994202509999,194042,83686,0.43127776460766226,302,0.03206360204993329,3,56373708.70070105,7343384.8178885505,4992.5505669140257,8.8561683841317673e-05,0.087931010012032768,251058,251058,251058,251058,502116,502116,6694880,1171604,6.0378887045072718,0.041891815995683146,0.00088007652949182922,4.2996121243719634e-08,293.04119606740875,1082.75719636859,99999.980255049406,100000.01540120125,-0.027339541210981005,0.027339287623083013,-0.10169146794564474,0.10169147499573038,0.99991854818802839,0.20997910421371732,0.3852692839228144,0.99945536202003027,1,0,orfoz180,6270468,27455.147090688
62,REACTION_STIFFNESS__S1_LOW_A1e7_Ta1000__M4_864x288__C4,REACTION_STIFFNESS,STIFFNESS,S1_LOW_A1e7_Ta1000,M4_864x288,864,288,0.1,low,10000000,5,1000,4,C4,MG2W_3LEVEL,248832,864,288,432,144,216,72,3,3,40,1,2,194042,0.10000000000000001,-0.10000000000000001,3571428.571,1,2.0000000000000002e-05,1000,0.69999999999999996,1,14085.308662957988,442.60721135299968,3.1423323545403217,2.3438733229999995,14087.752331498001,194042,83686,0.43127776460766226,302,0.03206360204993329,3,56373708.70070105,7343384.8178885505,4992.5505669140257,8.8561683841317673e-05,0.087931010012032768,251058,251058,251058,251058,502116,502116,6694880,1171604,6.0378887045072718,0.041891815995683146,0.00088007652949182824,4.2996121243719475e-08,293.04119606740875,1082.75719636859,99999.980255049406,100000.01540120125,-0.027339541210981005,0.027339287623083013,-0.10169146794564474,0.10169147499573038,0.99991854818802839,0.20997910421371732,0.3852692839228144,0.99945536202003027,1,0,orfoz178,6271064,14088.125055744
63,REACTION_STIFFNESS__S1_LOW_A1e7_Ta1000__M4_864x288__C16,REACTION_STIFFNESS,STIFFNESS,S1_LOW_A1e7_Ta1000,M4_864x288,864,288,0.1,low,10000000,5,1000,16,C16,MG2W_3LEVEL,248832,864,288,432,144,216,72,3,3,40,1,2,194042,0.10000000000000001,-0.10000000000000001,3571428.571,1,2.0000000000000002e-05,1000,0.69999999999999996,1,4056.7815579409726,217.2717451569973,5.3557664383406935,3.1040186350000001,4059.942504615,194042,83686,0.43127776460766226,302,0.03206360204993329,3,56373708.70070105,7343384.8178885505,4992.5505669140257,8.8561683841317673e-05,0.087931010012032768,251058,251058,251058,251058,502116,502116,6694880,1171604,6.0378887045072718,0.041891815995683146,0.00088007652949182813,4.2996121243719475e-08,293.04119606740875,1082.75719636859,99999.980255049406,100000.01540120125,-0.027339541210981005,0.027339287623083013,-0.10169146794564474,0.10169147499573038,0.99991854818802839,0.20997910421371732,0.3852692839228144,0.99945536202003027,1,0,orfoz191,6271383,4060.104504576
64,REACTION_STIFFNESS__S2_INTERMEDIATE_A1e8_Ta500__M1_108x36__C1,REACTION_STIFFNESS,STIFFNESS,S2_INTERMEDIATE_A1e8_Ta500,M1_108x36,108,36,0.1,intermediate,100000000,5,500,1,C1,MG2W_3LEVEL,3888,108,36,54,18,27,9,3,3,40,1,2,20033,0.10000000000000001,-0.10000000000000001,3571428.571,1,2.0000000000000002e-05,1000,0.69999999999999996,1,82.848850646000116,3.3023438760000015,3.9859863477290576,0.069382955999999996,82.920166266999999,20033,10200,0.50915988618779018,8,0.088397540000837632,3,377872.03174547519,28955.766399610031,22.697688431821007,6.0067129940724433e-05,0.09220380749019301,30600,30600,30600,30600,61200,61200,816000,142800,7.1282384066290616,0.002046449324232924,0.0001299637302655945,5.2273589505952229e-11,293.37417528315854,1073.7654705401601,99999.995273107008,100000.00503466239,-0.03170474914863862,0.031704749172715388,-0.091588655126538646,0.091588655124523813,0.99909755646059839,0.20977344678616891,0.38157474338067526,0.99590625248373943,1,0,orfoz191,6271647,83.029008384
65,REACTION_STIFFNESS__S2_INTERMEDIATE_A1e8_Ta500__M1_108x36__C2,REACTION_STIFFNESS,STIFFNESS,S2_INTERMEDIATE_A1e8_Ta500,M1_108x36,108,36,0.1,intermediate,100000000,5,500,2,C2,MG2W_3LEVEL,3888,108,36,54,18,27,9,3,3,40,1,2,20033,0.10000000000000001,-0.10000000000000001,3571428.571,1,2.0000000000000002e-05,1000,0.69999999999999996,1,47.763241682999926,4.0745698880000125,8.5307649657503219,0.069792047999999995,47.834702057000001,20033,10200,0.50915988618779018,8,0.088397540000837632,3,377872.03174547519,28955.766399610031,22.697688431821007,6.0067129940724433e-05,0.09220380749019301,30600,30600,30600,30600,61200,61200,816000,142800,7.1282384066290616,0.002046449324232924,0.00012996373026559482,5.2273589505952306e-11,293.37417528315854,1073.7654705401601,99999.995273107008,100000.00503466239,-0.03170474914863862,0.031704749172715388,-0.091588655126538646,0.091588655124523813,0.99909755646059839,0.20977344678616891,0.38157474338067526,0.99590625248373943,1,0,orfoz191,6271650,47.979373824
66,REACTION_STIFFNESS__S2_INTERMEDIATE_A1e8_Ta500__M1_108x36__C4,REACTION_STIFFNESS,STIFFNESS,S2_INTERMEDIATE_A1e8_Ta500,M1_108x36,108,36,0.1,intermediate,100000000,5,500,4,C4,MG2W_3LEVEL,3888,108,36,54,18,27,9,3,3,40,1,2,20033,0.10000000000000001,-0.10000000000000001,3571428.571,1,2.0000000000000002e-05,1000,0.69999999999999996,1,30.972106943000139,5.0647394600000126,16.352582887954515,0.069686397000000011,31.044104656999998,20033,10200,0.50915988618779018,8,0.088397540000837632,3,377872.03174547519,28955.766399610031,22.697688431821007,6.0067129940724433e-05,0.09220380749019301,30600,30600,30600,30600,61200,61200,816000,142800,7.1282384066290616,0.002046449324232924,0.00012996373026559488,5.2273589505952106e-11,293.37417528315854,1073.7654705401601,99999.995273107008,100000.00503466239,-0.03170474914863862,0.031704749172715388,-0.091588655126538646,0.091588655124523813,0.99909755646059839,0.20977344678616891,0.38157474338067526,0.99590625248373943,1,0,orfoz191,6271651,31.194415360
67,REACTION_STIFFNESS__S2_INTERMEDIATE_A1e8_Ta500__M1_108x36__C16,REACTION_STIFFNESS,STIFFNESS,S2_INTERMEDIATE_A1e8_Ta500,M1_108x36,108,36,0.1,intermediate,100000000,5,500,16,C16,MG2W_3LEVEL,3888,108,36,54,18,27,9,3,3,40,1,2,20033,0.10000000000000001,-0.10000000000000001,3571428.571,1,2.0000000000000002e-05,1000,0.69999999999999996,1,27.339609113000151,9.6719627999999638,35.377107112335729,0.069396825999999995,27.413019034000001,20033,10200,0.50915988618779018,8,0.088397540000837632,3,377872.03174547519,28955.766399610031,22.697688431821007,6.0067129940724433e-05,0.09220380749019301,30600,30600,30600,30600,61200,61200,816000,142800,7.1282384066290616,0.002046449324232924,0.00012996373026559474,5.2273589505952229e-11,293.37417528315854,1073.7654705401601,99999.995273107008,100000.00503466239,-0.03170474914863862,0.031704749172715388,-0.091588655126538646,0.091588655124523813,0.99909755646059839,0.20977344678616891,0.38157474338067526,0.99590625248373943,1,0,orfoz191,6271654,27.560691200
68,REACTION_STIFFNESS__S2_INTERMEDIATE_A1e8_Ta500__M2_216x72__C1,REACTION_STIFFNESS,STIFFNESS,S2_INTERMEDIATE_A1e8_Ta500,M2_216x72,216,72,0.1,intermediate,100000000,5,500,1,C1,MG2W_3LEVEL,15552,216,72,108,36,54,18,3,3,40,1,2,22254,0.10000000000000001,-0.10000000000000001,3571428.571,1,2.0000000000000002e-05,1000,0.69999999999999996,1,399.43389669400176,12.215161526000042,3.0581184088534759,0.16988609000000002,399.608203119,22254,11023,0.49532668284353376,25,0.031054526273286191,5,2618315.422484172,1406372.0360460882,123.82559819804737,4.7292086023984723e-05,0.15450482357524953,33069,33069,33069,33069,66138,66138,881840,154322,6.9345735598094729,0.0041349033154978176,0.00018274524582233972,1.0478815422798174e-09,293.15671139631127,1074.9007381993047,99999.990271463306,100000.00784462174,-0.028922759928528861,0.028922916621908906,-0.10311632684607436,0.10311633375747871,0.99965373827065573,0.20991255096409797,0.38120898339902354,0.99796729099824777,1,0,orfoz191,6271655,399.749330432
69,REACTION_STIFFNESS__S2_INTERMEDIATE_A1e8_Ta500__M2_216x72__C2,REACTION_STIFFNESS,STIFFNESS,S2_INTERMEDIATE_A1e8_Ta500,M2_216x72,216,72,0.1,intermediate,100000000,5,500,2,C2,MG2W_3LEVEL,15552,216,72,108,36,54,18,3,3,40,1,2,22254,0.10000000000000001,-0.10000000000000001,3571428.571,1,2.0000000000000002e-05,1000,0.69999999999999996,1,213.17336425000039,9.2047484609999817,4.3179636880924095,0.16984254400000004,213.346892354,22254,11023,0.49532668284353376,25,0.031054526273286191,5,2618315.422484172,1406372.0360460882,123.82559819804737,4.7292086023984723e-05,0.15450482357524953,33069,33069,33069,33069,66138,66138,881840,154322,6.9345735598094729,0.0041349033154978176,0.00018274524582233905,1.0478815422798195e-09,293.15671139631127,1074.9007381993047,99999.990271463306,100000.00784462174,-0.028922759928528861,0.028922916621908906,-0.10311632684607436,0.10311633375747871,0.99965373827065573,0.20991255096409797,0.38120898339902354,0.99796729099824777,1,0,orfoz191,6271680,213.501052416
70,REACTION_STIFFNESS__S2_INTERMEDIATE_A1e8_Ta500__M2_216x72__C4,REACTION_STIFFNESS,STIFFNESS,S2_INTERMEDIATE_A1e8_Ta500,M2_216x72,216,72,0.1,intermediate,100000000,5,500,4,C4,MG2W_3LEVEL,15552,216,72,108,36,54,18,3,3,40,1,2,22254,0.10000000000000001,-0.10000000000000001,3571428.571,1,2.0000000000000002e-05,1000,0.69999999999999996,1,119.1069427959992,7.9395049010000154,6.6658623877185965,0.17005597100000003,119.279864413,22254,11023,0.49532668284353376,25,0.031054526273286191,5,2618315.422484172,1406372.0360460882,123.82559819804737,4.7292086023984723e-05,0.15450482357524953,33069,33069,33069,33069,66138,66138,881840,154322,6.9345735598094729,0.0041349033154978176,0.00018274524582233924,1.0478815422798197e-09,293.15671139631127,1074.9007381993047,99999.990271463306,100000.00784462174,-0.028922759928528861,0.028922916621908906,-0.10311632684607436,0.10311633375747871,0.99965373827065573,0.20991255096409797,0.38120898339902354,0.99796729099824777,1,0,orfoz191,6271690,119.463088384
71,REACTION_STIFFNESS__S2_INTERMEDIATE_A1e8_Ta500__M2_216x72__C16,REACTION_STIFFNESS,STIFFNESS,S2_INTERMEDIATE_A1e8_Ta500,M2_216x72,216,72,0.1,intermediate,100000000,5,500,16,C16,MG2W_3LEVEL,15552,216,72,108,36,54,18,3,3,40,1,2,22254,0.10000000000000001,-0.10000000000000001,3571428.571,1,2.0000000000000002e-05,1000,0.69999999999999996,1,58.170370639999746,12.359680618999919,21.247381584502094,0.17027082600000001,58.344926987999997,22254,11023,0.49532668284353376,25,0.031054526273286191,5,2618315.422484172,1406372.0360460882,123.82559819804737,4.7292086023984723e-05,0.15450482357524953,33069,33069,33069,33069,66138,66138,881840,154322,6.9345735598094729,0.0041349033154978176,0.00018274524582233945,1.0478815422798185e-09,293.15671139631127,1074.9007381993047,99999.990271463306,100000.00784462174,-0.028922759928528861,0.028922916621908906,-0.10311632684607436,0.10311633375747871,0.99965373827065573,0.20991255096409797,0.38120898339902354,0.99796729099824777,1,0,orfoz191,6271701,58.483340288
72,REACTION_STIFFNESS__S2_INTERMEDIATE_A1e8_Ta500__M3_432x144__C1,REACTION_STIFFNESS,STIFFNESS,S2_INTERMEDIATE_A1e8_Ta500,M3_432x144,432,144,0.1,intermediate,100000000,5,500,1,C1,MG2W_3LEVEL,62208,432,144,216,72,108,36,3,3,40,1,2,48573,0.10000000000000001,-0.10000000000000001,3571428.571,1,2.0000000000000002e-05,1000,0.69999999999999996,1,3360.5944987750045,55.104426921999362,1.6397225830752831,0.59768782199999992,3361.2205102500002,48573,10781,0.22195458382228811,88,0.046082404244953648,5,9618040.0691394918,3322580.3874988668,276.4979419115698,2.8747846746734084e-05,0.15277183008677539,32343,32343,32343,32343,64686,64686,862480,150934,3.1073641735120336,0.006274669087230289,0.00019933837883416997,7.881180802732253e-09,293.07746797384658,1085.1425468131056,99999.988473425867,100000.00890503523,-0.027466060016992824,0.027469250776866436,-0.10292600788410462,0.10292632133323637,0.99984740145715123,0.2099614177570148,0.38641564674574663,0.99892779718054181,1,0,orfoz191,6271707,3361.739844864
73,REACTION_STIFFNESS__S2_INTERMEDIATE_A1e8_Ta500__M3_432x144__C2,REACTION_STIFFNESS,STIFFNESS,S2_INTERMEDIATE_A1e8_Ta500,M3_432x144,432,144,0.1,intermediate,100000000,5,500,2,C2,MG2W_3LEVEL,62208,432,144,216,72,108,36,3,3,40,1,2,48573,0.10000000000000001,-0.10000000000000001,3571428.571,1,2.0000000000000002e-05,1000,0.69999999999999996,1,1737.6140875319952,33.223487794999954,1.912017635756432,0.58762864199999998,1738.2182543429999,48573,10781,0.22195458382228811,88,0.046082404244953648,5,9618040.0691394918,3322580.3874988668,276.4979419115698,2.8747846746734084e-05,0.15277183008677539,32343,32343,32343,32343,64686,64686,862480,150934,3.1073641735120336,0.006274669087230289,0.00019933837883416835,7.8811808027322166e-09,293.07746797384658,1085.1425468131056,99999.988473425867,100000.00890503523,-0.027466060016992824,0.027469250776866436,-0.10292600788410462,0.10292632133323637,0.99984740145715123,0.2099614177570148,0.38641564674574663,0.99892779718054181,1,0,orfoz178,6271843,1738.349659648
74,REACTION_STIFFNESS__S2_INTERMEDIATE_A1e8_Ta500__M3_432x144__C4,REACTION_STIFFNESS,STIFFNESS,S2_INTERMEDIATE_A1e8_Ta500,M3_432x144,432,144,0.1,intermediate,100000000,5,500,4,C4,MG2W_3LEVEL,62208,432,144,216,72,108,36,3,3,40,1,2,48573,0.10000000000000001,-0.10000000000000001,3571428.571,1,2.0000000000000002e-05,1000,0.69999999999999996,1,911.64747997299764,21.109823211000208,2.3155686462957661,0.61495099200000003,912.27298639100002,48573,10781,0.22195458382228811,88,0.046082404244953648,5,9618040.0691394918,3322580.3874988668,276.4979419115698,2.8747846746734084e-05,0.15277183008677539,32343,32343,32343,32343,64686,64686,862480,150934,3.1073641735120336,0.006274669087230289,0.00019933837883416862,7.8811808027321752e-09,293.07746797384658,1085.1425468131056,99999.988473425867,100000.00890503523,-0.027466060016992824,0.027469250776866436,-0.10292600788410462,0.10292632133323637,0.99984740145715123,0.2099614177570148,0.38641564674574663,0.99892779718054181,1,0,orfoz191,6271863,912.417696768
75,REACTION_STIFFNESS__S2_INTERMEDIATE_A1e8_Ta500__M3_432x144__C16,REACTION_STIFFNESS,STIFFNESS,S2_INTERMEDIATE_A1e8_Ta500,M3_432x144,432,144,0.1,intermediate,100000000,5,500,16,C16,MG2W_3LEVEL,62208,432,144,216,72,108,36,3,3,40,1,2,48573,0.10000000000000001,-0.10000000000000001,3571428.571,1,2.0000000000000002e-05,1000,0.69999999999999996,1,293.23319426200203,17.246787365999978,5.8815944795765791,0.59800710999999995,293.84112236999999,48573,10781,0.22195458382228811,88,0.046082404244953648,5,9618040.0691394918,3322580.3874988668,276.4979419115698,2.8747846746734084e-05,0.15277183008677539,32343,32343,32343,32343,64686,64686,862480,150934,3.1073641735120336,0.006274669087230289,0.00019933837883416894,7.8811808027321785e-09,293.07746797384658,1085.1425468131056,99999.988473425867,100000.00890503523,-0.027466060016992824,0.027469250776866436,-0.10292600788410462,0.10292632133323637,0.99984740145715123,0.2099614177570148,0.38641564674574663,0.99892779718054181,1,0,orfoz191,6271878,293.927230720
76,REACTION_STIFFNESS__S2_INTERMEDIATE_A1e8_Ta500__M4_864x288__C1,REACTION_STIFFNESS,STIFFNESS,S2_INTERMEDIATE_A1e8_Ta500,M4_864x288,864,288,0.1,intermediate,100000000,5,500,1,C1,MG2W_3LEVEL,248832,864,288,432,144,216,72,3,3,40,1,2,194042,0.10000000000000001,-0.10000000000000001,3571428.571,1,2.0000000000000002e-05,1000,0.69999999999999996,1,52588.97609538526,1432.1138318310577,2.7232206027999224,2.3455356099999998,52591.658468813002,194042,83686,0.43127776460766226,302,0.03206360204993329,3,56373708.70070105,7343384.8178885505,4992.5505669140257,8.8561683841317673e-05,0.087931010012032768,251058,251058,251058,251058,502116,502116,6694880,1171604,6.0378887045072718,0.041891815995683146,0.00088007652949184136,4.2996121243720342e-08,293.04119606748191,1082.7571964154768,99999.980255049406,100000.01540120125,-0.027339541210981005,0.027339287623083013,-0.10169146794564474,0.10169147499573038,0.99991854818802439,0.20997910421372515,0.38526928395977444,0.99945536201988827,1,0,orfoz178,6271882,52591.839336448
77,REACTION_STIFFNESS__S2_INTERMEDIATE_A1e8_Ta500__M4_864x288__C2,REACTION_STIFFNESS,STIFFNESS,S2_INTERMEDIATE_A1e8_Ta500,M4_864x288,864,288,0.1,intermediate,100000000,5,500,2,C2,MG2W_3LEVEL,248832,864,288,432,144,216,72,3,3,40,1,2,194042,0.10000000000000001,-0.10000000000000001,3571428.571,1,2.0000000000000002e-05,1000,0.69999999999999996,1,26650.743528619489,782.47159463301455,2.9360216302886268,2.3915432190000003,26653.320334079999,194042,83686,0.43127776460766226,302,0.03206360204993329,3,56373708.70070105,7343384.8178885505,4992.5505669140257,8.8561683841317673e-05,0.087931010012032768,251058,251058,251058,251058,502116,502116,6694880,1171604,6.0378887045072718,0.041891815995683146,0.00088007652949182922,4.2996121243719634e-08,293.04119606748191,1082.7571964154768,99999.980255049406,100000.01540120125,-0.027339541210981005,0.027339287623083013,-0.10169146794564474,0.10169147499573038,0.99991854818802439,0.20997910421372515,0.38526928395977444,0.99945536201988827,1,0,orfoz191,6271908,26653.481758464
78,REACTION_STIFFNESS__S2_INTERMEDIATE_A1e8_Ta500__M4_864x288__C4,REACTION_STIFFNESS,STIFFNESS,S2_INTERMEDIATE_A1e8_Ta500,M4_864x288,864,288,0.1,intermediate,100000000,5,500,4,C4,MG2W_3LEVEL,248832,864,288,432,144,216,72,3,3,40,1,2,194042,0.10000000000000001,-0.10000000000000001,3571428.571,1,2.0000000000000002e-05,1000,0.69999999999999996,1,13675.604079117607,443.69287117098861,3.2444114980522092,2.341135457,13678.049208955001,194042,83686,0.43127776460766226,302,0.03206360204993329,3,56373708.70070105,7343384.8178885505,4992.5505669140257,8.8561683841317673e-05,0.087931010012032768,251058,251058,251058,251058,502116,502116,6694880,1171604,6.0378887045072718,0.041891815995683146,0.00088007652949182824,4.2996121243719475e-08,293.04119606748191,1082.7571964154768,99999.980255049406,100000.01540120125,-0.027339541210981005,0.027339287623083013,-0.10169146794564474,0.10169147499573038,0.99991854818802439,0.20997910421372515,0.38526928395977444,0.99945536201988827,1,0,orfoz208,6273106,13678.258330880
79,REACTION_STIFFNESS__S2_INTERMEDIATE_A1e8_Ta500__M4_864x288__C16,REACTION_STIFFNESS,STIFFNESS,S2_INTERMEDIATE_A1e8_Ta500,M4_864x288,864,288,0.1,intermediate,100000000,5,500,16,C16,MG2W_3LEVEL,248832,864,288,432,144,216,72,3,3,40,1,2,194042,0.10000000000000001,-0.10000000000000001,3571428.571,1,2.0000000000000002e-05,1000,0.69999999999999996,1,3958.6713392140614,218.3344696119982,5.5153472188814101,2.3773610680000004,3961.1018638290002,194042,83686,0.43127776460766226,302,0.03206360204993329,3,56373708.70070105,7343384.8178885505,4992.5505669140257,8.8561683841317673e-05,0.087931010012032768,251058,251058,251058,251058,502116,502116,6694880,1171604,6.0378887045072718,0.041891815995683146,0.00088007652949182813,4.2996121243719469e-08,293.04119606748191,1082.7571964154768,99999.980255049406,100000.01540120125,-0.027339541210981005,0.027339287623083013,-0.10169146794564474,0.10169147499573038,0.99991854818802439,0.20997910421372515,0.38526928395977444,0.99945536201988827,1,0,orfoz191,6273484,3961.266349056
80,REACTION_STIFFNESS__S3_HIGH_A1e9_Ta100__M1_108x36__C1,REACTION_STIFFNESS,STIFFNESS,S3_HIGH_A1e9_Ta100,M1_108x36,108,36,0.1,high,1000000000,5,100,1,C1,MG2W_3LEVEL,3888,108,36,54,18,27,9,3,3,40,1,2,20033,0.10000000000000001,-0.10000000000000001,3571428.571,1,2.0000000000000002e-05,1000,0.69999999999999996,1,79.353653513999944,3.3064278469999775,4.1666989490491977,0.069240946999999997,79.424842437999999,20033,10200,0.50915988618779018,8,0.088397540000837632,3,377872.03174547519,28955.766399610031,22.697688431821007,6.0067129940724433e-05,0.09220380749019301,30600,30600,30600,30600,61200,61200,816000,142800,7.1282384066290616,0.002046449324232924,0.0001299637302655945,5.2273589505952229e-11,293.37417528317098,1073.7654705421307,99999.995273107008,100000.00503466239,-0.03170474914863862,0.031704749172715388,-0.091588655126538646,0.091588655124523813,0.99909755646059906,0.20977344678616919,0.38157474338071334,0.99590625248373499,1,0,orfoz208,6273625,79.560587520
81,REACTION_STIFFNESS__S3_HIGH_A1e9_Ta100__M1_108x36__C2,REACTION_STIFFNESS,STIFFNESS,S3_HIGH_A1e9_Ta100,M1_108x36,108,36,0.1,high,1000000000,5,100,2,C2,MG2W_3LEVEL,3888,108,36,54,18,27,9,3,3,40,1,2,20033,0.10000000000000001,-0.10000000000000001,3571428.571,1,2.0000000000000002e-05,1000,0.69999999999999996,1,46.138401058000092,4.1336692730000006,8.959281592362963,0.068820327000000014,46.209124627000001,20033,10200,0.50915988618779018,8,0.088397540000837632,3,377872.03174547519,28955.766399610031,22.697688431821007,6.0067129940724433e-05,0.09220380749019301,30600,30600,30600,30600,61200,61200,816000,142800,7.1282384066290616,0.002046449324232924,0.00012996373026559482,5.2273589505952306e-11,293.37417528317098,1073.7654705421307,99999.995273107008,100000.00503466239,-0.03170474914863862,0.031704749172715388,-0.091588655126538646,0.091588655124523813,0.99909755646059906,0.20977344678616919,0.38157474338071334,0.99590625248373499,1,0,orfoz208,6273630,46.279712256
82,REACTION_STIFFNESS__S3_HIGH_A1e9_Ta100__M1_108x36__C4,REACTION_STIFFNESS,STIFFNESS,S3_HIGH_A1e9_Ta100,M1_108x36,108,36,0.1,high,1000000000,5,100,4,C4,MG2W_3LEVEL,3888,108,36,54,18,27,9,3,3,40,1,2,20033,0.10000000000000001,-0.10000000000000001,3571428.571,1,2.0000000000000002e-05,1000,0.69999999999999996,1,30.256880122999945,5.1322238860000056,16.962171463602804,0.069623363999999993,30.328880624,20033,10200,0.50915988618779018,8,0.088397540000837632,3,377872.03174547519,28955.766399610031,22.697688431821007,6.0067129940724433e-05,0.09220380749019301,30600,30600,30600,30600,61200,61200,816000,142800,7.1282384066290616,0.002046449324232924,0.00012996373026559488,5.2273589505952106e-11,293.37417528317098,1073.7654705421307,99999.995273107008,100000.00503466239,-0.03170474914863862,0.031704749172715388,-0.091588655126538646,0.091588655124523813,0.99909755646059906,0.20977344678616919,0.38157474338071334,0.99590625248373499,1,0,orfoz191,6273653,30.430249984
83,REACTION_STIFFNESS__S3_HIGH_A1e9_Ta100__M1_108x36__C16,REACTION_STIFFNESS,STIFFNESS,S3_HIGH_A1e9_Ta100,M1_108x36,108,36,0.1,high,1000000000,5,100,16,C16,MG2W_3LEVEL,3888,108,36,54,18,27,9,3,3,40,1,2,20033,0.10000000000000001,-0.10000000000000001,3571428.571,1,2.0000000000000002e-05,1000,0.69999999999999996,1,27.787362001999917,10.009314494000028,36.021103742340266,0.069610821000000003,27.860841238999999,20033,10200,0.50915988618779018,8,0.088397540000837632,3,377872.03174547519,28955.766399610031,22.697688431821007,6.0067129940724433e-05,0.09220380749019301,30600,30600,30600,30600,61200,61200,816000,142800,7.1282384066290616,0.002046449324232924,0.00012996373026559474,5.2273589505952222e-11,293.37417528317098,1073.7654705421307,99999.995273107008,100000.00503466239,-0.03170474914863862,0.031704749172715388,-0.091588655126538646,0.091588655124523813,0.99909755646059906,0.20977344678616919,0.38157474338071334,0.99590625248373499,1,0,orfoz191,6273656,27.948889856
84,REACTION_STIFFNESS__S3_HIGH_A1e9_Ta100__M2_216x72__C1,REACTION_STIFFNESS,STIFFNESS,S3_HIGH_A1e9_Ta100,M2_216x72,216,72,0.1,high,1000000000,5,100,1,C1,MG2W_3LEVEL,15552,216,72,108,36,54,18,3,3,40,1,2,22254,0.10000000000000001,-0.10000000000000001,3571428.571,1,2.0000000000000002e-05,1000,0.69999999999999996,1,386.14985389800034,12.23534755500013,3.1685490571833905,0.16897436099999999,386.32354808600002,22254,11023,0.49532668284353376,25,0.031054526273286191,5,2618315.422484172,1406372.0360460882,123.82559819804737,4.7292086023984723e-05,0.15450482357524953,33069,33069,33069,33069,66138,66138,881840,154322,6.9345735598094729,0.0041349033154978176,0.00018274524582233972,1.0478815422798174e-09,293.15671139631763,1074.9007382014797,99999.990271463306,100000.00784462174,-0.028922759928528861,0.028922916621908906,-0.10311632684607436,0.10311633375747871,0.99965373827065573,0.20991255096409792,0.38120898339901965,0.99796729099824666,1,0,orfoz191,6273659,386.400320256
85,REACTION_STIFFNESS__S3_HIGH_A1e9_Ta100__M2_216x72__C2,REACTION_STIFFNESS,STIFFNESS,S3_HIGH_A1e9_Ta100,M2_216x72,216,72,0.1,high,1000000000,5,100,2,C2,MG2W_3LEVEL,15552,216,72,108,36,54,18,3,3,40,1,2,22254,0.10000000000000001,-0.10000000000000001,3571428.571,1,2.0000000000000002e-05,1000,0.69999999999999996,1,206.13612364900035,9.0344413529999681,4.3827550421892196,0.169936371,206.30993333200001,22254,11023,0.49532668284353376,25,0.031054526273286191,5,2618315.422484172,1406372.0360460882,123.82559819804737,4.7292086023984723e-05,0.15450482357524953,33069,33069,33069,33069,66138,66138,881840,154322,6.9345735598094729,0.0041349033154978176,0.00018274524582233905,1.0478815422798195e-09,293.15671139631763,1074.9007382014797,99999.990271463306,100000.00784462174,-0.028922759928528861,0.028922916621908906,-0.10311632684607436,0.10311633375747871,0.99965373827065573,0.20991255096409792,0.38120898339901965,0.99796729099824666,1,0,orfoz191,6273668,206.410798336
86,REACTION_STIFFNESS__S3_HIGH_A1e9_Ta100__M2_216x72__C4,REACTION_STIFFNESS,STIFFNESS,S3_HIGH_A1e9_Ta100,M2_216x72,216,72,0.1,high,1000000000,5,100,4,C4,MG2W_3LEVEL,15552,216,72,108,36,54,18,3,3,40,1,2,22254,0.10000000000000001,-0.10000000000000001,3571428.571,1,2.0000000000000002e-05,1000,0.69999999999999996,1,115.93167237599971,7.9883841530000153,6.8905968397414226,0.17024160900000002,116.10542811000001,22254,11023,0.49532668284353376,25,0.031054526273286191,5,2618315.422484172,1406372.0360460882,123.82559819804737,4.7292086023984723e-05,0.15450482357524953,33069,33069,33069,33069,66138,66138,881840,154322,6.9345735598094729,0.0041349033154978176,0.00018274524582233924,1.0478815422798197e-09,293.15671139631763,1074.9007382014797,99999.990271463306,100000.00784462174,-0.028922759928528861,0.028922916621908906,-0.10311632684607436,0.10311633375747871,0.99965373827065573,0.20991255096409792,0.38120898339901965,0.99796729099824666,1,0,orfoz191,6273674,116.197804032
87,REACTION_STIFFNESS__S3_HIGH_A1e9_Ta100__M2_216x72__C16,REACTION_STIFFNESS,STIFFNESS,S3_HIGH_A1e9_Ta100,M2_216x72,216,72,0.1,high,1000000000,5,100,16,C16,MG2W_3LEVEL,15552,216,72,108,36,54,18,3,3,40,1,2,22254,0.10000000000000001,-0.10000000000000001,3571428.571,1,2.0000000000000002e-05,1000,0.69999999999999996,1,57.125545237000026,12.286098480999982,21.507188124030922,0.16808286,57.299234714000001,22254,11023,0.49532668284353376,25,0.031054526273286191,5,2618315.422484172,1406372.0360460882,123.82559819804737,4.7292086023984723e-05,0.15450482357524953,33069,33069,33069,33069,66138,66138,881840,154322,6.9345735598094729,0.0041349033154978176,0.00018274524582233945,1.0478815422798185e-09,293.15671139631763,1074.9007382014797,99999.990271463306,100000.00784462174,-0.028922759928528861,0.028922916621908906,-0.10311632684607436,0.10311633375747871,0.99965373827065573,0.20991255096409792,0.38120898339901965,0.99796729099824666,1,0,orfoz355,6273675,57.391477248
88,REACTION_STIFFNESS__S3_HIGH_A1e9_Ta100__M3_432x144__C1,REACTION_STIFFNESS,STIFFNESS,S3_HIGH_A1e9_Ta100,M3_432x144,432,144,0.1,high,1000000000,5,100,1,C1,MG2W_3LEVEL,62208,432,144,216,72,108,36,3,3,40,1,2,48573,0.10000000000000001,-0.10000000000000001,3571428.571,1,2.0000000000000002e-05,1000,0.69999999999999996,1,3278.6538104630122,55.346543343000121,1.6880874451085786,0.58977984699999997,3279.271249078,48573,10781,0.22195458382228811,88,0.046082404244953648,5,9618040.0691394918,3322580.3874988668,276.4979419115698,2.8747846746734084e-05,0.15277183008677539,32343,32343,32343,32343,64686,64686,862480,150934,3.1073641735120336,0.006274669087230289,0.00019933837883416997,7.881180802732253e-09,293.07746797385039,1085.1425468149919,99999.988473425867,100000.00890503523,-0.027466060016992824,0.027469250776866436,-0.10292600788410462,0.10292632133323637,0.99984740145715123,0.20996141775701477,0.38641564674569573,0.99892779718054125,1,0,orfoz355,6273676,3279.360865536
89,REACTION_STIFFNESS__S3_HIGH_A1e9_Ta100__M3_432x144__C2,REACTION_STIFFNESS,STIFFNESS,S3_HIGH_A1e9_Ta100,M3_432x144,432,144,0.1,high,1000000000,5,100,2,C2,MG2W_3LEVEL,62208,432,144,216,72,108,36,3,3,40,1,2,48573,0.10000000000000001,-0.10000000000000001,3571428.571,1,2.0000000000000002e-05,1000,0.69999999999999996,1,1690.0310004959958,32.731606787000217,1.9367459400090317,0.60286770000000001,1690.6499750410001,48573,10781,0.22195458382228811,88,0.046082404244953648,5,9618040.0691394918,3322580.3874988668,276.4979419115698,2.8747846746734084e-05,0.15277183008677539,32343,32343,32343,32343,64686,64686,862480,150934,3.1073641735120336,0.006274669087230289,0.00019933837883416835,7.8811808027322166e-09,293.07746797385039,1085.1425468149919,99999.988473425867,100000.00890503523,-0.027466060016992824,0.027469250776866436,-0.10292600788410462,0.10292632133323637,0.99984740145715123,0.20996141775701477,0.38641564674569573,0.99892779718054125,1,0,orfoz191,6273711,1690.727375104
90,REACTION_STIFFNESS__S3_HIGH_A1e9_Ta100__M3_432x144__C4,REACTION_STIFFNESS,STIFFNESS,S3_HIGH_A1e9_Ta100,M3_432x144,432,144,0.1,high,1000000000,5,100,4,C4,MG2W_3LEVEL,62208,432,144,216,72,108,36,3,3,40,1,2,48573,0.10000000000000001,-0.10000000000000001,3571428.571,1,2.0000000000000002e-05,1000,0.69999999999999996,1,883.96949875200619,20.685534788999885,2.3400733643190015,0.59803533799999997,884.57870393099995,48573,10781,0.22195458382228811,88,0.046082404244953648,5,9618040.0691394918,3322580.3874988668,276.4979419115698,2.8747846746734084e-05,0.15277183008677539,32343,32343,32343,32343,64686,64686,862480,150934,3.1073641735120336,0.006274669087230289,0.00019933837883416862,7.8811808027321752e-09,293.07746797385039,1085.1425468149919,99999.988473425867,100000.00890503523,-0.027466060016992824,0.027469250776866436,-0.10292600788410462,0.10292632133323637,0.99984740145715123,0.20996141775701477,0.38641564674569573,0.99892779718054125,1,0,orfoz191,6273763,884.656477440
91,REACTION_STIFFNESS__S3_HIGH_A1e9_Ta100__M3_432x144__C16,REACTION_STIFFNESS,STIFFNESS,S3_HIGH_A1e9_Ta100,M3_432x144,432,144,0.1,high,1000000000,5,100,16,C16,MG2W_3LEVEL,62208,432,144,216,72,108,36,3,3,40,1,2,48573,0.10000000000000001,-0.10000000000000001,3571428.571,1,2.0000000000000002e-05,1000,0.69999999999999996,1,287.7312515610007,17.352535930000009,6.0308137666169257,0.60412274600000004,288.345616603,48573,10781,0.22195458382228811,88,0.046082404244953648,5,9618040.0691394918,3322580.3874988668,276.4979419115698,2.8747846746734084e-05,0.15277183008677539,32343,32343,32343,32343,64686,64686,862480,150934,3.1073641735120336,0.006274669087230289,0.00019933837883416894,7.8811808027321769e-09,293.07746797385039,1085.1425468149919,99999.988473425867,100000.00890503523,-0.027466060016992824,0.027469250776866436,-0.10292600788410462,0.10292632133323637,0.99984740145715123,0.20996141775701477,0.38641564674569573,0.99892779718054125,1,0,orfoz191,6273807,288.422825472
92,REACTION_STIFFNESS__S3_HIGH_A1e9_Ta100__M4_864x288__C1,REACTION_STIFFNESS,STIFFNESS,S3_HIGH_A1e9_Ta100,M4_864x288,864,288,0.1,high,1000000000,5,100,1,C1,MG2W_3LEVEL,248832,864,288,432,144,216,72,3,3,40,1,2,194042,0.10000000000000001,-0.10000000000000001,3571428.571,1,2.0000000000000002e-05,1000,0.69999999999999996,1,51502.028211361816,1434.9136870369719,2.7861304435393421,2.383182825,51504.749601898002,194042,83686,0.43127776460766226,302,0.03206360204993329,3,56373708.70070105,7343384.8178885505,4992.5505669140257,8.8561683841317673e-05,0.087931010012032768,251058,251058,251058,251058,502116,502116,6694880,1171604,6.0378887045072718,0.041891815995683146,0.00088007652949184136,4.2996121243720342e-08,293.04119606748532,1082.7571964118472,99999.980255049406,100000.01540120125,-0.027339541210981005,0.027339287623083013,-0.10169146794564474,0.10169147499573038,0.99991854818802439,0.20997910421372515,0.3852692839596174,0.99945536201988727,1,0,orfoz191,6273814,51504.872131584
93,REACTION_STIFFNESS__S3_HIGH_A1e9_Ta100__M4_864x288__C2,REACTION_STIFFNESS,STIFFNESS,S3_HIGH_A1e9_Ta100,M4_864x288,864,288,0.1,high,1000000000,5,100,2,C2,MG2W_3LEVEL,248832,864,288,432,144,216,72,3,3,40,1,2,194042,0.10000000000000001,-0.10000000000000001,3571428.571,1,2.0000000000000002e-05,1000,0.69999999999999996,1,26320.695279988009,784.46266101798312,2.9804025033275661,2.3574759300000001,26323.234415213999,194042,83686,0.43127776460766226,302,0.03206360204993329,3,56373708.70070105,7343384.8178885505,4992.5505669140257,8.8561683841317673e-05,0.087931010012032768,251058,251058,251058,251058,502116,502116,6694880,1171604,6.0378887045072718,0.041891815995683146,0.00088007652949182922,4.2996121243719634e-08,293.04119606748532,1082.7571964118472,99999.980255049406,100000.01540120125,-0.027339541210981005,0.027339287623083013,-0.10169146794564474,0.10169147499573038,0.99991854818802439,0.20997910421372515,0.3852692839596174,0.99945536201988727,1,0,orfoz355,6273828,26323.387304704
94,REACTION_STIFFNESS__S3_HIGH_A1e9_Ta100__M4_864x288__C4,REACTION_STIFFNESS,STIFFNESS,S3_HIGH_A1e9_Ta100,M4_864x288,864,288,0.1,high,1000000000,5,100,4,C4,MG2W_3LEVEL,248832,864,288,432,144,216,72,3,3,40,1,2,194042,0.10000000000000001,-0.10000000000000001,3571428.571,1,2.0000000000000002e-05,1000,0.69999999999999996,1,13450.014529485143,444.50470459100961,3.3048641220168626,2.3392620260000001,13452.453571283,194042,83686,0.43127776460766226,302,0.03206360204993329,3,56373708.70070105,7343384.8178885505,4992.5505669140257,8.8561683841317673e-05,0.087931010012032768,251058,251058,251058,251058,502116,502116,6694880,1171604,6.0378887045072718,0.041891815995683146,0.00088007652949182824,4.2996121243719475e-08,293.04119606748532,1082.7571964118472,99999.980255049406,100000.01540120125,-0.027339541210981005,0.027339287623083013,-0.10169146794564474,0.10169147499573038,0.99991854818802439,0.20997910421372515,0.3852692839596174,0.99945536201988727,1,0,orfoz178,6274175,13452.555849472
95,REACTION_STIFFNESS__S3_HIGH_A1e9_Ta100__M4_864x288__C16,REACTION_STIFFNESS,STIFFNESS,S3_HIGH_A1e9_Ta100,M4_864x288,864,288,0.1,high,1000000000,5,100,16,C16,MG2W_3LEVEL,248832,864,288,432,144,216,72,3,3,40,1,2,194042,0.10000000000000001,-0.10000000000000001,3571428.571,1,2.0000000000000002e-05,1000,0.69999999999999996,1,3880.6700466369748,215.76883835599918,5.5600923490773582,2.5483896970000002,3883.271593853,194042,83686,0.43127776460766226,302,0.03206360204993329,3,56373708.70070105,7343384.8178885505,4992.5505669140257,8.8561683841317673e-05,0.087931010012032768,251058,251058,251058,251058,502116,502116,6694880,1171604,6.0378887045072718,0.041891815995683146,0.00088007652949182813,4.2996121243719469e-08,293.04119606748532,1082.7571964118472,99999.980255049406,100000.01540120125,-0.027339541210981005,0.027339287623083013,-0.10169146794564474,0.10169147499573038,0.99991854818802439,0.20997910421372515,0.3852692839596174,0.99945536201988727,1,0,orfoz218,6266805,3883.404316160
