array_index,case_id,study_family,group_dir,physical_case,mesh_name,Nx,Ny,velocity_m_per_s,stiffness_class,A,beta,Ta_K,threads,core_label,solver,cells,level0_Nx,level0_Ny,level1_Nx,level1_Ny,level2_Nx,level2_Ny,mg_pre_sweeps,mg_post_sweeps,mg_coarse_sweeps,mg_omega,final_time_s,time_steps,vFuel_m_per_s,vOx_m_per_s,HfF_J_per_kg,rho_kg_per_m3,mu_Pa_s,cp_J_per_kgK,Pr,Sc,compute_time_s,pressure_time_s,pressure_fraction_pct,output_time_s,total_wall_s,pressure_solves,total_vcycles,avg_vcycles_per_pressure_solve,max_vcycles_per_pressure_solve,mean_pressure_convergence_factor,final_pressure_cycles,final_pressure_rhs_norm,final_pressure_initial_residual,final_pressure_abs_residual,final_pressure_rel_residual,final_pressure_convergence_factor,restrictions,prolongations,fine_pre_sweeps,fine_post_sweeps,level1_pre_sweeps,level1_post_sweeps,coarse_sweeps,equivalent_fine_grid_smoothing_sweeps,equivalent_fine_grid_smoothing_sweeps_per_pressure_solve,mass_residual_max,mass_residual_l2,mass_residual_integral,Tmin_K,Tmax_K,pmin_Pa,pmax_Pa,umin_m_per_s,umax_m_per_s,vmin_m_per_s,vmax_m_per_s,YFmax,YOmax,YPmax,YN2max,run_complete,run_failed,node,job_id,launcher_wall_seconds
0,FLOW_INTENSITY__BC1_LOW_v005__M1_108x36__C1,FLOW_INTENSITY,FLOW,BC1_LOW_v005,M1_108x36,108,36,0.05,nominal_chemistry,10000000,5,1000,1,C1,MG3V_3LEVEL,3888,108,36,36,12,12,4,3,3,40,1,2,20033,0.050000000000000003,-0.050000000000000003,3571428.571,1,2.0000000000000002e-05,1000,0.69999999999999996,1,81.132642452000582,2.6419760130000052,3.2563662826131199,0.067590842999999998,81.203035671999999,20033,13623,0.68002795387610437,16,0.37591341704764397,4,176422.16763189985,13825.306059634226,8.093172426604724,4.5873897454263871e-05,0.15554677447916884,27246,27246,40869,40869,40869,40869,544920,97547.407407407401,4.8693359660264264,0.00072971299358570718,4.9394200190850471e-05,2.9700264403163395e-12,294.95448992961332,915.08435196226958,99999.997843979465,100000.00220877133,-0.01543168114656863,0.01543168114656863,-0.045263975056754564,0.045263975056754564,0.9959727220561686,0.20893768965770471,0.31683565985610462,0.83491281971222919,1,0,orfoz246,6312891,81.321353728
1,FLOW_INTENSITY__BC1_LOW_v005__M1_108x36__C2,FLOW_INTENSITY,FLOW,BC1_LOW_v005,M1_108x36,108,36,0.05,nominal_chemistry,10000000,5,1000,2,C2,MG3V_3LEVEL,3888,108,36,36,12,12,4,3,3,40,1,2,20033,0.050000000000000003,-0.050000000000000003,3571428.571,1,2.0000000000000002e-05,1000,0.69999999999999996,1,46.509285026999898,2.9302740299999983,6.3004065280704591,0.067504967999999999,46.579795619000002,20033,13623,0.68002795387610437,16,0.37591341704764397,4,176422.16763189985,13825.306059634226,8.093172426604724,4.5873897454263871e-05,0.15554677447916884,27246,27246,40869,40869,40869,40869,544920,97547.407407407401,4.8693359660264264,0.00072971299358570718,4.9394200190850423e-05,2.9700264403163666e-12,294.95448992961332,915.08435196226958,99999.997843979465,100000.00220877133,-0.01543168114656863,0.01543168114656863,-0.045263975056754564,0.045263975056754564,0.9959727220561686,0.20893768965770471,0.31683565985610462,0.83491281971222919,1,0,orfoz332,6312892,46.675611136
2,FLOW_INTENSITY__BC1_LOW_v005__M1_108x36__C4,FLOW_INTENSITY,FLOW,BC1_LOW_v005,M1_108x36,108,36,0.05,nominal_chemistry,10000000,5,1000,4,C4,MG3V_3LEVEL,3888,108,36,36,12,12,4,3,3,40,1,2,20033,0.050000000000000003,-0.050000000000000003,3571428.571,1,2.0000000000000002e-05,1000,0.69999999999999996,1,29.406350704000126,3.4681811709999946,11.793986972100624,0.067857149000000005,29.477188135999999,20033,13623,0.68002795387610437,16,0.37591341704764397,4,176422.16763189985,13825.306059634226,8.093172426604724,4.5873897454263871e-05,0.15554677447916884,27246,27246,40869,40869,40869,40869,544920,97547.407407407401,4.8693359660264264,0.00072971299358570718,4.9394200190850423e-05,2.9700264403163941e-12,294.95448992961332,915.08435196226958,99999.997843979465,100000.00220877133,-0.01543168114656863,0.01543168114656863,-0.045263975056754564,0.045263975056754564,0.9959727220561686,0.20893768965770471,0.31683565985610462,0.83491281971222919,1,0,orfoz350,6312893,29.567864576
3,FLOW_INTENSITY__BC1_LOW_v005__M1_108x36__C16,FLOW_INTENSITY,FLOW,BC1_LOW_v005,M1_108x36,108,36,0.05,nominal_chemistry,10000000,5,1000,16,C16,MG3V_3LEVEL,3888,108,36,36,12,12,4,3,3,40,1,2,20033,0.050000000000000003,-0.050000000000000003,3571428.571,1,2.0000000000000002e-05,1000,0.69999999999999996,1,23.919298305000034,6.273309134999983,26.226978128738104,0.067361935000000012,23.990663907999998,20033,13623,0.68002795387610437,16,0.37591341704764397,4,176422.16763189985,13825.306059634226,8.093172426604724,4.5873897454263871e-05,0.15554677447916884,27246,27246,40869,40869,40869,40869,544920,97547.407407407401,4.8693359660264264,0.00072971299358570718,4.9394200190850457e-05,2.9700264403163916e-12,294.95448992961332,915.08435196226958,99999.997843979465,100000.00220877133,-0.01543168114656863,0.01543168114656863,-0.045263975056754564,0.045263975056754564,0.9959727220561686,0.20893768965770471,0.31683565985610462,0.83491281971222919,1,0,orfoz332,6312897,24.088324096
4,FLOW_INTENSITY__BC1_LOW_v005__M2_216x72__C1,FLOW_INTENSITY,FLOW,BC1_LOW_v005,M2_216x72,216,72,0.05,nominal_chemistry,10000000,5,1000,1,C1,MG3V_3LEVEL,15552,216,72,72,24,24,8,3,3,40,1,2,20033,0.050000000000000003,-0.050000000000000003,3571428.571,1,2.0000000000000002e-05,1000,0.69999999999999996,1,361.13320369500281,8.3664074239999913,2.3167095515996614,0.16223896399999999,361.29977353100003,20033,12282,0.61308840413318022,17,0.4386776795812396,3,573552.24984265771,30681.286952032708,39.804946311167441,6.940073257856997e-05,0.10906560764603272,24564,24564,36846,36846,36846,36846,491280,87945.185185185182,4.3900157332993155,0.0036787004072635909,0.00014410565705100229,5.1353807523896217e-12,293.82295019770078,929.86247938638348,99999.997557351016,100000.00231088206,-0.014137384593959915,0.014137384593959915,-0.050531964391084823,0.050531964391084823,0.99839386607584779,0.20957459405872614,0.32359446670915759,0.83394696669118362,1,0,orfoz350,6312898,361.388755968
5,FLOW_INTENSITY__BC1_LOW_v005__M2_216x72__C2,FLOW_INTENSITY,FLOW,BC1_LOW_v005,M2_216x72,216,72,0.05,nominal_chemistry,10000000,5,1000,2,C2,MG3V_3LEVEL,15552,216,72,72,24,24,8,3,3,40,1,2,20033,0.050000000000000003,-0.050000000000000003,3571428.571,1,2.0000000000000002e-05,1000,0.69999999999999996,1,191.52137483399994,6.1689359889999933,3.2210169723075994,0.16342142399999998,191.68837899900001,20033,12282,0.61308840413318022,17,0.4386776795812396,3,573552.24984265771,30681.286952032708,39.804946311167441,6.940073257856997e-05,0.10906560764603272,24564,24564,36846,36846,36846,36846,491280,87945.185185185182,4.3900157332993155,0.0036787004072635909,0.00014410565705100253,5.1353807523895926e-12,293.82295019770078,929.86247938638348,99999.997557351016,100000.00231088206,-0.014137384593959915,0.014137384593959915,-0.050531964391084823,0.050531964391084823,0.99839386607584779,0.20957459405872614,0.32359446670915759,0.83394696669118362,1,0,orfoz246,6312902,191.796758784
6,FLOW_INTENSITY__BC1_LOW_v005__M2_216x72__C4,FLOW_INTENSITY,FLOW,BC1_LOW_v005,M2_216x72,216,72,0.05,nominal_chemistry,10000000,5,1000,4,C4,MG3V_3LEVEL,15552,216,72,72,24,24,8,3,3,40,1,2,20033,0.050000000000000003,-0.050000000000000003,3571428.571,1,2.0000000000000002e-05,1000,0.69999999999999996,1,106.12426148899964,5.4073329139999773,5.0952843752514374,0.162611014,106.289540675,20033,12282,0.61308840413318022,17,0.4386776795812396,3,573552.24984265771,30681.286952032708,39.804946311167441,6.940073257856997e-05,0.10906560764603272,24564,24564,36846,36846,36846,36846,491280,87945.185185185182,4.3900157332993155,0.0036787004072635909,0.00014410565705100242,5.1353807523895958e-12,293.82295019770078,929.86247938638348,99999.997557351016,100000.00231088206,-0.014137384593959915,0.014137384593959915,-0.050531964391084823,0.050531964391084823,0.99839386607584779,0.20957459405872614,0.32359446670915759,0.83394696669118362,1,0,orfoz332,6312903,106.408513024
7,FLOW_INTENSITY__BC1_LOW_v005__M2_216x72__C16,FLOW_INTENSITY,FLOW,BC1_LOW_v005,M2_216x72,216,72,0.05,nominal_chemistry,10000000,5,1000,16,C16,MG3V_3LEVEL,15552,216,72,72,24,24,8,3,3,40,1,2,20033,0.050000000000000003,-0.050000000000000003,3571428.571,1,2.0000000000000002e-05,1000,0.69999999999999996,1,47.77639410499971,7.2218416000000181,15.115920184617421,0.162957771,47.943579855999999,20033,12282,0.61308840413318022,17,0.4386776795812396,3,573552.24984265771,30681.286952032708,39.804946311167441,6.940073257856997e-05,0.10906560764603272,24564,24564,36846,36846,36846,36846,491280,87945.185185185182,4.3900157332993155,0.0036787004072635909,0.0001441056570510025,5.1353807523896362e-12,293.82295019770078,929.86247938638348,99999.997557351016,100000.00231088206,-0.014137384593959915,0.014137384593959915,-0.050531964391084823,0.050531964391084823,0.99839386607584779,0.20957459405872614,0.32359446670915759,0.83394696669118362,1,0,orfoz332,6312906,48.039559936
8,FLOW_INTENSITY__BC1_LOW_v005__M3_432x144__C1,FLOW_INTENSITY,FLOW,BC1_LOW_v005,M3_432x144,432,144,0.05,nominal_chemistry,10000000,5,1000,1,C1,MG3V_3LEVEL,62208,432,144,144,48,48,16,3,3,40,1,2,48534,0.050000000000000003,-0.050000000000000003,3571428.571,1,2.0000000000000002e-05,1000,0.69999999999999996,1,3454.8602372009846,75.246717692000274,2.1779959976894094,0.596325039,3455.4837732599999,48534,28207,0.58118020356863231,37,0.49388196159296666,6,7612036.7324017314,4546071.8437298564,499.89971007843269,6.5672267180548076e-05,0.21888084921059583,56414,56414,84621,84621,84621,84621,1128280,201976.04938271604,4.1615372601210705,0.0063161107601743538,0.00017160985463942824,2.1828653376799783e-11,293.38937640935092,930.71377515190215,99999.992572437783,100000.00638556932,-0.014314442844751401,0.014314441565139037,-0.050819759544393661,0.050819765936572427,0.99925028804681215,0.20980106872165405,0.32406895867444563,0.83351745545231215,1,0,orfoz332,6312912,3455.637650176
9,FLOW_INTENSITY__BC1_LOW_v005__M3_432x144__C2,FLOW_INTENSITY,FLOW,BC1_LOW_v005,M3_432x144,432,144,0.05,nominal_chemistry,10000000,5,1000,2,C2,MG3V_3LEVEL,62208,432,144,144,48,48,16,3,3,40,1,2,48534,0.050000000000000003,-0.050000000000000003,3571428.571,1,2.0000000000000002e-05,1000,0.69999999999999996,1,1794.0512355979863,45.708108288999938,2.5477593606051436,0.58656764100000003,1794.653970933,48534,28207,0.58118020356863231,37,0.49388196159296666,6,7612036.7324017314,4546071.8437298564,499.89971007843269,6.5672267180548076e-05,0.21888084921059583,56414,56414,84621,84621,84621,84621,1128280,201976.04938271604,4.1615372601210705,0.0063161107601743538,0.00017160985463942764,2.1828653376799663e-11,293.38937640935092,930.71377515190215,99999.992572437783,100000.00638556932,-0.014314442844751401,0.014314441565139037,-0.050819759544393661,0.050819765936572427,0.99925028804681215,0.20980106872165405,0.32406895867444563,0.83351745545231215,1,0,orfoz246,6312913,1794.760608256
10,FLOW_INTENSITY__BC1_LOW_v005__M3_432x144__C4,FLOW_INTENSITY,FLOW,BC1_LOW_v005,M3_432x144,432,144,0.05,nominal_chemistry,10000000,5,1000,4,C4,MG3V_3LEVEL,62208,432,144,144,48,48,16,3,3,40,1,2,48534,0.050000000000000003,-0.050000000000000003,3571428.571,1,2.0000000000000002e-05,1000,0.69999999999999996,1,937.16435520699986,29.306954442000059,3.1271947422207251,0.59826217500000001,937.77199929300002,48534,28207,0.58118020356863231,37,0.49388196159296666,6,7612036.7324017314,4546071.8437298564,499.89971007843269,6.5672267180548076e-05,0.21888084921059583,56414,56414,84621,84621,84621,84621,1128280,201976.04938271604,4.1615372601210705,0.0063161107601743538,0.00017160985463942808,2.182865337679966e-11,293.38937640935092,930.71377515190215,99999.992572437783,100000.00638556932,-0.014314442844751401,0.014314441565139037,-0.050819759544393661,0.050819765936572427,0.99925028804681215,0.20980106872165405,0.32406895867444563,0.83351745545231215,1,0,orfoz350,6312917,937.867319296
11,FLOW_INTENSITY__BC1_LOW_v005__M3_432x144__C16,FLOW_INTENSITY,FLOW,BC1_LOW_v005,M3_432x144,432,144,0.05,nominal_chemistry,10000000,5,1000,16,C16,MG3V_3LEVEL,62208,432,144,144,48,48,16,3,3,40,1,2,48534,0.050000000000000003,-0.050000000000000003,3571428.571,1,2.0000000000000002e-05,1000,0.69999999999999996,1,304.65123045800516,23.809277657999903,7.8152573427015621,0.58929480500000009,305.25262894299999,48534,28207,0.58118020356863231,37,0.49388196159296666,6,7612036.7324017314,4546071.8437298564,499.89971007843269,6.5672267180548076e-05,0.21888084921059583,56414,56414,84621,84621,84621,84621,1128280,201976.04938271604,4.1615372601210705,0.0063161107601743538,0.00017160985463942792,2.1828653376799709e-11,293.38937640935092,930.71377515190215,99999.992572437783,100000.00638556932,-0.014314442844751401,0.014314441565139037,-0.050819759544393661,0.050819765936572427,0.99925028804681215,0.20980106872165405,0.32406895867444563,0.83351745545231215,1,0,orfoz350,6312940,305.329037824
12,FLOW_INTENSITY__BC1_LOW_v005__M4_864x288__C1,FLOW_INTENSITY,FLOW,BC1_LOW_v005,M4_864x288,864,288,0.05,nominal_chemistry,10000000,5,1000,1,C1,MG3V_3LEVEL,248832,864,288,288,96,96,32,3,3,40,1,2,194042,0.050000000000000003,-0.050000000000000003,3571428.571,1,2.0000000000000002e-05,1000,0.69999999999999996,1,52824.435899092539,1134.0087067090558,2.1467502442908941,2.3493818009999998,52827.103938572996,194042,108769,0.56054359365498196,127,0.50662555453375835,5,37325517.710410744,13147241.71520409,2326.4447234198451,6.2328531956864426e-05,0.17765262053252351,217538,217538,326307,326307,326307,326307,4350760,778839.75308641966,4.0137689422208576,0.013153313810335021,0.0001926473121852698,1.1270936715267792e-12,293.19818788999356,922.48097927629487,99999.989922276844,100000.00857461368,-0.014290428781519923,0.014290430518921942,-0.050444453942612738,0.050444454881498776,0.99960235426148591,0.20989511244223533,0.32072238160417016,0.83645886324135132,1,0,orfoz350,6312946,52827.266918912
13,FLOW_INTENSITY__BC1_LOW_v005__M4_864x288__C2,FLOW_INTENSITY,FLOW,BC1_LOW_v005,M4_864x288,864,288,0.05,nominal_chemistry,10000000,5,1000,2,C2,MG3V_3LEVEL,248832,864,288,288,96,96,32,3,3,40,1,2,194042,0.050000000000000003,-0.050000000000000003,3571428.571,1,2.0000000000000002e-05,1000,0.69999999999999996,1,26751.694730499072,606.7957618959997,2.2682516678250071,2.3409237210000002,26754.220488543,194042,108769,0.56054359365498196,127,0.50662555453375835,5,37325517.710410744,13147241.71520409,2326.4447234198451,6.2328531956864426e-05,0.17765262053252351,217538,217538,326307,326307,326307,326307,4350760,778839.75308641966,4.0137689422208576,0.013153313810335021,0.00019264731218526793,1.1270936715267687e-12,293.19818788999356,922.48097927629487,99999.989922276844,100000.00857461368,-0.014290428781519923,0.014290430518921942,-0.050444453942612738,0.050444454881498776,0.99960235426148591,0.20989511244223533,0.32072238160417016,0.83645886324135132,1,0,orfoz187,6313304,26754.455539712
14,FLOW_INTENSITY__BC1_LOW_v005__M4_864x288__C4,FLOW_INTENSITY,FLOW,BC1_LOW_v005,M4_864x288,864,288,0.05,nominal_chemistry,10000000,5,1000,4,C4,MG3V_3LEVEL,248832,864,288,288,96,96,32,3,3,40,1,2,194042,0.050000000000000003,-0.050000000000000003,3571428.571,1,2.0000000000000002e-05,1000,0.69999999999999996,1,13691.489937764989,333.62660009799657,2.4367442960152959,2.3422029879999999,13693.932312784,194042,108769,0.56054359365498196,127,0.50662555453375835,5,37325517.710410744,13147241.71520409,2326.4447234198451,6.2328531956864426e-05,0.17765262053252351,217538,217538,326307,326307,326307,326307,4350760,778839.75308641966,4.0137689422208576,0.013153313810335021,0.00019264731218526841,1.1270936715268228e-12,293.19818788999356,922.48097927629487,99999.989922276844,100000.00857461368,-0.014290428781519923,0.014290430518921942,-0.050444453942612738,0.050444454881498776,0.99960235426148591,0.20989511244223533,0.32072238160417016,0.83645886324135132,1,0,orfoz193,6313305,13694.173964032
15,FLOW_INTENSITY__BC1_LOW_v005__M4_864x288__C16,FLOW_INTENSITY,FLOW,BC1_LOW_v005,M4_864x288,864,288,0.05,nominal_chemistry,10000000,5,1000,16,C16,MG3V_3LEVEL,248832,864,288,288,96,96,32,3,3,40,1,2,194042,0.050000000000000003,-0.050000000000000003,3571428.571,1,2.0000000000000002e-05,1000,0.69999999999999996,1,3908.0904016949903,161.08269788700247,4.121775121095939,2.341435734,3910.4957333560001,194042,108769,0.56054359365498196,127,0.50662555453375835,5,37325517.710410744,13147241.71520409,2326.4447234198451,6.2328531956864426e-05,0.17765262053252351,217538,217538,326307,326307,326307,326307,4350760,778839.75308641966,4.0137689422208576,0.013153313810335021,0.00019264731218526844,1.1270936715267866e-12,293.19818788999356,922.48097927629487,99999.989922276844,100000.00857461368,-0.014290428781519923,0.014290430518921942,-0.050444453942612738,0.050444454881498776,0.99960235426148591,0.20989511244223533,0.32072238160417016,0.83645886324135132,1,0,orfoz193,6313436,3910.713521664
16,FLOW_INTENSITY__BC2_NOMINAL_v010__M1_108x36__C1,FLOW_INTENSITY,FLOW,BC2_NOMINAL_v010,M1_108x36,108,36,0.1,nominal_chemistry,10000000,5,1000,1,C1,MG3V_3LEVEL,3888,108,36,36,12,12,4,3,3,40,1,2,20033,0.10000000000000001,-0.10000000000000001,3571428.571,1,2.0000000000000002e-05,1000,0.69999999999999996,1,83.062706891999937,2.6046829019999884,3.1358030570646553,0.069459309000000011,83.134390938999999,20033,13387,0.66824739180352422,16,0.36720903189443882,4,377879.54677589808,28944.902000507456,20.943906173750293,5.5424820825698464e-05,0.16401040461848665,26774,26774,40161,40161,40161,40161,535480,95857.530864197528,4.7849813240252344,0.001888247690843059,0.00012609231914629976,2.5424464933785714e-12,293.37417509859904,1073.7642503186353,99999.995267115388,100000.00505348136,-0.031704859979090595,0.031704840310488355,-0.091589200243459082,0.091589331764431695,0.99909751942016545,0.20977342341249003,0.3815741510064396,0.99590625874310956,1,0,orfoz193,6313456,83.307410688
17,FLOW_INTENSITY__BC2_NOMINAL_v010__M1_108x36__C2,FLOW_INTENSITY,FLOW,BC2_NOMINAL_v010,M1_108x36,108,36,0.1,nominal_chemistry,10000000,5,1000,2,C2,MG3V_3LEVEL,3888,108,36,36,12,12,4,3,3,40,1,2,20033,0.10000000000000001,-0.10000000000000001,3571428.571,1,2.0000000000000002e-05,1000,0.69999999999999996,1,47.125638053999971,2.8529071039999794,6.0538323125321112,0.069136180000000005,47.196445683,20033,13387,0.66824739180352422,16,0.36720903189443882,4,377879.54677589808,28944.902000507456,20.943906173750293,5.5424820825698464e-05,0.16401040461848665,26774,26774,40161,40161,40161,40161,535480,95857.530864197528,4.7849813240252344,0.001888247690843059,0.00012609231914629951,2.5424464933785762e-12,293.37417509859904,1073.7642503186353,99999.995267115388,100000.00505348136,-0.031704859979090595,0.031704840310488355,-0.091589200243459082,0.091589331764431695,0.99909751942016545,0.20977342341249003,0.3815741510064396,0.99590625874310956,1,0,orfoz193,6313458,47.279331072
18,FLOW_INTENSITY__BC2_NOMINAL_v010__M1_108x36__C4,FLOW_INTENSITY,FLOW,BC2_NOMINAL_v010,M1_108x36,108,36,0.1,nominal_chemistry,10000000,5,1000,4,C4,MG3V_3LEVEL,3888,108,36,36,12,12,4,3,3,40,1,2,20033,0.10000000000000001,-0.10000000000000001,3571428.571,1,2.0000000000000002e-05,1000,0.69999999999999996,1,29.749915289000139,3.4191815840000013,11.493080066900978,0.069219375999999999,29.821193653999998,20033,13387,0.66824739180352422,16,0.36720903189443882,4,377879.54677589808,28944.902000507456,20.943906173750293,5.5424820825698464e-05,0.16401040461848665,26774,26774,40161,40161,40161,40161,535480,95857.530864197528,4.7849813240252344,0.001888247690843059,0.00012609231914629951,2.5424464933785779e-12,293.37417509859904,1073.7642503186353,99999.995267115388,100000.00505348136,-0.031704859979090595,0.031704840310488355,-0.091589200243459082,0.091589331764431695,0.99909751942016545,0.20977342341249003,0.3815741510064396,0.99590625874310956,1,0,orfoz193,6313459,29.891473664
19,FLOW_INTENSITY__BC2_NOMINAL_v010__M1_108x36__C16,FLOW_INTENSITY,FLOW,BC2_NOMINAL_v010,M1_108x36,108,36,0.1,nominal_chemistry,10000000,5,1000,16,C16,MG3V_3LEVEL,3888,108,36,36,12,12,4,3,3,40,1,2,20033,0.10000000000000001,-0.10000000000000001,3571428.571,1,2.0000000000000002e-05,1000,0.69999999999999996,1,24.611164902000045,6.468743210999973,26.283775013324483,0.069191126999999991,24.683424206000002,20033,13387,0.66824739180352422,16,0.36720903189443882,4,377879.54677589808,28944.902000507456,20.943906173750293,5.5424820825698464e-05,0.16401040461848665,26774,26774,40161,40161,40161,40161,535480,95857.530864197528,4.7849813240252344,0.001888247690843059,0.00012609231914629954,2.5424464933785989e-12,293.37417509859904,1073.7642503186353,99999.995267115388,100000.00505348136,-0.031704859979090595,0.031704840310488355,-0.091589200243459082,0.091589331764431695,0.99909751942016545,0.20977342341249003,0.3815741510064396,0.99590625874310956,1,0,orfoz193,6313460,24.745842688
20,FLOW_INTENSITY__BC2_NOMINAL_v010__M2_216x72__C1,FLOW_INTENSITY,FLOW,BC2_NOMINAL_v010,M2_216x72,216,72,0.1,nominal_chemistry,10000000,5,1000,1,C1,MG3V_3LEVEL,15552,216,72,72,24,24,8,3,3,40,1,2,22254,0.10000000000000001,-0.10000000000000001,3571428.571,1,2.0000000000000002e-05,1000,0.69999999999999996,1,408.21966612000142,9.156163124999976,2.2429500303173544,0.16771903100000002,408.39189726500001,22254,13443,0.60407117821515233,17,0.4362032237991863,7,9462238.7122842651,8250328.5145303588,788.89298606803641,8.3372763048544029e-05,0.26655842127838175,26886,26886,40329,40329,40329,40329,537720,96258.518518518511,4.3254479427751642,0.0064814994162212258,0.00031582722046317774,1.0591574328488294e-10,293.15671169845029,1074.9233526449716,99999.96937622079,100000.02578973499,-0.029317128363328095,0.029317124961202857,-0.10307432756790717,0.10307433892286381,0.99965388453228643,0.20991256583394885,0.3812103061822199,0.99796728612481689,1,0,orfoz193,6313461,408.474168832
21,FLOW_INTENSITY__BC2_NOMINAL_v010__M2_216x72__C2,FLOW_INTENSITY,FLOW,BC2_NOMINAL_v010,M2_216x72,216,72,0.1,nominal_chemistry,10000000,5,1000,2,C2,MG3V_3LEVEL,15552,216,72,72,24,24,8,3,3,40,1,2,22254,0.10000000000000001,-0.10000000000000001,3571428.571,1,2.0000000000000002e-05,1000,0.69999999999999996,1,217.00592551899931,6.808349121999977,3.1374024030527647,0.16871140100000001,217.178405876,22254,13443,0.60407117821515233,17,0.4362032237991863,7,9462238.7122842651,8250328.5145303588,788.89298606803641,8.3372763048544029e-05,0.26655842127838175,26886,26886,40329,40329,40329,40329,537720,96258.518518518511,4.3254479427751642,0.0064814994162212258,0.00031582722046317855,1.059157432848835e-10,293.15671169845029,1074.9233526449716,99999.96937622079,100000.02578973499,-0.029317128363328095,0.029317124961202857,-0.10307432756790717,0.10307433892286381,0.99965388453228643,0.20991256583394885,0.3812103061822199,0.99796728612481689,1,0,orfoz193,6313463,217.253013504
22,FLOW_INTENSITY__BC2_NOMINAL_v010__M2_216x72__C4,FLOW_INTENSITY,FLOW,BC2_NOMINAL_v010,M2_216x72,216,72,0.1,nominal_chemistry,10000000,5,1000,4,C4,MG3V_3LEVEL,15552,216,72,72,24,24,8,3,3,40,1,2,22254,0.10000000000000001,-0.10000000000000001,3571428.571,1,2.0000000000000002e-05,1000,0.69999999999999996,1,120.76152090199984,5.9539238320000054,4.9303153749046613,0.16835267200000001,120.932892333,22254,13443,0.60407117821515233,17,0.4362032237991863,7,9462238.7122842651,8250328.5145303588,788.89298606803641,8.3372763048544029e-05,0.26655842127838175,26886,26886,40329,40329,40329,40329,537720,96258.518518518511,4.3254479427751642,0.0064814994162212258,0.00031582722046317817,1.0591574328488337e-10,293.15671169845029,1074.9233526449716,99999.96937622079,100000.02578973499,-0.029317128363328095,0.029317124961202857,-0.10307432756790717,0.10307433892286381,0.99965388453228643,0.20991256583394885,0.3812103061822199,0.99796728612481689,1,0,orfoz193,6313464,121.007771392
23,FLOW_INTENSITY__BC2_NOMINAL_v010__M2_216x72__C16,FLOW_INTENSITY,FLOW,BC2_NOMINAL_v010,M2_216x72,216,72,0.1,nominal_chemistry,10000000,5,1000,16,C16,MG3V_3LEVEL,15552,216,72,72,24,24,8,3,3,40,1,2,22254,0.10000000000000001,-0.10000000000000001,3571428.571,1,2.0000000000000002e-05,1000,0.69999999999999996,1,54.060242111999194,8.0162089890000043,14.828289100874612,0.16776130100000003,54.232459476000002,22254,13443,0.60407117821515233,17,0.4362032237991863,7,9462238.7122842651,8250328.5145303588,788.89298606803641,8.3372763048544029e-05,0.26655842127838175,26886,26886,40329,40329,40329,40329,537720,96258.518518518511,4.3254479427751642,0.0064814994162212258,0.00031582722046317828,1.0591574328488337e-10,293.15671169845029,1074.9233526449716,99999.96937622079,100000.02578973499,-0.029317128363328095,0.029317124961202857,-0.10307432756790717,0.10307433892286381,0.99965388453228643,0.20991256583394885,0.3812103061822199,0.99796728612481689,1,0,orfoz193,6313466,54.320063488
24,FLOW_INTENSITY__BC2_NOMINAL_v010__M3_432x144__C1,FLOW_INTENSITY,FLOW,BC2_NOMINAL_v010,M3_432x144,432,144,0.1,nominal_chemistry,10000000,5,1000,1,C1,MG3V_3LEVEL,62208,432,144,144,48,48,16,3,3,40,1,2,48573,0.10000000000000001,-0.10000000000000001,3571428.571,1,2.0000000000000002e-05,1000,0.69999999999999996,1,3492.3582520540062,74.310507688000897,2.1278031153961852,0.60218518999999993,3492.9877278620002,48573,27525,0.56667284293743436,37,0.48606442977247039,6,9624692.3999577668,3329231.4465469923,513.96479968912899,5.3400646829127163e-05,0.23161404855748999,55050,55050,82575,82575,82575,82575,1101000,197092.59259259258,4.0576573938729865,0.011653256626942721,0.0003608857078064696,4.4223124718155238e-10,293.07747202129667,1085.0895814556754,99999.988584195336,100000.00884595078,-0.027468036493616635,0.02746803591283346,-0.10292714748139085,0.10292715311320759,0.9998480514100716,0.20996123077255643,0.38638557909099175,0.99892773242588695,1,0,orfoz193,6313467,3493.072365312
25,FLOW_INTENSITY__BC2_NOMINAL_v010__M3_432x144__C2,FLOW_INTENSITY,FLOW,BC2_NOMINAL_v010,M3_432x144,432,144,0.1,nominal_chemistry,10000000,5,1000,2,C2,MG3V_3LEVEL,62208,432,144,144,48,48,16,3,3,40,1,2,48573,0.10000000000000001,-0.10000000000000001,3571428.571,1,2.0000000000000002e-05,1000,0.69999999999999996,1,1805.1268872880069,44.538195069999546,2.4673165849805163,0.604208093,1805.7474459150001,48573,27525,0.56667284293743436,37,0.48606442977247039,6,9624692.3999577668,3329231.4465469923,513.96479968912899,5.3400646829127163e-05,0.23161404855748999,55050,55050,82575,82575,82575,82575,1101000,197092.59259259258,4.0576573938729865,0.011653256626942721,0.00036088570780647036,4.4223124718155331e-10,293.07747202129667,1085.0895814556754,99999.988584195336,100000.00884595078,-0.027468036493616635,0.02746803591283346,-0.10292714748139085,0.10292715311320759,0.9998480514100716,0.20996123077255643,0.38638557909099175,0.99892773242588695,1,0,orfoz193,6313498,1805.842813184
26,FLOW_INTENSITY__BC2_NOMINAL_v010__M3_432x144__C4,FLOW_INTENSITY,FLOW,BC2_NOMINAL_v010,M3_432x144,432,144,0.1,nominal_chemistry,10000000,5,1000,4,C4,MG3V_3LEVEL,62208,432,144,144,48,48,16,3,3,40,1,2,48573,0.10000000000000001,-0.10000000000000001,3571428.571,1,2.0000000000000002e-05,1000,0.69999999999999996,1,948.21916762300111,28.670723111000044,3.0236388474272151,0.58865197899999999,948.82369504300004,48573,27525,0.56667284293743436,37,0.48606442977247039,6,9624692.3999577668,3329231.4465469923,513.96479968912899,5.3400646829127163e-05,0.23161404855748999,55050,55050,82575,82575,82575,82575,1101000,197092.59259259258,4.0576573938729865,0.011653256626942721,0.00036088570780646971,4.4223124718155284e-10,293.07747202129667,1085.0895814556754,99999.988584195336,100000.00884595078,-0.027468036493616635,0.02746803591283346,-0.10292714748139085,0.10292715311320759,0.9998480514100716,0.20996123077255643,0.38638557909099175,0.99892773242588695,1,0,orfoz207,6313517,949.047885824
27,FLOW_INTENSITY__BC2_NOMINAL_v010__M3_432x144__C16,FLOW_INTENSITY,FLOW,BC2_NOMINAL_v010,M3_432x144,432,144,0.1,nominal_chemistry,10000000,5,1000,16,C16,MG3V_3LEVEL,62208,432,144,144,48,48,16,3,3,40,1,2,48573,0.10000000000000001,-0.10000000000000001,3571428.571,1,2.0000000000000002e-05,1000,0.69999999999999996,1,307.51175785399562,23.752450819999858,7.7240789053917576,0.59165462600000007,308.11631706100002,48573,27525,0.56667284293743436,37,0.48606442977247039,6,9624692.3999577668,3329231.4465469923,513.96479968912899,5.3400646829127163e-05,0.23161404855748999,55050,55050,82575,82575,82575,82575,1101000,197092.59259259258,4.0576573938729865,0.011653256626942721,0.00036088570780646966,4.4223124718155326e-10,293.07747202129667,1085.0895814556754,99999.988584195336,100000.00884595078,-0.027468036493616635,0.02746803591283346,-0.10292714748139085,0.10292715311320759,0.9998480514100716,0.20996123077255643,0.38638557909099175,0.99892773242588695,1,0,orfoz207,6313526,308.206288896
28,FLOW_INTENSITY__BC2_NOMINAL_v010__M4_864x288__C1,FLOW_INTENSITY,FLOW,BC2_NOMINAL_v010,M4_864x288,864,288,0.1,nominal_chemistry,10000000,5,1000,1,C1,MG3V_3LEVEL,248832,864,288,288,96,96,32,3,3,40,1,2,194042,0.10000000000000001,-0.10000000000000001,3571428.571,1,2.0000000000000002e-05,1000,0.69999999999999996,1,53444.982702048925,1128.8298614360626,2.1121343938479495,2.3362389769999998,53447.639382503003,194042,108090,0.55704435122293117,127,0.50276373538951025,4,56309129.743845604,7278867.6422831044,3461.14481985569,6.1466849791511503e-05,0.14766888213013543,216180,216180,324270,324270,324270,324270,4323600,773977.77777777775,3.9887126383864202,0.029088788501553609,0.00049637282910202252,1.1591255025336252e-10,293.04121325145519,1082.8018662085783,99999.980350106882,100000.01548093493,-0.027337294761079371,0.027337299058738985,-0.1016933138944414,0.10169332847553075,0.99991840900540396,0.20997910706670633,0.38529019555093152,0.99945494032007642,1,0,orfoz207,6313529,53447.796532992
29,FLOW_INTENSITY__BC2_NOMINAL_v010__M4_864x288__C2,FLOW_INTENSITY,FLOW,BC2_NOMINAL_v010,M4_864x288,864,288,0.1,nominal_chemistry,10000000,5,1000,2,C2,MG3V_3LEVEL,248832,864,288,288,96,96,32,3,3,40,1,2,194042,0.10000000000000001,-0.10000000000000001,3571428.571,1,2.0000000000000002e-05,1000,0.69999999999999996,1,27066.404207160842,597.77562649101606,2.2085520555880311,2.3396022859999999,27068.921402250999,194042,108090,0.55704435122293117,127,0.50276373538951025,4,56309129.743845604,7278867.6422831044,3461.14481985569,6.1466849791511503e-05,0.14766888213013543,216180,216180,324270,324270,324270,324270,4323600,773977.77777777775,3.9887126383864202,0.029088788501553609,0.00049637282910202306,1.1591255025336457e-10,293.04121325145519,1082.8018662085783,99999.980350106882,100000.01548093493,-0.027337294761079371,0.027337299058738985,-0.1016933138944414,0.10169332847553075,0.99991840900540396,0.20997910706670633,0.38529019555093152,0.99945494032007642,1,0,orfoz187,6313557,27069.284880896
30,FLOW_INTENSITY__BC2_NOMINAL_v010__M4_864x288__C4,FLOW_INTENSITY,FLOW,BC2_NOMINAL_v010,M4_864x288,864,288,0.1,nominal_chemistry,10000000,5,1000,4,C4,MG3V_3LEVEL,248832,864,288,288,96,96,32,3,3,40,1,2,194042,0.10000000000000001,-0.10000000000000001,3571428.571,1,2.0000000000000002e-05,1000,0.69999999999999996,1,13861.075171026538,336.23133376399744,2.4257233267648206,2.333458153,13863.508934171999,194042,108090,0.55704435122293117,127,0.50276373538951025,4,56309129.743845604,7278867.6422831044,3461.14481985569,6.1466849791511503e-05,0.14766888213013543,216180,216180,324270,324270,324270,324270,4323600,773977.77777777775,3.9887126383864202,0.029088788501553609,0.00049637282910202274,1.1591255025336465e-10,293.04121325145519,1082.8018662085783,99999.980350106882,100000.01548093493,-0.027337294761079371,0.027337299058738985,-0.1016933138944414,0.10169332847553075,0.99991840900540396,0.20997910706670633,0.38529019555093152,0.99945494032007642,1,0,orfoz234,6315059,13863.728972544
31,FLOW_INTENSITY__BC2_NOMINAL_v010__M4_864x288__C16,FLOW_INTENSITY,FLOW,BC2_NOMINAL_v010,M4_864x288,864,288,0.1,nominal_chemistry,10000000,5,1000,16,C16,MG3V_3LEVEL,248832,864,288,288,96,96,32,3,3,40,1,2,194042,0.10000000000000001,-0.10000000000000001,3571428.571,1,2.0000000000000002e-05,1000,0.69999999999999996,1,3961.478608221857,159.02335148799455,4.0142423376450722,2.3476970670000004,3963.879478802,194042,108090,0.55704435122293117,127,0.50276373538951025,4,56309129.743845604,7278867.6422831044,3461.14481985569,6.1466849791511503e-05,0.14766888213013543,216180,216180,324270,324270,324270,324270,4323600,773977.77777777775,3.9887126383864202,0.029088788501553609,0.00049637282910202274,1.1591255025336483e-10,293.04121325145519,1082.8018662085783,99999.980350106882,100000.01548093493,-0.027337294761079371,0.027337299058738985,-0.1016933138944414,0.10169332847553075,0.99991840900540396,0.20997910706670633,0.38529019555093152,0.99945494032007642,1,0,orfoz187,6315581,3964.128164096
32,FLOW_INTENSITY__BC3_HIGH_v020__M1_108x36__C1,FLOW_INTENSITY,FLOW,BC3_HIGH_v020,M1_108x36,108,36,0.2,nominal_chemistry,10000000,5,1000,1,C1,MG3V_3LEVEL,3888,108,36,36,12,12,4,3,3,40,1,2,24439,0.20000000000000001,-0.20000000000000001,3571428.571,1,2.0000000000000002e-05,1000,0.69999999999999996,1,103.59461166199975,3.197106361999996,3.0861705166975866,0.077625857000000006,103.675417043,24439,16377,0.67011743524694134,16,0.33438541609417166,5,1203389.8171635435,313207.92739303573,116.89223650598433,9.7135803244127337e-05,0.20624839826699504,32754,32754,49131,49131,49131,49131,655080,117267.4074074074,4.7983717585583454,0.0065005677449221366,0.00050207759744263255,1.1307510511003758e-11,293.03234040059647,1059.1667986790731,99999.98308050404,100000.01802690457,-0.07709447588272246,0.077094483135206671,-0.18532772207692547,0.18532993347238677,0.99985627055578774,0.20996758280085659,0.38125433695791927,0.99781776754114271,1,0,orfoz175,6315672,103.849240320
33,FLOW_INTENSITY__BC3_HIGH_v020__M1_108x36__C2,FLOW_INTENSITY,FLOW,BC3_HIGH_v020,M1_108x36,108,36,0.2,nominal_chemistry,10000000,5,1000,2,C2,MG3V_3LEVEL,3888,108,36,36,12,12,4,3,3,40,1,2,24439,0.20000000000000001,-0.20000000000000001,3571428.571,1,2.0000000000000002e-05,1000,0.69999999999999996,1,58.063206980999816,3.3836043179999651,5.8274499359072456,0.078155685000000003,58.143398763,24439,16377,0.67011743524694134,16,0.33438541609417166,5,1203389.8171635435,313207.92739303573,116.89223650598433,9.7135803244127337e-05,0.20624839826699504,32754,32754,49131,49131,49131,49131,655080,117267.4074074074,4.7983717585583454,0.0065005677449221366,0.00050207759744263266,1.1307510511003892e-11,293.03234040059647,1059.1667986790731,99999.98308050404,100000.01802690457,-0.07709447588272246,0.077094483135206671,-0.18532772207692547,0.18532993347238677,0.99985627055578774,0.20996758280085659,0.38125433695791927,0.99781776754114271,1,0,orfoz175,6315674,58.217750528
34,FLOW_INTENSITY__BC3_HIGH_v020__M1_108x36__C4,FLOW_INTENSITY,FLOW,BC3_HIGH_v020,M1_108x36,108,36,0.2,nominal_chemistry,10000000,5,1000,4,C4,MG3V_3LEVEL,3888,108,36,36,12,12,4,3,3,40,1,2,24439,0.20000000000000001,-0.20000000000000001,3571428.571,1,2.0000000000000002e-05,1000,0.69999999999999996,1,36.228964934000139,4.113720441999992,11.354783250071133,0.077823139,36.308611038000002,24439,16377,0.67011743524694134,16,0.33438541609417166,5,1203389.8171635435,313207.92739303573,116.89223650598433,9.7135803244127337e-05,0.20624839826699504,32754,32754,49131,49131,49131,49131,655080,117267.4074074074,4.7983717585583454,0.0065005677449221366,0.00050207759744263234,1.1307510511003961e-11,293.03234040059647,1059.1667986790731,99999.98308050404,100000.01802690457,-0.07709447588272246,0.077094483135206671,-0.18532772207692547,0.18532993347238677,0.99985627055578774,0.20996758280085659,0.38125433695791927,0.99781776754114271,1,0,orfoz175,6315675,36.381339136
35,FLOW_INTENSITY__BC3_HIGH_v020__M1_108x36__C16,FLOW_INTENSITY,FLOW,BC3_HIGH_v020,M1_108x36,108,36,0.2,nominal_chemistry,10000000,5,1000,16,C16,MG3V_3LEVEL,3888,108,36,36,12,12,4,3,3,40,1,2,24439,0.20000000000000001,-0.20000000000000001,3571428.571,1,2.0000000000000002e-05,1000,0.69999999999999996,1,29.42558780699995,7.4874134290000161,25.445246763155101,0.077535103000000008,29.507539851000001,24439,16377,0.67011743524694134,16,0.33438541609417166,5,1203389.8171635435,313207.92739303573,116.89223650598433,9.7135803244127337e-05,0.20624839826699504,32754,32754,49131,49131,49131,49131,655080,117267.4074074074,4.7983717585583454,0.0065005677449221366,0.00050207759744263245,1.1307510511003809e-11,293.03234040059647,1059.1667986790731,99999.98308050404,100000.01802690457,-0.07709447588272246,0.077094483135206671,-0.18532772207692547,0.18532993347238677,0.99985627055578774,0.20996758280085659,0.38125433695791927,0.99781776754114271,1,0,orfoz175,6315678,29.600039936
36,FLOW_INTENSITY__BC3_HIGH_v020__M2_216x72__C1,FLOW_INTENSITY,FLOW,BC3_HIGH_v020,M2_216x72,216,72,0.2,nominal_chemistry,10000000,5,1000,1,C1,MG3V_3LEVEL,15552,216,72,72,24,24,8,3,3,40,1,2,46331,0.20000000000000001,-0.20000000000000001,3571428.571,1,2.0000000000000002e-05,1000,0.69999999999999996,1,719.56578641099475,18.570943072000066,2.5808540959996242,0.20773804900000001,719.78160487499997,46331,26981,0.58235306814012211,17,0.44788189749055529,6,6346810.4843330532,2260768.3155774809,624.5875658103032,9.8409676380298788e-05,0.255205215752484,53962,53962,80943,80943,80943,80943,1079240,193197.2839506173,4.1699355496453192,0.01526594773138612,0.00068789121139244678,1.0017294267538295e-09,293.01662715932395,1029.5049578715498,99999.977459126239,100000.02004091187,-0.088963523333634068,0.088963556892164924,-0.20859660262414731,0.20859657695971859,0.9999437097739553,0.20998699533733267,0.36832855197713171,0.99897877285716741,1,0,orfoz175,6315682,719.879878656
37,FLOW_INTENSITY__BC3_HIGH_v020__M2_216x72__C2,FLOW_INTENSITY,FLOW,BC3_HIGH_v020,M2_216x72,216,72,0.2,nominal_chemistry,10000000,5,1000,2,C2,MG3V_3LEVEL,15552,216,72,72,24,24,8,3,3,40,1,2,46331,0.20000000000000001,-0.20000000000000001,3571428.571,1,2.0000000000000002e-05,1000,0.69999999999999996,1,383.22702411800088,13.779904626000038,3.5957549334404497,0.21021604500000002,383.44331324000001,46331,26981,0.58235306814012211,17,0.44788189749055529,6,6346810.4843330532,2260768.3155774809,624.5875658103032,9.8409676380298788e-05,0.255205215752484,53962,53962,80943,80943,80943,80943,1079240,193197.2839506173,4.1699355496453192,0.01526594773138612,0.00068789121139244559,1.0017294267538312e-09,293.01662715932395,1029.5049578715498,99999.977459126239,100000.02004091187,-0.088963523333634068,0.088963556892164924,-0.20859660262414731,0.20859657695971859,0.9999437097739553,0.20998699533733267,0.36832855197713171,0.99897877285716741,1,0,orfoz175,6315692,383.534766848
38,FLOW_INTENSITY__BC3_HIGH_v020__M2_216x72__C4,FLOW_INTENSITY,FLOW,BC3_HIGH_v020,M2_216x72,216,72,0.2,nominal_chemistry,10000000,5,1000,4,C4,MG3V_3LEVEL,15552,216,72,72,24,24,8,3,3,40,1,2,46331,0.20000000000000001,-0.20000000000000001,3571428.571,1,2.0000000000000002e-05,1000,0.69999999999999996,1,211.37993988200142,12.170995856000118,5.757876486668664,0.54162047399999991,211.92818265299999,46331,26981,0.58235306814012211,17,0.44788189749055529,6,6346810.4843330532,2260768.3155774809,624.5875658103032,9.8409676380298788e-05,0.255205215752484,53962,53962,80943,80943,80943,80943,1079240,193197.2839506173,4.1699355496453192,0.01526594773138612,0.00068789121139244624,1.0017294267538299e-09,293.01662715932395,1029.5049578715498,99999.977459126239,100000.02004091187,-0.088963523333634068,0.088963556892164924,-0.20859660262414731,0.20859657695971859,0.9999437097739553,0.20998699533733267,0.36832855197713171,0.99897877285716741,1,0,orfoz184,6315694,212.759176448
39,FLOW_INTENSITY__BC3_HIGH_v020__M2_216x72__C16,FLOW_INTENSITY,FLOW,BC3_HIGH_v020,M2_216x72,216,72,0.2,nominal_chemistry,10000000,5,1000,16,C16,MG3V_3LEVEL,15552,216,72,72,24,24,8,3,3,40,1,2,46331,0.20000000000000001,-0.20000000000000001,3571428.571,1,2.0000000000000002e-05,1000,0.69999999999999996,1,96.73010495300079,16.137053747999961,16.682555814284115,0.20913652300000002,96.947753933000001,46331,26981,0.58235306814012211,17,0.44788189749055529,6,6346810.4843330532,2260768.3155774809,624.5875658103032,9.8409676380298788e-05,0.255205215752484,53962,53962,80943,80943,80943,80943,1079240,193197.2839506173,4.1699355496453192,0.01526594773138612,0.00068789121139244645,1.0017294267538301e-09,293.01662715932395,1029.5049578715498,99999.977459126239,100000.02004091187,-0.088963523333634068,0.088963556892164924,-0.20859660262414731,0.20859657695971859,0.9999437097739553,0.20998699533733267,0.36832855197713171,0.99897877285716741,1,0,orfoz201,6315703,97.144284672
40,FLOW_INTENSITY__BC3_HIGH_v020__M3_432x144__C1,FLOW_INTENSITY,FLOW,BC3_HIGH_v020,M3_432x144,432,144,0.2,nominal_chemistry,10000000,5,1000,1,C1,MG3V_3LEVEL,62208,432,144,144,48,48,16,3,3,40,1,2,88150,0.20000000000000001,-0.20000000000000001,3571428.571,1,2.0000000000000002e-05,1000,0.69999999999999996,1,6231.236978269978,135.2040128660025,2.1697780607204598,0.66484934800000017,6231.943761734,88150,50317,0.57081111741349977,37,0.47224665338233074,8,106452277.2715442,87182356.015684828,6196.6308608464897,5.8210411460149318e-05,0.30301622125277161,100634,100634,150951,150951,150951,150951,2012680,360294.56790123461,4.087289482713949,0.018450157535174094,0.00055985935274705878,9.8921594485416083e-09,293.00759797220292,1031.032207994253,99999.90911438271,100000.07083645255,-0.091715195017593093,0.091715199937843481,-0.20823995903136885,0.20823995825209018,0.99998153900849285,0.20999565932281145,0.37187391033619388,0.99943947387187182,1,0,orfoz175,6315705,6232.086338816
41,FLOW_INTENSITY__BC3_HIGH_v020__M3_432x144__C2,FLOW_INTENSITY,FLOW,BC3_HIGH_v020,M3_432x144,432,144,0.2,nominal_chemistry,10000000,5,1000,2,C2,MG3V_3LEVEL,62208,432,144,144,48,48,16,3,3,40,1,2,88150,0.20000000000000001,-0.20000000000000001,3571428.571,1,2.0000000000000002e-05,1000,0.69999999999999996,1,3226.5995470050152,80.782968893001197,2.5036564877716336,0.67945731799999987,3227.3062614219998,88150,50317,0.57081111741349977,37,0.47224665338233074,8,106452277.2715442,87182356.015684828,6196.6308608464897,5.8210411460149318e-05,0.30301622125277161,100634,100634,150951,150951,150951,150951,2012680,360294.56790123461,4.087289482713949,0.018450157535174094,0.00055985935274705998,9.8921594485416199e-09,293.00759797220292,1031.032207994253,99999.90911438271,100000.07083645255,-0.091715195017593093,0.091715199937843481,-0.20823995903136885,0.20823995825209018,0.99998153900849285,0.20999565932281145,0.37187391033619388,0.99943947387187182,1,0,orfoz201,6315706,3227.442388224
42,FLOW_INTENSITY__BC3_HIGH_v020__M3_432x144__C4,FLOW_INTENSITY,FLOW,BC3_HIGH_v020,M3_432x144,432,144,0.2,nominal_chemistry,10000000,5,1000,4,C4,MG3V_3LEVEL,62208,432,144,144,48,48,16,3,3,40,1,2,88150,0.20000000000000001,-0.20000000000000001,3571428.571,1,2.0000000000000002e-05,1000,0.69999999999999996,1,1691.6019827160255,52.880179773000179,3.1260414869043895,0.65517853199999998,1692.278160993,88150,50317,0.57081111741349977,37,0.47224665338233074,8,106452277.2715442,87182356.015684828,6196.6308608464897,5.8210411460149318e-05,0.30301622125277161,100634,100634,150951,150951,150951,150951,2012680,360294.56790123461,4.087289482713949,0.018450157535174094,0.00055985935274706009,9.8921594485416398e-09,293.00759797220292,1031.032207994253,99999.90911438271,100000.07083645255,-0.091715195017593093,0.091715199937843481,-0.20823995903136885,0.20823995825209018,0.99998153900849285,0.20999565932281145,0.37187391033619388,0.99943947387187182,1,0,orfoz172,6315912,1692.508280832
43,FLOW_INTENSITY__BC3_HIGH_v020__M3_432x144__C16,FLOW_INTENSITY,FLOW,BC3_HIGH_v020,M3_432x144,432,144,0.2,nominal_chemistry,10000000,5,1000,16,C16,MG3V_3LEVEL,62208,432,144,144,48,48,16,3,3,40,1,2,88150,0.20000000000000001,-0.20000000000000001,3571428.571,1,2.0000000000000002e-05,1000,0.69999999999999996,1,550.72400028600373,43.372442169999843,7.8755315089728297,0.65484269899999992,551.39920479299997,88150,50317,0.57081111741349977,37,0.47224665338233074,8,106452277.2715442,87182356.015684828,6196.6308608464897,5.8210411460149318e-05,0.30301622125277161,100634,100634,150951,150951,150951,150951,2012680,360294.56790123461,4.087289482713949,0.018450157535174094,0.0005598593527470616,9.8921594485416398e-09,293.00759797220292,1031.032207994253,99999.90911438271,100000.07083645255,-0.091715195017593093,0.091715199937843481,-0.20823995903136885,0.20823995825209018,0.99998153900849285,0.20999565932281145,0.37187391033619388,0.99943947387187182,1,0,orfoz172,6316129,551.547900928
44,FLOW_INTENSITY__BC3_HIGH_v020__M4_864x288__C1,FLOW_INTENSITY,FLOW,BC3_HIGH_v020,M4_864x288,864,288,0.2,nominal_chemistry,10000000,5,1000,1,C1,MG3V_3LEVEL,248832,864,288,288,96,96,32,3,3,40,1,2,194178,0.20000000000000001,-0.20000000000000001,3571428.571,1,2.0000000000000002e-05,1000,0.69999999999999996,1,54060.533231593436,1136.1891999620125,2.1016981003398869,2.9122820530000002,54063.772135231004,194178,108823,0.56042909083418302,127,0.48979468264627257,3,106034028.59752971,5352048.8162797093,6808.9563505500555,6.4214822737657305e-05,0.10835613227906531,217646,217646,326469,326469,326469,326469,4352920,779226.4197530864,4.0129490454793357,0.064853838482804349,0.0015315554452577096,1.3634084164862968e-09,293.00468304671728,1036.7059431296839,99999.957985552057,100000.03130513823,-0.089883089895875054,0.0898831176208508,-0.20591093724930917,0.20591092995948268,0.999990080253222,0.20999765220943009,0.37465168384571146,0.99968918140859808,1,0,orfoz172,6316179,54063.901070592
45,FLOW_INTENSITY__BC3_HIGH_v020__M4_864x288__C2,FLOW_INTENSITY,FLOW,BC3_HIGH_v020,M4_864x288,864,288,0.2,nominal_chemistry,10000000,5,1000,2,C2,MG3V_3LEVEL,248832,864,288,288,96,96,32,3,3,40,1,2,194178,0.20000000000000001,-0.20000000000000001,3571428.571,1,2.0000000000000002e-05,1000,0.69999999999999996,1,27298.553215542383,604.43118166400825,2.21415097309947,2.3546435520000002,27301.078315868999,194178,108823,0.56042909083418302,127,0.48979468264627257,3,106034028.59752971,5352048.8162797093,6808.9563505500555,6.4214822737657305e-05,0.10835613227906531,217646,217646,326469,326469,326469,326469,4352920,779226.4197530864,4.0129490454793357,0.064853838482804349,0.0015315554452577066,1.3634084164862732e-09,293.00468304671728,1036.7059431296839,99999.957985552057,100000.03130513823,-0.089883089895875054,0.0898831176208508,-0.20591093724930917,0.20591092995948268,0.999990080253222,0.20999765220943009,0.37465168384571146,0.99968918140859808,1,0,orfoz175,6316200,27301.293569280
46,FLOW_INTENSITY__BC3_HIGH_v020__M4_864x288__C4,FLOW_INTENSITY,FLOW,BC3_HIGH_v020,M4_864x288,864,288,0.2,nominal_chemistry,10000000,5,1000,4,C4,MG3V_3LEVEL,248832,864,288,288,96,96,32,3,3,40,1,2,194178,0.20000000000000001,-0.20000000000000001,3571428.571,1,2.0000000000000002e-05,1000,0.69999999999999996,1,13974.877167387895,336.86447180899768,2.4105004128058645,2.328758638,13977.303639741,194178,108823,0.56042909083418302,127,0.48979468264627257,3,106034028.59752971,5352048.8162797093,6808.9563505500555,6.4214822737657305e-05,0.10835613227906531,217646,217646,326469,326469,326469,326469,4352920,779226.4197530864,4.0129490454793357,0.064853838482804349,0.0015315554452577059,1.3634084164862848e-09,293.00468304671728,1036.7059431296839,99999.957985552057,100000.03130513823,-0.089883089895875054,0.0898831176208508,-0.20591093724930917,0.20591092995948268,0.999990080253222,0.20999765220943009,0.37465168384571146,0.99968918140859808,1,0,orfoz207,6316926,13977.508809216
47,FLOW_INTENSITY__BC3_HIGH_v020__M4_864x288__C16,FLOW_INTENSITY,FLOW,BC3_HIGH_v020,M4_864x288,864,288,0.2,nominal_chemistry,10000000,5,1000,16,C16,MG3V_3LEVEL,248832,864,288,288,96,96,32,3,3,40,1,2,194178,0.20000000000000001,-0.20000000000000001,3571428.571,1,2.0000000000000002e-05,1000,0.69999999999999996,1,3990.6570115710319,156.95156526699799,3.9329755679807143,2.3409221159999998,3993.0741800010001,194178,108823,0.56042909083418302,127,0.48979468264627257,3,106034028.59752971,5352048.8162797093,6808.9563505500555,6.4214822737657305e-05,0.10835613227906531,217646,217646,326469,326469,326469,326469,4352920,779226.4197530864,4.0129490454793357,0.064853838482804349,0.0015315554452577096,1.3634084164862806e-09,293.00468304671728,1036.7059431296839,99999.957985552057,100000.03130513823,-0.089883089895875054,0.0898831176208508,-0.20591093724930917,0.20591092995948268,0.999990080253222,0.20999765220943009,0.37465168384571146,0.99968918140859808,1,0,orfoz175,6317546,3993.321520384
48,REACTION_STIFFNESS__S1_LOW_A1e7_Ta1000__M1_108x36__C1,REACTION_STIFFNESS,STIFFNESS,S1_LOW_A1e7_Ta1000,M1_108x36,108,36,0.1,low,10000000,5,1000,1,C1,MG3V_3LEVEL,3888,108,36,36,12,12,4,3,3,40,1,2,20033,0.10000000000000001,-0.10000000000000001,3571428.571,1,2.0000000000000002e-05,1000,0.69999999999999996,1,83.047351261999935,2.609256351000008,3.1418899114172332,0.068841738000000013,83.118483659000006,20033,13387,0.66824739180352422,16,0.36720903189443882,4,377879.54677589808,28944.902000507456,20.943906173750293,5.5424820825698464e-05,0.16401040461848665,26774,26774,40161,40161,40161,40161,535480,95857.530864197528,4.7849813240252344,0.001888247690843059,0.00012609231914629976,2.5424464933785714e-12,293.37417509859904,1073.7642503186353,99999.995267115388,100000.00505348136,-0.031704859979090595,0.031704840310488355,-0.091589200243459082,0.091589331764431695,0.99909751942016545,0.20977342341249003,0.3815741510064396,0.99590625874310956,1,0,orfoz207,6317547,83.277699840
49,REACTION_STIFFNESS__S1_LOW_A1e7_Ta1000__M1_108x36__C2,REACTION_STIFFNESS,STIFFNESS,S1_LOW_A1e7_Ta1000,M1_108x36,108,36,0.1,low,10000000,5,1000,2,C2,MG3V_3LEVEL,3888,108,36,36,12,12,4,3,3,40,1,2,20033,0.10000000000000001,-0.10000000000000001,3571428.571,1,2.0000000000000002e-05,1000,0.69999999999999996,1,47.156414773000144,2.8468129679999969,6.0369580293664882,0.069061028999999996,47.227396802000001,20033,13387,0.66824739180352422,16,0.36720903189443882,4,377879.54677589808,28944.902000507456,20.943906173750293,5.5424820825698464e-05,0.16401040461848665,26774,26774,40161,40161,40161,40161,535480,95857.530864197528,4.7849813240252344,0.001888247690843059,0.00012609231914629951,2.5424464933785762e-12,293.37417509859904,1073.7642503186353,99999.995267115388,100000.00505348136,-0.031704859979090595,0.031704840310488355,-0.091589200243459082,0.091589331764431695,0.99909751942016545,0.20977342341249003,0.3815741510064396,0.99590625874310956,1,0,orfoz207,6317548,47.291847424
50,REACTION_STIFFNESS__S1_LOW_A1e7_Ta1000__M1_108x36__C4,REACTION_STIFFNESS,STIFFNESS,S1_LOW_A1e7_Ta1000,M1_108x36,108,36,0.1,low,10000000,5,1000,4,C4,MG3V_3LEVEL,3888,108,36,36,12,12,4,3,3,40,1,2,20033,0.10000000000000001,-0.10000000000000001,3571428.571,1,2.0000000000000002e-05,1000,0.69999999999999996,1,29.389612901000042,3.3890630269999877,11.531499371618699,0.068516511000000002,29.460059140999999,20033,13387,0.66824739180352422,16,0.36720903189443882,4,377879.54677589808,28944.902000507456,20.943906173750293,5.5424820825698464e-05,0.16401040461848665,26774,26774,40161,40161,40161,40161,535480,95857.530864197528,4.7849813240252344,0.001888247690843059,0.00012609231914629951,2.5424464933785779e-12,293.37417509859904,1073.7642503186353,99999.995267115388,100000.00505348136,-0.031704859979090595,0.031704840310488355,-0.091589200243459082,0.091589331764431695,0.99909751942016545,0.20977342341249003,0.3815741510064396,0.99590625874310956,1,0,orfoz207,6317549,29.526891008
51,REACTION_STIFFNESS__S1_LOW_A1e7_Ta1000__M1_108x36__C16,REACTION_STIFFNESS,STIFFNESS,S1_LOW_A1e7_Ta1000,M1_108x36,108,36,0.1,low,10000000,5,1000,16,C16,MG3V_3LEVEL,3888,108,36,36,12,12,4,3,3,40,1,2,20033,0.10000000000000001,-0.10000000000000001,3571428.571,1,2.0000000000000002e-05,1000,0.69999999999999996,1,24.381682301999984,6.2774282249999622,25.746493401257371,0.068696271000000003,24.453411533000001,20033,13387,0.66824739180352422,16,0.36720903189443882,4,377879.54677589808,28944.902000507456,20.943906173750293,5.5424820825698464e-05,0.16401040461848665,26774,26774,40161,40161,40161,40161,535480,95857.530864197528,4.7849813240252344,0.001888247690843059,0.00012609231914629954,2.5424464933786053e-12,293.37417509859904,1073.7642503186353,99999.995267115388,100000.00505348136,-0.031704859979090595,0.031704840310488355,-0.091589200243459082,0.091589331764431695,0.99909751942016545,0.20977342341249003,0.3815741510064396,0.99590625874310956,1,0,orfoz207,6317550,24.534561792
52,REACTION_STIFFNESS__S1_LOW_A1e7_Ta1000__M2_216x72__C1,REACTION_STIFFNESS,STIFFNESS,S1_LOW_A1e7_Ta1000,M2_216x72,216,72,0.1,low,10000000,5,1000,1,C1,MG3V_3LEVEL,15552,216,72,72,24,24,8,3,3,40,1,2,22254,0.10000000000000001,-0.10000000000000001,3571428.571,1,2.0000000000000002e-05,1000,0.69999999999999996,1,410.74523216000154,9.2204181290000555,2.244802229477453,0.16804375100000002,410.91796412399998,22254,13443,0.60407117821515233,17,0.4362032237991863,7,9462238.7122842651,8250328.5145303588,788.89298606803641,8.3372763048544029e-05,0.26655842127838175,26886,26886,40329,40329,40329,40329,537720,96258.518518518511,4.3254479427751642,0.0064814994162212258,0.00031582722046317774,1.0591574328488294e-10,293.15671169845029,1074.9233526449716,99999.96937622079,100000.02578973499,-0.029317128363328095,0.029317124961202857,-0.10307432756790717,0.10307433892286381,0.99965388453228643,0.20991256583394885,0.3812103061822199,0.99796728612481689,1,0,orfoz207,6317551,410.995070464
53,REACTION_STIFFNESS__S1_LOW_A1e7_Ta1000__M2_216x72__C2,REACTION_STIFFNESS,STIFFNESS,S1_LOW_A1e7_Ta1000,M2_216x72,216,72,0.1,low,10000000,5,1000,2,C2,MG3V_3LEVEL,15552,216,72,72,24,24,8,3,3,40,1,2,22254,0.10000000000000001,-0.10000000000000001,3571428.571,1,2.0000000000000002e-05,1000,0.69999999999999996,1,217.18116919900049,6.8591856349999842,3.1582782523447026,0.16810362099999998,217.3533286,22254,13443,0.60407117821515233,17,0.4362032237991863,7,9462238.7122842651,8250328.5145303588,788.89298606803641,8.3372763048544029e-05,0.26655842127838175,26886,26886,40329,40329,40329,40329,537720,96258.518518518511,4.3254479427751642,0.0064814994162212258,0.00031582722046317855,1.059157432848835e-10,293.15671169845029,1074.9233526449716,99999.96937622079,100000.02578973499,-0.029317128363328095,0.029317124961202857,-0.10307432756790717,0.10307433892286381,0.99965388453228643,0.20991256583394885,0.3812103061822199,0.99796728612481689,1,0,orfoz207,6317554,217.429187840
54,REACTION_STIFFNESS__S1_LOW_A1e7_Ta1000__M2_216x72__C4,REACTION_STIFFNESS,STIFFNESS,S1_LOW_A1e7_Ta1000,M2_216x72,216,72,0.1,low,10000000,5,1000,4,C4,MG3V_3LEVEL,15552,216,72,72,24,24,8,3,3,40,1,2,22254,0.10000000000000001,-0.10000000000000001,3571428.571,1,2.0000000000000002e-05,1000,0.69999999999999996,1,119.7549806810007,5.9622608310000826,4.9787163732940289,0.16957368,119.928046606,22254,13443,0.60407117821515233,17,0.4362032237991863,7,9462238.7122842651,8250328.5145303588,788.89298606803641,8.3372763048544029e-05,0.26655842127838175,26886,26886,40329,40329,40329,40329,537720,96258.518518518511,4.3254479427751642,0.0064814994162212258,0.00031582722046317817,1.0591574328488337e-10,293.15671169845029,1074.9233526449716,99999.96937622079,100000.02578973499,-0.029317128363328095,0.029317124961202857,-0.10307432756790717,0.10307433892286381,0.99965388453228643,0.20991256583394885,0.3812103061822199,0.99796728612481689,1,0,orfoz207,6317555,120.000581888
55,REACTION_STIFFNESS__S1_LOW_A1e7_Ta1000__M2_216x72__C16,REACTION_STIFFNESS,STIFFNESS,S1_LOW_A1e7_Ta1000,M2_216x72,216,72,0.1,low,10000000,5,1000,16,C16,MG3V_3LEVEL,15552,216,72,72,24,24,8,3,3,40,1,2,22254,0.10000000000000001,-0.10000000000000001,3571428.571,1,2.0000000000000002e-05,1000,0.69999999999999996,1,55.381109250999991,8.0217418649999797,14.484617541052836,0.16842175200000001,55.553800393000003,22254,13443,0.60407117821515233,17,0.4362032237991863,7,9462238.7122842651,8250328.5145303588,788.89298606803641,8.3372763048544029e-05,0.26655842127838175,26886,26886,40329,40329,40329,40329,537720,96258.518518518511,4.3254479427751642,0.0064814994162212258,0.00031582722046317828,1.0591574328488337e-10,293.15671169845029,1074.9233526449716,99999.96937622079,100000.02578973499,-0.029317128363328095,0.029317124961202857,-0.10307432756790717,0.10307433892286381,0.99965388453228643,0.20991256583394885,0.3812103061822199,0.99796728612481689,1,0,orfoz207,6317556,55.624345600
56,REACTION_STIFFNESS__S1_LOW_A1e7_Ta1000__M3_432x144__C1,REACTION_STIFFNESS,STIFFNESS,S1_LOW_A1e7_Ta1000,M3_432x144,432,144,0.1,low,10000000,5,1000,1,C1,MG3V_3LEVEL,62208,432,144,144,48,48,16,3,3,40,1,2,48573,0.10000000000000001,-0.10000000000000001,3571428.571,1,2.0000000000000002e-05,1000,0.69999999999999996,1,3483.3886128449853,73.996043053000662,2.1242546059931544,0.58544799999999997,3484.0007444359999,48573,27525,0.56667284293743436,37,0.48606442977247039,6,9624692.3999577668,3329231.4465469923,513.96479968912899,5.3400646829127163e-05,0.23161404855748999,55050,55050,82575,82575,82575,82575,1101000,197092.59259259258,4.0576573938729865,0.011653256626942721,0.0003608857078064696,4.4223124718155238e-10,293.07747202129667,1085.0895814556754,99999.988584195336,100000.00884595078,-0.027468036493616635,0.02746803591283346,-0.10292714748139085,0.10292715311320759,0.9998480514100716,0.20996123077255643,0.38638557909099175,0.99892773242588695,1,0,orfoz207,6317557,3484.137668608
57,REACTION_STIFFNESS__S1_LOW_A1e7_Ta1000__M3_432x144__C2,REACTION_STIFFNESS,STIFFNESS,S1_LOW_A1e7_Ta1000,M3_432x144,432,144,0.1,low,10000000,5,1000,2,C2,MG3V_3LEVEL,62208,432,144,144,48,48,16,3,3,40,1,2,48573,0.10000000000000001,-0.10000000000000001,3571428.571,1,2.0000000000000002e-05,1000,0.69999999999999996,1,1804.8760996939907,44.875854161000035,2.4863675777306016,0.58739449099999996,1805.4793607710001,48573,27525,0.56667284293743436,37,0.48606442977247039,6,9624692.3999577668,3329231.4465469923,513.96479968912899,5.3400646829127163e-05,0.23161404855748999,55050,55050,82575,82575,82575,82575,1101000,197092.59259259258,4.0576573938729865,0.011653256626942721,0.00036088570780647036,4.4223124718155331e-10,293.07747202129667,1085.0895814556754,99999.988584195336,100000.00884595078,-0.027468036493616635,0.02746803591283346,-0.10292714748139085,0.10292715311320759,0.9998480514100716,0.20996123077255643,0.38638557909099175,0.99892773242588695,1,0,orfoz175,6317577,1805.633383168
58,REACTION_STIFFNESS__S1_LOW_A1e7_Ta1000__M3_432x144__C4,REACTION_STIFFNESS,STIFFNESS,S1_LOW_A1e7_Ta1000,M3_432x144,432,144,0.1,low,10000000,5,1000,4,C4,MG3V_3LEVEL,62208,432,144,144,48,48,16,3,3,40,1,2,48573,0.10000000000000001,-0.10000000000000001,3571428.571,1,2.0000000000000002e-05,1000,0.69999999999999996,1,944.67781470399893,28.509356188000115,3.0178919991820816,0.60237041200000008,945.29428362399995,48573,27525,0.56667284293743436,37,0.48606442977247039,6,9624692.3999577668,3329231.4465469923,513.96479968912899,5.3400646829127163e-05,0.23161404855748999,55050,55050,82575,82575,82575,82575,1101000,197092.59259259258,4.0576573938729865,0.011653256626942721,0.00036088570780646971,4.4223124718155284e-10,293.07747202129667,1085.0895814556754,99999.988584195336,100000.00884595078,-0.027468036493616635,0.02746803591283346,-0.10292714748139085,0.10292715311320759,0.9998480514100716,0.20996123077255643,0.38638557909099175,0.99892773242588695,1,0,orfoz182,6317582,945.759518208
59,REACTION_STIFFNESS__S1_LOW_A1e7_Ta1000__M3_432x144__C16,REACTION_STIFFNESS,STIFFNESS,S1_LOW_A1e7_Ta1000,M3_432x144,432,144,0.1,low,10000000,5,1000,16,C16,MG3V_3LEVEL,62208,432,144,144,48,48,16,3,3,40,1,2,48573,0.10000000000000001,-0.10000000000000001,3571428.571,1,2.0000000000000002e-05,1000,0.69999999999999996,1,308.70083441400078,23.4604295080002,7.599729865497304,0.59855429700000007,309.31074951900001,48573,27525,0.56667284293743436,37,0.48606442977247039,6,9624692.3999577668,3329231.4465469923,513.96479968912899,5.3400646829127163e-05,0.23161404855748999,55050,55050,82575,82575,82575,82575,1101000,197092.59259259258,4.0576573938729865,0.011653256626942721,0.00036088570780646966,4.4223124718155336e-10,293.07747202129667,1085.0895814556754,99999.988584195336,100000.00884595078,-0.027468036493616635,0.02746803591283346,-0.10292714748139085,0.10292715311320759,0.9998480514100716,0.20996123077255643,0.38638557909099175,0.99892773242588695,1,0,orfoz182,6317588,309.388445440
60,REACTION_STIFFNESS__S1_LOW_A1e7_Ta1000__M4_864x288__C1,REACTION_STIFFNESS,STIFFNESS,S1_LOW_A1e7_Ta1000,M4_864x288,864,288,0.1,low,10000000,5,1000,1,C1,MG3V_3LEVEL,248832,864,288,288,96,96,32,3,3,40,1,2,194042,0.10000000000000001,-0.10000000000000001,3571428.571,1,2.0000000000000002e-05,1000,0.69999999999999996,1,53465.274831755749,1128.384577420049,2.1104999104013658,2.3476827410000003,53467.944159366001,194042,108090,0.55704435122293117,127,0.50276373538951025,4,56309129.743845604,7278867.6422831044,3461.14481985569,6.1466849791511503e-05,0.14766888213013543,216180,216180,324270,324270,324270,324270,4323600,773977.77777777775,3.9887126383864202,0.029088788501553609,0.00049637282910202252,1.1591255025336252e-10,293.04121325145519,1082.8018662085783,99999.980350106882,100000.01548093493,-0.027337294761079371,0.027337299058738985,-0.1016933138944414,0.10169332847553075,0.99991840900540396,0.20997910706670633,0.38529019555093152,0.99945494032007642,1,0,orfoz175,6317590,53468.078879488
61,REACTION_STIFFNESS__S1_LOW_A1e7_Ta1000__M4_864x288__C2,REACTION_STIFFNESS,STIFFNESS,S1_LOW_A1e7_Ta1000,M4_864x288,864,288,0.1,low,10000000,5,1000,2,C2,MG3V_3LEVEL,248832,864,288,288,96,96,32,3,3,40,1,2,194042,0.10000000000000001,-0.10000000000000001,3571428.571,1,2.0000000000000002e-05,1000,0.69999999999999996,1,27074.367656222206,603.63751548600612,2.2295535140495839,2.3895694359999999,27076.945404391001,194042,108090,0.55704435122293117,127,0.50276373538951025,4,56309129.743845604,7278867.6422831044,3461.14481985569,6.1466849791511503e-05,0.14766888213013543,216180,216180,324270,324270,324270,324270,4323600,773977.77777777775,3.9887126383864202,0.029088788501553609,0.00049637282910202306,1.1591255025336457e-10,293.04121325145519,1082.8018662085783,99999.980350106882,100000.01548093493,-0.027337294761079371,0.027337299058738985,-0.1016933138944414,0.10169332847553075,0.99991840900540396,0.20997910706670633,0.38529019555093152,0.99945494032007642,1,0,orfoz182,6317592,27077.153534976
62,REACTION_STIFFNESS__S1_LOW_A1e7_Ta1000__M4_864x288__C4,REACTION_STIFFNESS,STIFFNESS,S1_LOW_A1e7_Ta1000,M4_864x288,864,288,0.1,low,10000000,5,1000,4,C4,MG3V_3LEVEL,248832,864,288,288,96,96,32,3,3,40,1,2,194042,0.10000000000000001,-0.10000000000000001,3571428.571,1,2.0000000000000002e-05,1000,0.69999999999999996,1,13851.912573434043,331.75182018700116,2.3949892726240054,2.3511133480000002,13854.361901468001,194042,108090,0.55704435122293117,127,0.50276373538951025,4,56309129.743845604,7278867.6422831044,3461.14481985569,6.1466849791511503e-05,0.14766888213013543,216180,216180,324270,324270,324270,324270,4323600,773977.77777777775,3.9887126383864202,0.029088788501553609,0.00049637282910202285,1.1591255025336465e-10,293.04121325145519,1082.8018662085783,99999.980350106882,100000.01548093493,-0.027337294761079371,0.027337299058738985,-0.1016933138944414,0.10169332847553075,0.99991840900540396,0.20997910706670633,0.38529019555093152,0.99945494032007642,1,0,orfoz172,6318093,13854.788276224
63,REACTION_STIFFNESS__S1_LOW_A1e7_Ta1000__M4_864x288__C16,REACTION_STIFFNESS,STIFFNESS,S1_LOW_A1e7_Ta1000,M4_864x288,864,288,0.1,low,10000000,5,1000,16,C16,MG3V_3LEVEL,248832,864,288,288,96,96,32,3,3,40,1,2,194042,0.10000000000000001,-0.10000000000000001,3571428.571,1,2.0000000000000002e-05,1000,0.69999999999999996,1,3971.9028545650067,158.21840531300199,3.9834409628412151,2.3920989270000002,3974.369348487,194042,108090,0.55704435122293117,127,0.50276373538951025,4,56309129.743845604,7278867.6422831044,3461.14481985569,6.1466849791511503e-05,0.14766888213013543,216180,216180,324270,324270,324270,324270,4323600,773977.77777777775,3.9887126383864202,0.029088788501553609,0.00049637282910202274,1.1591255025336484e-10,293.04121325145519,1082.8018662085783,99999.980350106882,100000.01548093493,-0.027337294761079371,0.027337299058738985,-0.1016933138944414,0.10169332847553075,0.99991840900540396,0.20997910706670633,0.38529019555093152,0.99945494032007642,1,0,orfoz182,6318658,3974.617601280
64,REACTION_STIFFNESS__S2_INTERMEDIATE_A1e8_Ta500__M1_108x36__C1,REACTION_STIFFNESS,STIFFNESS,S2_INTERMEDIATE_A1e8_Ta500,M1_108x36,108,36,0.1,intermediate,100000000,5,500,1,C1,MG3V_3LEVEL,3888,108,36,36,12,12,4,3,3,40,1,2,20033,0.10000000000000001,-0.10000000000000001,3571428.571,1,2.0000000000000002e-05,1000,0.69999999999999996,1,81.982366482999865,2.607300261000002,3.1803183694882247,0.070546203000000002,82.055287062999994,20033,13387,0.66824739180352422,16,0.36720903189443882,4,377879.54677589808,28944.902000507456,20.943906173750293,5.5424820825698464e-05,0.16401040461848665,26774,26774,40161,40161,40161,40161,535480,95857.530864197528,4.7849813240252344,0.001888247690843059,0.00012609231914629976,2.5424464933785714e-12,293.37417509869692,1073.7642503343118,99999.995267115388,100000.00505348136,-0.031704859979090595,0.031704840310488355,-0.091589200243459082,0.091589331764431695,0.99909751942016967,0.20977342341249192,0.38157415100653413,0.99590625874305727,1,0,orfoz182,6318967,82.216877824
65,REACTION_STIFFNESS__S2_INTERMEDIATE_A1e8_Ta500__M1_108x36__C2,REACTION_STIFFNESS,STIFFNESS,S2_INTERMEDIATE_A1e8_Ta500,M1_108x36,108,36,0.1,intermediate,100000000,5,500,2,C2,MG3V_3LEVEL,3888,108,36,36,12,12,4,3,3,40,1,2,20033,0.10000000000000001,-0.10000000000000001,3571428.571,1,2.0000000000000002e-05,1000,0.69999999999999996,1,46.320296153999884,2.7726531799999807,5.985827834048842,0.070220681000000007,46.392379073999997,20033,13387,0.66824739180352422,16,0.36720903189443882,4,377879.54677589808,28944.902000507456,20.943906173750293,5.5424820825698464e-05,0.16401040461848665,26774,26774,40161,40161,40161,40161,535480,95857.530864197528,4.7849813240252344,0.001888247690843059,0.00012609231914629951,2.5424464933785762e-12,293.37417509869692,1073.7642503343118,99999.995267115388,100000.00505348136,-0.031704859979090595,0.031704840310488355,-0.091589200243459082,0.091589331764431695,0.99909751942016967,0.20977342341249192,0.38157415100653413,0.99590625874305727,1,0,orfoz182,6318982,46.583183616
66,REACTION_STIFFNESS__S2_INTERMEDIATE_A1e8_Ta500__M1_108x36__C4,REACTION_STIFFNESS,STIFFNESS,S2_INTERMEDIATE_A1e8_Ta500,M1_108x36,108,36,0.1,intermediate,100000000,5,500,4,C4,MG3V_3LEVEL,3888,108,36,36,12,12,4,3,3,40,1,2,20033,0.10000000000000001,-0.10000000000000001,3571428.571,1,2.0000000000000002e-05,1000,0.69999999999999996,1,28.97249233299987,3.2999008909999965,11.389772246971608,0.070340163000000011,29.044951530999999,20033,13387,0.66824739180352422,16,0.36720903189443882,4,377879.54677589808,28944.902000507456,20.943906173750293,5.5424820825698464e-05,0.16401040461848665,26774,26774,40161,40161,40161,40161,535480,95857.530864197528,4.7849813240252344,0.001888247690843059,0.00012609231914629951,2.5424464933785779e-12,293.37417509869692,1073.7642503343118,99999.995267115388,100000.00505348136,-0.031704859979090595,0.031704840310488355,-0.091589200243459082,0.091589331764431695,0.99909751942016967,0.20977342341249192,0.38157415100653413,0.99590625874305727,1,0,orfoz182,6318984,29.236289024
67,REACTION_STIFFNESS__S2_INTERMEDIATE_A1e8_Ta500__M1_108x36__C16,REACTION_STIFFNESS,STIFFNESS,S2_INTERMEDIATE_A1e8_Ta500,M1_108x36,108,36,0.1,intermediate,100000000,5,500,16,C16,MG3V_3LEVEL,3888,108,36,36,12,12,4,3,3,40,1,2,20033,0.10000000000000001,-0.10000000000000001,3571428.571,1,2.0000000000000002e-05,1000,0.69999999999999996,1,24.436795454999963,6.4565728779999727,26.421520325321158,0.069989778000000002,24.51005039,20033,13387,0.66824739180352422,16,0.36720903189443882,4,377879.54677589808,28944.902000507456,20.943906173750293,5.5424820825698464e-05,0.16401040461848665,26774,26774,40161,40161,40161,40161,535480,95857.530864197528,4.7849813240252344,0.001888247690843059,0.00012609231914629954,2.5424464933786098e-12,293.37417509869692,1073.7642503343118,99999.995267115388,100000.00505348136,-0.031704859979090595,0.031704840310488355,-0.091589200243459082,0.091589331764431695,0.99909751942016967,0.20977342341249192,0.38157415100653413,0.99590625874305727,1,0,orfoz182,6318985,24.594204416
68,REACTION_STIFFNESS__S2_INTERMEDIATE_A1e8_Ta500__M2_216x72__C1,REACTION_STIFFNESS,STIFFNESS,S2_INTERMEDIATE_A1e8_Ta500,M2_216x72,216,72,0.1,intermediate,100000000,5,500,1,C1,MG3V_3LEVEL,15552,216,72,72,24,24,8,3,3,40,1,2,22254,0.10000000000000001,-0.10000000000000001,3571428.571,1,2.0000000000000002e-05,1000,0.69999999999999996,1,400.44229484300212,9.2405971680000238,2.3075976955987887,0.171167018,400.61770552500002,22254,13443,0.60407117821515233,17,0.4362032237991863,7,9462238.7122842651,8250328.5145303588,788.89298606803641,8.3372763048544029e-05,0.26655842127838175,26886,26886,40329,40329,40329,40329,537720,96258.518518518511,4.3254479427751642,0.0064814994162212258,0.00031582722046317774,1.0591574328488294e-10,293.15671169852362,1074.9233526697067,99999.96937622079,100000.02578973499,-0.029317128363328095,0.029317124961202857,-0.10307432756790717,0.10307433892286381,0.99965388453228665,0.20991256583394816,0.38121030618208679,0.99796728612480368,1,0,orfoz182,6318986,400.702620928
69,REACTION_STIFFNESS__S2_INTERMEDIATE_A1e8_Ta500__M2_216x72__C2,REACTION_STIFFNESS,STIFFNESS,S2_INTERMEDIATE_A1e8_Ta500,M2_216x72,216,72,0.1,intermediate,100000000,5,500,2,C2,MG3V_3LEVEL,15552,216,72,72,24,24,8,3,3,40,1,2,22254,0.10000000000000001,-0.10000000000000001,3571428.571,1,2.0000000000000002e-05,1000,0.69999999999999996,1,210.9484882250006,6.6033779820000191,3.1303272365511163,0.17265455300000002,211.125153799,22254,13443,0.60407117821515233,17,0.4362032237991863,7,9462238.7122842651,8250328.5145303588,788.89298606803641,8.3372763048544029e-05,0.26655842127838175,26886,26886,40329,40329,40329,40329,537720,96258.518518518511,4.3254479427751642,0.0064814994162212258,0.00031582722046317855,1.059157432848835e-10,293.15671169852362,1074.9233526697067,99999.96937622079,100000.02578973499,-0.029317128363328095,0.029317124961202857,-0.10307432756790717,0.10307433892286381,0.99965388453228665,0.20991256583394816,0.38121030618208679,0.99796728612480368,1,0,orfoz182,6319000,211.207784704
70,REACTION_STIFFNESS__S2_INTERMEDIATE_A1e8_Ta500__M2_216x72__C4,REACTION_STIFFNESS,STIFFNESS,S2_INTERMEDIATE_A1e8_Ta500,M2_216x72,216,72,0.1,intermediate,100000000,5,500,4,C4,MG3V_3LEVEL,15552,216,72,72,24,24,8,3,3,40,1,2,22254,0.10000000000000001,-0.10000000000000001,3571428.571,1,2.0000000000000002e-05,1000,0.69999999999999996,1,116.06346303200056,5.8285210299999992,5.021839670933292,0.17255146900000001,116.23931540700001,22254,13443,0.60407117821515233,17,0.4362032237991863,7,9462238.7122842651,8250328.5145303588,788.89298606803641,8.3372763048544029e-05,0.26655842127838175,26886,26886,40329,40329,40329,40329,537720,96258.518518518511,4.3254479427751642,0.0064814994162212258,0.00031582722046317817,1.0591574328488337e-10,293.15671169852362,1074.9233526697067,99999.96937622079,100000.02578973499,-0.029317128363328095,0.029317124961202857,-0.10307432756790717,0.10307433892286381,0.99965388453228665,0.20991256583394816,0.38121030618208679,0.99796728612480368,1,0,orfoz182,6319019,116.409182720
71,REACTION_STIFFNESS__S2_INTERMEDIATE_A1e8_Ta500__M2_216x72__C16,REACTION_STIFFNESS,STIFFNESS,S2_INTERMEDIATE_A1e8_Ta500,M2_216x72,216,72,0.1,intermediate,100000000,5,500,16,C16,MG3V_3LEVEL,15552,216,72,72,24,24,8,3,3,40,1,2,22254,0.10000000000000001,-0.10000000000000001,3571428.571,1,2.0000000000000002e-05,1000,0.69999999999999996,1,53.007135633999781,7.8287428169999833,14.769224413587214,0.171343832,53.184037742000001,22254,13443,0.60407117821515233,17,0.4362032237991863,7,9462238.7122842651,8250328.5145303588,788.89298606803641,8.3372763048544029e-05,0.26655842127838175,26886,26886,40329,40329,40329,40329,537720,96258.518518518511,4.3254479427751642,0.0064814994162212258,0.00031582722046317828,1.0591574328488341e-10,293.15671169852362,1074.9233526697067,99999.96937622079,100000.02578973499,-0.029317128363328095,0.029317124961202857,-0.10307432756790717,0.10307433892286381,0.99965388453228665,0.20991256583394816,0.38121030618208679,0.99796728612480368,1,0,orfoz182,6319025,53.365494528
72,REACTION_STIFFNESS__S2_INTERMEDIATE_A1e8_Ta500__M3_432x144__C1,REACTION_STIFFNESS,STIFFNESS,S2_INTERMEDIATE_A1e8_Ta500,M3_432x144,432,144,0.1,intermediate,100000000,5,500,1,C1,MG3V_3LEVEL,62208,432,144,144,48,48,16,3,3,40,1,2,48573,0.10000000000000001,-0.10000000000000001,3571428.571,1,2.0000000000000002e-05,1000,0.69999999999999996,1,3355.1536010190284,73.88343757599948,2.2020880818559121,0.62302379500000005,3355.8037456830002,48573,27525,0.56667284293743436,37,0.48606442977247039,6,9624692.3999577668,3329231.4465469923,513.96479968912899,5.3400646829127163e-05,0.23161404855748999,55050,55050,82575,82575,82575,82575,1101000,197092.59259259258,4.0576573938729865,0.011653256626942721,0.0003608857078064696,4.4223124718155238e-10,293.07747202134112,1085.0895814750729,99999.988584195336,100000.00884595078,-0.027468036493616635,0.02746803591283346,-0.10292714748139085,0.10292715311320759,0.9998480514100716,0.20996123077255607,0.38638557909039029,0.99892773242588073,1,0,orfoz182,6319028,3355.891433984
73,REACTION_STIFFNESS__S2_INTERMEDIATE_A1e8_Ta500__M3_432x144__C2,REACTION_STIFFNESS,STIFFNESS,S2_INTERMEDIATE_A1e8_Ta500,M3_432x144,432,144,0.1,intermediate,100000000,5,500,2,C2,MG3V_3LEVEL,62208,432,144,144,48,48,16,3,3,40,1,2,48573,0.10000000000000001,-0.10000000000000001,3571428.571,1,2.0000000000000002e-05,1000,0.69999999999999996,1,1740.2646176850246,44.304704385999827,2.5458602063021809,0.58709790299999998,1740.86802773,48573,27525,0.56667284293743436,37,0.48606442977247039,6,9624692.3999577668,3329231.4465469923,513.96479968912899,5.3400646829127163e-05,0.23161404855748999,55050,55050,82575,82575,82575,82575,1101000,197092.59259259258,4.0576573938729865,0.011653256626942721,0.00036088570780647036,4.4223124718155331e-10,293.07747202134112,1085.0895814750729,99999.988584195336,100000.00884595078,-0.027468036493616635,0.02746803591283346,-0.10292714748139085,0.10292715311320759,0.9998480514100716,0.20996123077255607,0.38638557909039029,0.99892773242588073,1,0,orfoz172,6319154,1741.034683136
74,REACTION_STIFFNESS__S2_INTERMEDIATE_A1e8_Ta500__M3_432x144__C4,REACTION_STIFFNESS,STIFFNESS,S2_INTERMEDIATE_A1e8_Ta500,M3_432x144,432,144,0.1,intermediate,100000000,5,500,4,C4,MG3V_3LEVEL,62208,432,144,144,48,48,16,3,3,40,1,2,48573,0.10000000000000001,-0.10000000000000001,3571428.571,1,2.0000000000000002e-05,1000,0.69999999999999996,1,913.48356636199628,28.361151833000235,3.104724909934641,0.60105052000000014,914.09411801199997,48573,27525,0.56667284293743436,37,0.48606442977247039,6,9624692.3999577668,3329231.4465469923,513.96479968912899,5.3400646829127163e-05,0.23161404855748999,55050,55050,82575,82575,82575,82575,1101000,197092.59259259258,4.0576573938729865,0.011653256626942721,0.00036088570780646976,4.4223124718155284e-10,293.07747202134112,1085.0895814750729,99999.988584195336,100000.00884595078,-0.027468036493616635,0.02746803591283346,-0.10292714748139085,0.10292715311320759,0.9998480514100716,0.20996123077255607,0.38638557909039029,0.99892773242588073,1,0,orfoz182,6319331,914.161498112
75,REACTION_STIFFNESS__S2_INTERMEDIATE_A1e8_Ta500__M3_432x144__C16,REACTION_STIFFNESS,STIFFNESS,S2_INTERMEDIATE_A1e8_Ta500,M3_432x144,432,144,0.1,intermediate,100000000,5,500,16,C16,MG3V_3LEVEL,62208,432,144,144,48,48,16,3,3,40,1,2,48573,0.10000000000000001,-0.10000000000000001,3571428.571,1,2.0000000000000002e-05,1000,0.69999999999999996,1,300.30207397399755,23.876861151000149,7.9509478023343885,0.58879620099999996,300.90061838899999,48573,27525,0.56667284293743436,37,0.48606442977247039,6,9624692.3999577668,3329231.4465469923,513.96479968912899,5.3400646829127163e-05,0.23161404855748999,55050,55050,82575,82575,82575,82575,1101000,197092.59259259258,4.0576573938729865,0.011653256626942721,0.00036088570780646971,4.4223124718155326e-10,293.07747202134112,1085.0895814750729,99999.988584195336,100000.00884595078,-0.027468036493616635,0.02746803591283346,-0.10292714748139085,0.10292715311320759,0.9998480514100716,0.20996123077255607,0.38638557909039029,0.99892773242588073,1,0,orfoz172,6319358,301.084222208
76,REACTION_STIFFNESS__S2_INTERMEDIATE_A1e8_Ta500__M4_864x288__C1,REACTION_STIFFNESS,STIFFNESS,S2_INTERMEDIATE_A1e8_Ta500,M4_864x288,864,288,0.1,intermediate,100000000,5,500,1,C1,MG3V_3LEVEL,248832,864,288,288,96,96,32,3,3,40,1,2,194042,0.10000000000000001,-0.10000000000000001,3571428.571,1,2.0000000000000002e-05,1000,0.69999999999999996,1,51911.439903562918,1128.753996294048,2.1743839091941206,2.346682333,51914.115789939002,194042,108090,0.55704435122293117,127,0.50276373538951025,4,56309129.743845604,7278867.6422831044,3461.14481985569,6.1466849791511503e-05,0.14766888213013543,216180,216180,324270,324270,324270,324270,4323600,773977.77777777775,3.9887126383864202,0.029088788501553609,0.00049637282910202252,1.1591255025336252e-10,293.0412132515284,1082.8018662507166,99999.980350106882,100000.01548093493,-0.027337294761079371,0.027337299058738985,-0.1016933138944414,0.10169332847553075,0.99991840900539986,0.2099791070667141,0.38529019558787747,0.99945494031993432,1,0,orfoz172,6319362,51914.290708480
77,REACTION_STIFFNESS__S2_INTERMEDIATE_A1e8_Ta500__M4_864x288__C2,REACTION_STIFFNESS,STIFFNESS,S2_INTERMEDIATE_A1e8_Ta500,M4_864x288,864,288,0.1,intermediate,100000000,5,500,2,C2,MG3V_3LEVEL,248832,864,288,288,96,96,32,3,3,40,1,2,194042,0.10000000000000001,-0.10000000000000001,3571428.571,1,2.0000000000000002e-05,1000,0.69999999999999996,1,26283.956347724295,603.17892210600098,2.2948558966018262,2.4781975009999999,26286.622995529,194042,108090,0.55704435122293117,127,0.50276373538951025,4,56309129.743845604,7278867.6422831044,3461.14481985569,6.1466849791511503e-05,0.14766888213013543,216180,216180,324270,324270,324270,324270,4323600,773977.77777777775,3.9887126383864202,0.029088788501553609,0.00049637282910202306,1.1591255025336457e-10,293.0412132515284,1082.8018662507166,99999.980350106882,100000.01548093493,-0.027337294761079371,0.027337299058738985,-0.1016933138944414,0.10169332847553075,0.99991840900539986,0.2099791070667141,0.38529019558787747,0.99945494031993432,1,0,orfoz182,6319379,26286.816276480
78,REACTION_STIFFNESS__S2_INTERMEDIATE_A1e8_Ta500__M4_864x288__C4,REACTION_STIFFNESS,STIFFNESS,S2_INTERMEDIATE_A1e8_Ta500,M4_864x288,864,288,0.1,intermediate,100000000,5,500,4,C4,MG3V_3LEVEL,248832,864,288,288,96,96,32,3,3,40,1,2,194042,0.10000000000000001,-0.10000000000000001,3571428.571,1,2.0000000000000002e-05,1000,0.69999999999999996,1,13445.745155440778,334.36433841000309,2.4867668882947975,2.3296534169999998,13448.17003858,194042,108090,0.55704435122293117,127,0.50276373538951025,4,56309129.743845604,7278867.6422831044,3461.14481985569,6.1466849791511503e-05,0.14766888213013543,216180,216180,324270,324270,324270,324270,4323600,773977.77777777775,3.9887126383864202,0.029088788501553609,0.00049637282910202274,1.1591255025336465e-10,293.0412132515284,1082.8018662507166,99999.980350106882,100000.01548093493,-0.027337294761079371,0.027337299058738985,-0.1016933138944414,0.10169332847553075,0.99991840900539986,0.2099791070667141,0.38529019558787747,0.99945494031993432,1,0,orfoz175,6320070,13448.340705536
79,REACTION_STIFFNESS__S2_INTERMEDIATE_A1e8_Ta500__M4_864x288__C16,REACTION_STIFFNESS,STIFFNESS,S2_INTERMEDIATE_A1e8_Ta500,M4_864x288,864,288,0.1,intermediate,100000000,5,500,16,C16,MG3V_3LEVEL,248832,864,288,288,96,96,32,3,3,40,1,2,194042,0.10000000000000001,-0.10000000000000001,3571428.571,1,2.0000000000000002e-05,1000,0.69999999999999996,1,3868.8502066659435,158.69854415200112,4.1019562835120116,2.3934737310000003,3871.320942502,194042,108090,0.55704435122293117,127,0.50276373538951025,4,56309129.743845604,7278867.6422831044,3461.14481985569,6.1466849791511503e-05,0.14766888213013543,216180,216180,324270,324270,324270,324270,4323600,773977.77777777775,3.9887126383864202,0.029088788501553609,0.00049637282910202285,1.1591255025336484e-10,293.0412132515284,1082.8018662507166,99999.980350106882,100000.01548093493,-0.027337294761079371,0.027337299058738985,-0.1016933138944414,0.10169332847553075,0.99991840900539986,0.2099791070667141,0.38529019558787747,0.99945494031993432,1,0,orfoz182,6320725,3871.545158912
80,REACTION_STIFFNESS__S3_HIGH_A1e9_Ta100__M1_108x36__C1,REACTION_STIFFNESS,STIFFNESS,S3_HIGH_A1e9_Ta100,M1_108x36,108,36,0.1,high,1000000000,5,100,1,C1,MG3V_3LEVEL,3888,108,36,36,12,12,4,3,3,40,1,2,20033,0.10000000000000001,-0.10000000000000001,3571428.571,1,2.0000000000000002e-05,1000,0.69999999999999996,1,78.585310501999942,2.6052516549999747,3.3151891089539856,0.070624551000000008,78.658299560000003,20033,13387,0.66824739180352422,16,0.36720903189443882,4,377879.54677589808,28944.902000507456,20.943906173750293,5.5424820825698464e-05,0.16401040461848665,26774,26774,40161,40161,40161,40161,535480,95857.530864197528,4.7849813240252344,0.001888247690843059,0.00012609231914629976,2.5424464933785714e-12,293.37417509870937,1073.7642503362565,99999.995267115388,100000.00505348136,-0.031704859979090595,0.031704840310488355,-0.091589200243459082,0.091589331764431695,0.99909751942017011,0.20977342341249205,0.38157415100656333,0.99590625874305283,1,0,orfoz182,6320976,78.815530240
81,REACTION_STIFFNESS__S3_HIGH_A1e9_Ta100__M1_108x36__C2,REACTION_STIFFNESS,STIFFNESS,S3_HIGH_A1e9_Ta100,M1_108x36,108,36,0.1,high,1000000000,5,100,2,C2,MG3V_3LEVEL,3888,108,36,36,12,12,4,3,3,40,1,2,20033,0.10000000000000001,-0.10000000000000001,3571428.571,1,2.0000000000000002e-05,1000,0.69999999999999996,1,44.441177120000006,2.726795426999987,6.135740778506154,0.070782150000000002,44.513741955,20033,13387,0.66824739180352422,16,0.36720903189443882,4,377879.54677589808,28944.902000507456,20.943906173750293,5.5424820825698464e-05,0.16401040461848665,26774,26774,40161,40161,40161,40161,535480,95857.530864197528,4.7849813240252344,0.001888247690843059,0.00012609231914629951,2.5424464933785762e-12,293.37417509870937,1073.7642503362565,99999.995267115388,100000.00505348136,-0.031704859979090595,0.031704840310488355,-0.091589200243459082,0.091589331764431695,0.99909751942017011,0.20977342341249205,0.38157415100656333,0.99590625874305283,1,0,orfoz182,6320978,44.602299648
82,REACTION_STIFFNESS__S3_HIGH_A1e9_Ta100__M1_108x36__C4,REACTION_STIFFNESS,STIFFNESS,S3_HIGH_A1e9_Ta100,M1_108x36,108,36,0.1,high,1000000000,5,100,4,C4,MG3V_3LEVEL,3888,108,36,36,12,12,4,3,3,40,1,2,20033,0.10000000000000001,-0.10000000000000001,3571428.571,1,2.0000000000000002e-05,1000,0.69999999999999996,1,28.356866587999839,3.3657273370000049,11.869179292271754,0.070190005,28.428712362999999,20033,13387,0.66824739180352422,16,0.36720903189443882,4,377879.54677589808,28944.902000507456,20.943906173750293,5.5424820825698464e-05,0.16401040461848665,26774,26774,40161,40161,40161,40161,535480,95857.530864197528,4.7849813240252344,0.001888247690843059,0.00012609231914629951,2.5424464933785779e-12,293.37417509870937,1073.7642503362565,99999.995267115388,100000.00505348136,-0.031704859979090595,0.031704840310488355,-0.091589200243459082,0.091589331764431695,0.99909751942017011,0.20977342341249205,0.38157415100656333,0.99590625874305283,1,0,orfoz182,6320979,28.555845120
83,REACTION_STIFFNESS__S3_HIGH_A1e9_Ta100__M1_108x36__C16,REACTION_STIFFNESS,STIFFNESS,S3_HIGH_A1e9_Ta100,M1_108x36,108,36,0.1,high,1000000000,5,100,16,C16,MG3V_3LEVEL,3888,108,36,36,12,12,4,3,3,40,1,2,20033,0.10000000000000001,-0.10000000000000001,3571428.571,1,2.0000000000000002e-05,1000,0.69999999999999996,1,24.131982683000007,6.4175142039999855,26.593398015824292,0.069373576999999992,24.205559903000001,20033,13387,0.66824739180352422,16,0.36720903189443882,4,377879.54677589808,28944.902000507456,20.943906173750293,5.5424820825698464e-05,0.16401040461848665,26774,26774,40161,40161,40161,40161,535480,95857.530864197528,4.7849813240252344,0.001888247690843059,0.00012609231914629954,2.5424464933786106e-12,293.37417509870937,1073.7642503362565,99999.995267115388,100000.00505348136,-0.031704859979090595,0.031704840310488355,-0.091589200243459082,0.091589331764431695,0.99909751942017011,0.20977342341249205,0.38157415100656333,0.99590625874305283,1,0,orfoz210,6320981,24.389939200
84,REACTION_STIFFNESS__S3_HIGH_A1e9_Ta100__M2_216x72__C1,REACTION_STIFFNESS,STIFFNESS,S3_HIGH_A1e9_Ta100,M2_216x72,216,72,0.1,high,1000000000,5,100,1,C1,MG3V_3LEVEL,15552,216,72,72,24,24,8,3,3,40,1,2,22254,0.10000000000000001,-0.10000000000000001,3571428.571,1,2.0000000000000002e-05,1000,0.69999999999999996,1,383.53496248199929,9.1692992220000615,2.3907336016153704,0.16750685700000001,383.70668389399998,22254,13443,0.60407117821515233,17,0.4362032237991863,7,9462238.7122842651,8250328.5145303588,788.89298606803641,8.3372763048544029e-05,0.26655842127838175,26886,26886,40329,40329,40329,40329,537720,96258.518518518511,4.3254479427751642,0.0064814994162212258,0.00031582722046317774,1.0591574328488294e-10,293.15671169853005,1074.9233526718792,99999.96937622079,100000.02578973499,-0.029317128363328095,0.029317124961202857,-0.10307432756790717,0.10307433892286381,0.99965388453228665,0.20991256583394807,0.38121030618208274,0.99796728612480257,1,0,orfoz210,6320982,383.826434048
85,REACTION_STIFFNESS__S3_HIGH_A1e9_Ta100__M2_216x72__C2,REACTION_STIFFNESS,STIFFNESS,S3_HIGH_A1e9_Ta100,M2_216x72,216,72,0.1,high,1000000000,5,100,2,C2,MG3V_3LEVEL,15552,216,72,72,24,24,8,3,3,40,1,2,22254,0.10000000000000001,-0.10000000000000001,3571428.571,1,2.0000000000000002e-05,1000,0.69999999999999996,1,203.96699175300151,6.7000482400000054,3.2848688811930815,0.16895613100000001,204.14072269499999,22254,13443,0.60407117821515233,17,0.4362032237991863,7,9462238.7122842651,8250328.5145303588,788.89298606803641,8.3372763048544029e-05,0.26655842127838175,26886,26886,40329,40329,40329,40329,537720,96258.518518518511,4.3254479427751642,0.0064814994162212258,0.00031582722046317855,1.059157432848835e-10,293.15671169853005,1074.9233526718792,99999.96937622079,100000.02578973499,-0.029317128363328095,0.029317124961202857,-0.10307432756790717,0.10307433892286381,0.99965388453228665,0.20991256583394807,0.38121030618208274,0.99796728612480257,1,0,orfoz260,6320985,204.305481728
86,REACTION_STIFFNESS__S3_HIGH_A1e9_Ta100__M2_216x72__C4,REACTION_STIFFNESS,STIFFNESS,S3_HIGH_A1e9_Ta100,M2_216x72,216,72,0.1,high,1000000000,5,100,4,C4,MG3V_3LEVEL,15552,216,72,72,24,24,8,3,3,40,1,2,22254,0.10000000000000001,-0.10000000000000001,3571428.571,1,2.0000000000000002e-05,1000,0.69999999999999996,1,112.98543568500018,5.8691418620000011,5.1946003716469997,0.16853078899999999,113.15662272199999,22254,13443,0.60407117821515233,17,0.4362032237991863,7,9462238.7122842651,8250328.5145303588,788.89298606803641,8.3372763048544029e-05,0.26655842127838175,26886,26886,40329,40329,40329,40329,537720,96258.518518518511,4.3254479427751642,0.0064814994162212258,0.00031582722046317817,1.0591574328488337e-10,293.15671169853005,1074.9233526718792,99999.96937622079,100000.02578973499,-0.029317128363328095,0.029317124961202857,-0.10307432756790717,0.10307433892286381,0.99965388453228665,0.20991256583394807,0.38121030618208274,0.99796728612480257,1,0,orfoz260,6320991,113.276299264
87,REACTION_STIFFNESS__S3_HIGH_A1e9_Ta100__M2_216x72__C16,REACTION_STIFFNESS,STIFFNESS,S3_HIGH_A1e9_Ta100,M2_216x72,216,72,0.1,high,1000000000,5,100,16,C16,MG3V_3LEVEL,15552,216,72,72,24,24,8,3,3,40,1,2,22254,0.10000000000000001,-0.10000000000000001,3571428.571,1,2.0000000000000002e-05,1000,0.69999999999999996,1,52.237857442000013,7.9510266220000094,15.220813048904388,0.168778596,52.412787698000002,22254,13443,0.60407117821515233,17,0.4362032237991863,7,9462238.7122842651,8250328.5145303588,788.89298606803641,8.3372763048544029e-05,0.26655842127838175,26886,26886,40329,40329,40329,40329,537720,96258.518518518511,4.3254479427751642,0.0064814994162212258,0.00031582722046317828,1.0591574328488342e-10,293.15671169853005,1074.9233526718792,99999.96937622079,100000.02578973499,-0.029317128363328095,0.029317124961202857,-0.10307432756790717,0.10307433892286381,0.99965388453228665,0.20991256583394807,0.38121030618208274,0.99796728612480257,1,0,orfoz347,6320994,52.680622080
88,REACTION_STIFFNESS__S3_HIGH_A1e9_Ta100__M3_432x144__C1,REACTION_STIFFNESS,STIFFNESS,S3_HIGH_A1e9_Ta100,M3_432x144,432,144,0.1,high,1000000000,5,100,1,C1,MG3V_3LEVEL,62208,432,144,144,48,48,16,3,3,40,1,2,48573,0.10000000000000001,-0.10000000000000001,3571428.571,1,2.0000000000000002e-05,1000,0.69999999999999996,1,3258.0250333029617,73.878927097000357,2.2675985095824278,0.58487351300000012,3258.6372735629998,48573,27525,0.56667284293743436,37,0.48606442977247039,6,9624692.3999577668,3329231.4465469923,513.96479968912899,5.3400646829127163e-05,0.23161404855748999,55050,55050,82575,82575,82575,82575,1101000,197092.59259259258,4.0576573938729865,0.011653256626942721,0.0003608857078064696,4.4223124718155238e-10,293.07747202134493,1085.0895814768533,99999.988584195336,100000.00884595078,-0.027468036493616635,0.02746803591283346,-0.10292714748139085,0.10292715311320759,0.9998480514100716,0.20996123077255596,0.38638557909033927,0.99892773242588029,1,0,orfoz210,6320995,3259.977310464
89,REACTION_STIFFNESS__S3_HIGH_A1e9_Ta100__M3_432x144__C2,REACTION_STIFFNESS,STIFFNESS,S3_HIGH_A1e9_Ta100,M3_432x144,432,144,0.1,high,1000000000,5,100,2,C2,MG3V_3LEVEL,62208,432,144,144,48,48,16,3,3,40,1,2,48573,0.10000000000000001,-0.10000000000000001,3571428.571,1,2.0000000000000002e-05,1000,0.69999999999999996,1,1688.6939765290001,44.154752843999695,2.6147279174144327,0.59771513500000006,1689.3090405150001,48573,27525,0.56667284293743436,37,0.48606442977247039,6,9624692.3999577668,3329231.4465469923,513.96479968912899,5.3400646829127163e-05,0.23161404855748999,55050,55050,82575,82575,82575,82575,1101000,197092.59259259258,4.0576573938729865,0.011653256626942721,0.00036088570780647036,4.4223124718155331e-10,293.07747202134493,1085.0895814768533,99999.988584195336,100000.00884595078,-0.027468036493616635,0.02746803591283346,-0.10292714748139085,0.10292715311320759,0.9998480514100716,0.20996123077255596,0.38638557909033927,0.99892773242588029,1,0,orfoz187,6320996,1689.473516544
90,REACTION_STIFFNESS__S3_HIGH_A1e9_Ta100__M3_432x144__C4,REACTION_STIFFNESS,STIFFNESS,S3_HIGH_A1e9_Ta100,M3_432x144,432,144,0.1,high,1000000000,5,100,4,C4,MG3V_3LEVEL,62208,432,144,144,48,48,16,3,3,40,1,2,48573,0.10000000000000001,-0.10000000000000001,3571428.571,1,2.0000000000000002e-05,1000,0.69999999999999996,1,889.19402881899271,29.094445435000154,3.2720018907057589,0.58498645699999985,889.79156640400004,48573,27525,0.56667284293743436,37,0.48606442977247039,6,9624692.3999577668,3329231.4465469923,513.96479968912899,5.3400646829127163e-05,0.23161404855748999,55050,55050,82575,82575,82575,82575,1101000,197092.59259259258,4.0576573938729865,0.011653256626942721,0.00036088570780646971,4.4223124718155284e-10,293.07747202134493,1085.0895814768533,99999.988584195336,100000.00884595078,-0.027468036493616635,0.02746803591283346,-0.10292714748139085,0.10292715311320759,0.9998480514100716,0.20996123077255596,0.38638557909033927,0.99892773242588029,1,0,orfoz175,6321074,890.016328704
91,REACTION_STIFFNESS__S3_HIGH_A1e9_Ta100__M3_432x144__C16,REACTION_STIFFNESS,STIFFNESS,S3_HIGH_A1e9_Ta100,M3_432x144,432,144,0.1,high,1000000000,5,100,16,C16,MG3V_3LEVEL,62208,432,144,144,48,48,16,3,3,40,1,2,48573,0.10000000000000001,-0.10000000000000001,3571428.571,1,2.0000000000000002e-05,1000,0.69999999999999996,1,293.09245926800054,23.437489607000174,7.9966197921077153,0.59047678800000003,293.69453391799999,48573,27525,0.56667284293743436,37,0.48606442977247039,6,9624692.3999577668,3329231.4465469923,513.96479968912899,5.3400646829127163e-05,0.23161404855748999,55050,55050,82575,82575,82575,82575,1101000,197092.59259259258,4.0576573938729865,0.011653256626942721,0.00036088570780646971,4.4223124718155331e-10,293.07747202134493,1085.0895814768533,99999.988584195336,100000.00884595078,-0.027468036493616635,0.02746803591283346,-0.10292714748139085,0.10292715311320759,0.9998480514100716,0.20996123077255596,0.38638557909033927,0.99892773242588029,1,0,orfoz175,6321089,293.784168960
92,REACTION_STIFFNESS__S3_HIGH_A1e9_Ta100__M4_864x288__C1,REACTION_STIFFNESS,STIFFNESS,S3_HIGH_A1e9_Ta100,M4_864x288,864,288,0.1,high,1000000000,5,100,1,C1,MG3V_3LEVEL,248832,864,288,288,96,96,32,3,3,40,1,2,194042,0.10000000000000001,-0.10000000000000001,3571428.571,1,2.0000000000000002e-05,1000,0.69999999999999996,1,50898.907364212377,1134.9645981180051,2.2298407900913255,2.3492630859999997,50901.580482639001,194042,108090,0.55704435122293117,127,0.50276373538951025,4,56309129.743845604,7278867.6422831044,3461.14481985569,6.1466849791511503e-05,0.14766888213013543,216180,216180,324270,324270,324270,324270,4323600,773977.77777777775,3.9887126383864202,0.029088788501553609,0.00049637282910202252,1.1591255025336252e-10,293.04121325153176,1082.8018662466959,99999.980350106882,100000.01548093493,-0.027337294761079371,0.027337299058738985,-0.1016933138944414,0.10169332847553075,0.99991840900539986,0.20997910706671408,0.38529019558771782,0.99945494031993332,1,0,orfoz175,6321093,50901.788006656
93,REACTION_STIFFNESS__S3_HIGH_A1e9_Ta100__M4_864x288__C2,REACTION_STIFFNESS,STIFFNESS,S3_HIGH_A1e9_Ta100,M4_864x288,864,288,0.1,high,1000000000,5,100,2,C2,MG3V_3LEVEL,248832,864,288,288,96,96,32,3,3,40,1,2,194042,0.10000000000000001,-0.10000000000000001,3571428.571,1,2.0000000000000002e-05,1000,0.69999999999999996,1,25766.843184245809,597.69032324400428,2.3196102020345282,2.3488043279999999,25770.057440453002,194042,108090,0.55704435122293117,127,0.50276373538951025,4,56309129.743845604,7278867.6422831044,3461.14481985569,6.1466849791511503e-05,0.14766888213013543,216180,216180,324270,324270,324270,324270,4323600,773977.77777777775,3.9887126383864202,0.029088788501553609,0.00049637282910202306,1.1591255025336457e-10,293.04121325153176,1082.8018662466959,99999.980350106882,100000.01548093493,-0.027337294761079371,0.027337299058738985,-0.1016933138944414,0.10169332847553075,0.99991840900539986,0.20997910706671408,0.38529019558771782,0.99945494031993332,1,0,orfoz201,6321096,25770.505733120
94,REACTION_STIFFNESS__S3_HIGH_A1e9_Ta100__M4_864x288__C4,REACTION_STIFFNESS,STIFFNESS,S3_HIGH_A1e9_Ta100,M4_864x288,864,288,0.1,high,1000000000,5,100,4,C4,MG3V_3LEVEL,248832,864,288,288,96,96,32,3,3,40,1,2,194042,0.10000000000000001,-0.10000000000000001,3571428.571,1,2.0000000000000002e-05,1000,0.69999999999999996,1,13221.333835692139,333.07998713699698,2.5192616061007298,2.3303301150000002,13223.76175261,194042,108090,0.55704435122293117,127,0.50276373538951025,4,56309129.743845604,7278867.6422831044,3461.14481985569,6.1466849791511503e-05,0.14766888213013543,216180,216180,324270,324270,324270,324270,4323600,773977.77777777775,3.9887126383864202,0.029088788501553609,0.00049637282910202274,1.1591255025336465e-10,293.04121325153176,1082.8018662466959,99999.980350106882,100000.01548093493,-0.027337294761079371,0.027337299058738985,-0.1016933138944414,0.10169332847553075,0.99991840900539986,0.20997910706671408,0.38529019558771782,0.99945494031993332,1,0,orfoz172,6321411,13223.987495680
95,REACTION_STIFFNESS__S3_HIGH_A1e9_Ta100__M4_864x288__C16,REACTION_STIFFNESS,STIFFNESS,S3_HIGH_A1e9_Ta100,M4_864x288,864,288,0.1,high,1000000000,5,100,16,C16,MG3V_3LEVEL,248832,864,288,288,96,96,32,3,3,40,1,2,194042,0.10000000000000001,-0.10000000000000001,3571428.571,1,2.0000000000000002e-05,1000,0.69999999999999996,1,3784.8245160600009,156.88159006700383,4.1450162194129261,2.3385234970000002,3787.2374025640001,194042,108090,0.55704435122293117,127,0.50276373538951025,4,56309129.743845604,7278867.6422831044,3461.14481985569,6.1466849791511503e-05,0.14766888213013543,216180,216180,324270,324270,324270,324270,4323600,773977.77777777775,3.9887126383864202,0.029088788501553609,0.00049637282910202274,1.1591255025336486e-10,293.04121325153176,1082.8018662466959,99999.980350106882,100000.01548093493,-0.027337294761079371,0.027337299058738985,-0.1016933138944414,0.10169332847553075,0.99991840900539986,0.20997910706671408,0.38529019558771782,0.99945494031993332,1,0,orfoz201,6312790,3787.441363200
