case_id,relative_path,study_family,physical_case,case_label,inlet_speed_m_per_s,stiffness_class,A,beta,Ta_K,fuel_Hf_J_per_kg,mesh_name,Nx,Ny,cells,nprocs,x_left_cells,slot_cells,x_right_cells,status,node,solver_exit_code,openfoam_version,mpi_library,solver_wall_s,setup_wall_s,reconstruct_wall_s,total_case_wall_s,final_time,foam_execution_s,foam_clock_s,final_maxCo
FLOW_INTENSITY__BC1_LOW_v005__M1_108x36__C1,cases/FLOW/BC1_LOW_v005/M1_108x36/C1,FLOW_INTENSITY,BC1_LOW_v005,low_flow,0.05,nominal_chemistry,1.0e7,5,1000,3.571428571e6,M1_108x36,108,36,3888,1,49,10,49,complete,orfoz244,0,v2312,INTELMPI,473.148213248,4.999814912,0.005446912,478.366550016,2,453.73,455,0.01303319355
FLOW_INTENSITY__BC1_LOW_v005__M1_108x36__C2,cases/FLOW/BC1_LOW_v005/M1_108x36/C2,FLOW_INTENSITY,BC1_LOW_v005,low_flow,0.05,nominal_chemistry,1.0e7,5,1000,3.571428571e6,M1_108x36,108,36,3888,2,49,10,49,complete,orfoz244,0,v2312,INTELMPI,361.673494272,2.163789312,2.706194176,366.616375808,2,358.96,360,0.01303319356
FLOW_INTENSITY__BC1_LOW_v005__M1_108x36__C4,cases/FLOW/BC1_LOW_v005/M1_108x36/C4,FLOW_INTENSITY,BC1_LOW_v005,low_flow,0.05,nominal_chemistry,1.0e7,5,1000,3.571428571e6,M1_108x36,108,36,3888,4,49,10,49,complete,orfoz244,0,v2312,INTELMPI,412.957263616,0.270044416,0.139992832,413.440333568,2,410.92,412,0.01303319355
FLOW_INTENSITY__BC1_LOW_v005__M1_108x36__C16,cases/FLOW/BC1_LOW_v005/M1_108x36/C16,FLOW_INTENSITY,BC1_LOW_v005,low_flow,0.05,nominal_chemistry,1.0e7,5,1000,3.571428571e6,M1_108x36,108,36,3888,16,49,10,49,complete,orfoz244,0,v2312,INTELMPI,866.779034112,0.430936832,1.313801216,868.595856896,2,859.95,862,0.01303319355
FLOW_INTENSITY__BC1_LOW_v005__M2_216x72__C1,cases/FLOW/BC1_LOW_v005/M2_216x72/C1,FLOW_INTENSITY,BC1_LOW_v005,low_flow,0.05,nominal_chemistry,1.0e7,5,1000,3.571428571e6,M2_216x72,216,72,15552,1,98,20,98,complete,orfoz317,0,v2312,INTELMPI,1671.188653568,0.277034752,0.005409280,1671.547768576,2,1667.4,1671,0.02698732984
FLOW_INTENSITY__BC1_LOW_v005__M2_216x72__C2,cases/FLOW/BC1_LOW_v005/M2_216x72/C2,FLOW_INTENSITY,BC1_LOW_v005,low_flow,0.05,nominal_chemistry,1.0e7,5,1000,3.571428571e6,M2_216x72,216,72,15552,2,98,20,98,complete,orfoz317,0,v2312,INTELMPI,1000.256627456,4.197046272,0.906826496,1005.435115776,2,993.01,995,0.02698732986
FLOW_INTENSITY__BC1_LOW_v005__M2_216x72__C4,cases/FLOW/BC1_LOW_v005/M2_216x72/C4,FLOW_INTENSITY,BC1_LOW_v005,low_flow,0.05,nominal_chemistry,1.0e7,5,1000,3.571428571e6,M2_216x72,216,72,15552,4,98,20,98,complete,orfoz317,0,v2312,INTELMPI,674.904079616,0.746252288,0.154788608,675.877486592,2,670.84,672,0.02698732986
FLOW_INTENSITY__BC1_LOW_v005__M2_216x72__C16,cases/FLOW/BC1_LOW_v005/M2_216x72/C16,FLOW_INTENSITY,BC1_LOW_v005,low_flow,0.05,nominal_chemistry,1.0e7,5,1000,3.571428571e6,M2_216x72,216,72,15552,16,98,20,98,complete,orfoz317,0,v2312,INTELMPI,780.670233088,0.571055872,1.407507712,782.721845248,2,764.73,770,0.02698732987
FLOW_INTENSITY__BC1_LOW_v005__M3_432x144__C1,cases/FLOW/BC1_LOW_v005/M3_432x144/C1,FLOW_INTENSITY,BC1_LOW_v005,low_flow,0.05,nominal_chemistry,1.0e7,5,1000,3.571428571e6,M3_432x144,432,144,62208,1,196,40,196,complete,orfoz318,0,v2312,INTELMPI,7645.614763520,5.346826496,0.007400960,7651.064846336,2,7595.91,7620,0.04999815814
FLOW_INTENSITY__BC1_LOW_v005__M3_432x144__C2,cases/FLOW/BC1_LOW_v005/M3_432x144/C2,FLOW_INTENSITY,BC1_LOW_v005,low_flow,0.05,nominal_chemistry,1.0e7,5,1000,3.571428571e6,M3_432x144,432,144,62208,2,196,40,196,complete,orfoz318,0,v2312,INTELMPI,4014.627947776,4.180441088,2.747521792,4021.812610560,2,3972.62,3987,0.04999815819
FLOW_INTENSITY__BC1_LOW_v005__M3_432x144__C4,cases/FLOW/BC1_LOW_v005/M3_432x144/C4,FLOW_INTENSITY,BC1_LOW_v005,low_flow,0.05,nominal_chemistry,1.0e7,5,1000,3.571428571e6,M3_432x144,432,144,62208,4,196,40,196,complete,orfoz318,0,v2312,INTELMPI,2230.436445696,1.911858432,0.248539392,2232.685611008,2,2219.77,2226,0.04999815815
FLOW_INTENSITY__BC1_LOW_v005__M3_432x144__C16,cases/FLOW/BC1_LOW_v005/M3_432x144/C16,FLOW_INTENSITY,BC1_LOW_v005,low_flow,0.05,nominal_chemistry,1.0e7,5,1000,3.571428571e6,M3_432x144,432,144,62208,16,196,40,196,complete,orfoz318,0,v2312,INTELMPI,1438.986129920,1.196422400,0.432971008,1440.704129536,2,1433.39,1437,0.04999815824
FLOW_INTENSITY__BC1_LOW_v005__M4_864x288__C1,cases/FLOW/BC1_LOW_v005/M4_864x288/C1,FLOW_INTENSITY,BC1_LOW_v005,low_flow,0.05,nominal_chemistry,1.0e7,5,1000,3.571428571e6,M4_864x288,864,288,248832,1,392,80,392,complete,orfoz234,0,v2312,INTELMPI,65275.078322944,10.062099456,0.007184128,65285.273674496,2,65043.97,65258,0.04999895627
FLOW_INTENSITY__BC1_LOW_v005__M4_864x288__C2,cases/FLOW/BC1_LOW_v005/M4_864x288/C2,FLOW_INTENSITY,BC1_LOW_v005,low_flow,0.05,nominal_chemistry,1.0e7,5,1000,3.571428571e6,M4_864x288,864,288,248832,2,392,80,392,complete,orfoz234,0,v2312,INTELMPI,32646.033637632,10.600094720,2.676016896,32659.450060544,2,32513.68,32632,0.04999895629
FLOW_INTENSITY__BC1_LOW_v005__M4_864x288__C4,cases/FLOW/BC1_LOW_v005/M4_864x288/C4,FLOW_INTENSITY,BC1_LOW_v005,low_flow,0.05,nominal_chemistry,1.0e7,5,1000,3.571428571e6,M4_864x288,864,288,248832,4,392,80,392,complete,orfoz234,0,v2312,INTELMPI,16431.539027968,4.445400576,3.716331520,16439.846852608,2,16355.35,16413,0.04999895626
FLOW_INTENSITY__BC1_LOW_v005__M4_864x288__C16,cases/FLOW/BC1_LOW_v005/M4_864x288/C16,FLOW_INTENSITY,BC1_LOW_v005,low_flow,0.05,nominal_chemistry,1.0e7,5,1000,3.571428571e6,M4_864x288,864,288,248832,16,392,80,392,complete,orfoz234,0,v2312,INTELMPI,5613.450295552,4.552640768,3.995001088,5622.146278912,2,5565.81,5589,0.04999895479
FLOW_INTENSITY__BC2_NOMINAL_v010__M1_108x36__C1,cases/FLOW/BC2_NOMINAL_v010/M1_108x36/C1,FLOW_INTENSITY,BC2_NOMINAL_v010,intermediate_flow,0.1,nominal_chemistry,1.0e7,5,1000,3.571428571e6,M1_108x36,108,36,3888,1,49,10,49,complete,orfoz192,0,v2312,INTELMPI,485.909364224,3.348797184,0.007280128,489.358794240,2,476.99,479,0.0240448134
FLOW_INTENSITY__BC2_NOMINAL_v010__M1_108x36__C2,cases/FLOW/BC2_NOMINAL_v010/M1_108x36/C2,FLOW_INTENSITY,BC2_NOMINAL_v010,intermediate_flow,0.1,nominal_chemistry,1.0e7,5,1000,3.571428571e6,M1_108x36,108,36,3888,2,49,10,49,complete,orfoz192,0,v2312,INTELMPI,369.918503168,2.104018688,0.729540864,372.841554944,2,367.16,368,0.0240448134
FLOW_INTENSITY__BC2_NOMINAL_v010__M1_108x36__C4,cases/FLOW/BC2_NOMINAL_v010/M1_108x36/C4,FLOW_INTENSITY,BC2_NOMINAL_v010,intermediate_flow,0.1,nominal_chemistry,1.0e7,5,1000,3.571428571e6,M1_108x36,108,36,3888,4,49,10,49,complete,orfoz192,0,v2312,INTELMPI,399.164776448,0.276549632,0.153090048,399.680712192,2,397.26,398,0.02404481339
FLOW_INTENSITY__BC2_NOMINAL_v010__M1_108x36__C16,cases/FLOW/BC2_NOMINAL_v010/M1_108x36/C16,FLOW_INTENSITY,BC2_NOMINAL_v010,intermediate_flow,0.1,nominal_chemistry,1.0e7,5,1000,3.571428571e6,M1_108x36,108,36,3888,16,49,10,49,complete,orfoz192,0,v2312,INTELMPI,903.890700800,0.440593152,0.331130624,904.749375232,2,899.86,903,0.02404481339
FLOW_INTENSITY__BC2_NOMINAL_v010__M2_216x72__C1,cases/FLOW/BC2_NOMINAL_v010/M2_216x72/C1,FLOW_INTENSITY,BC2_NOMINAL_v010,intermediate_flow,0.1,nominal_chemistry,1.0e7,5,1000,3.571428571e6,M2_216x72,216,72,15552,1,98,20,98,complete,orfoz192,0,v2312,INTELMPI,1767.054138112,0.282706944,0.007618816,1767.437673984,2,1761.04,1765,0.05000023496
FLOW_INTENSITY__BC2_NOMINAL_v010__M2_216x72__C2,cases/FLOW/BC2_NOMINAL_v010/M2_216x72/C2,FLOW_INTENSITY,BC2_NOMINAL_v010,intermediate_flow,0.1,nominal_chemistry,1.0e7,5,1000,3.571428571e6,M2_216x72,216,72,15552,2,98,20,98,complete,orfoz192,0,v2312,INTELMPI,1045.267818240,1.771770880,0.675163136,1047.803008512,2,1038.64,1042,0.05000023496
FLOW_INTENSITY__BC2_NOMINAL_v010__M2_216x72__C4,cases/FLOW/BC2_NOMINAL_v010/M2_216x72/C4,FLOW_INTENSITY,BC2_NOMINAL_v010,intermediate_flow,0.1,nominal_chemistry,1.0e7,5,1000,3.571428571e6,M2_216x72,216,72,15552,4,98,20,98,complete,orfoz192,0,v2312,INTELMPI,732.683532288,0.598304768,0.167741440,733.536901120,2,729.6,731,0.05000023498
FLOW_INTENSITY__BC2_NOMINAL_v010__M2_216x72__C16,cases/FLOW/BC2_NOMINAL_v010/M2_216x72/C16,FLOW_INTENSITY,BC2_NOMINAL_v010,intermediate_flow,0.1,nominal_chemistry,1.0e7,5,1000,3.571428571e6,M2_216x72,216,72,15552,16,98,20,98,complete,orfoz192,0,v2312,INTELMPI,1021.254986496,0.583766016,0.716107264,1022.641613824,2,1008.53,1017,0.05000023496
FLOW_INTENSITY__BC2_NOMINAL_v010__M3_432x144__C1,cases/FLOW/BC2_NOMINAL_v010/M3_432x144/C1,FLOW_INTENSITY,BC2_NOMINAL_v010,intermediate_flow,0.1,nominal_chemistry,1.0e7,5,1000,3.571428571e6,M3_432x144,432,144,62208,1,196,40,196,complete,orfoz192,0,v2312,INTELMPI,14294.259118336,0.988069888,0.007109888,14295.390735872,2,14241.68,14284,0.05000026188
FLOW_INTENSITY__BC2_NOMINAL_v010__M3_432x144__C2,cases/FLOW/BC2_NOMINAL_v010/M3_432x144/C2,FLOW_INTENSITY,BC2_NOMINAL_v010,intermediate_flow,0.1,nominal_chemistry,1.0e7,5,1000,3.571428571e6,M3_432x144,432,144,62208,2,196,40,196,complete,orfoz192,0,v2312,INTELMPI,7406.334173184,3.741112320,2.551221248,7412.765613312,2,7373.18,7395,0.05000026188
FLOW_INTENSITY__BC2_NOMINAL_v010__M3_432x144__C4,cases/FLOW/BC2_NOMINAL_v010/M3_432x144/C4,FLOW_INTENSITY,BC2_NOMINAL_v010,intermediate_flow,0.1,nominal_chemistry,1.0e7,5,1000,3.571428571e6,M3_432x144,432,144,62208,4,196,40,196,complete,orfoz192,0,v2312,INTELMPI,4191.894027776,3.184678912,3.162504960,4198.386440448,2,4164.1,4179,0.05000026187
FLOW_INTENSITY__BC2_NOMINAL_v010__M3_432x144__C16,cases/FLOW/BC2_NOMINAL_v010/M3_432x144/C16,FLOW_INTENSITY,BC2_NOMINAL_v010,intermediate_flow,0.1,nominal_chemistry,1.0e7,5,1000,3.571428571e6,M3_432x144,432,144,62208,16,196,40,196,complete,orfoz192,0,v2312,INTELMPI,2676.013993216,2.134561280,0.905614592,2679.166007808,2,2656.79,2665,0.05000026187
FLOW_INTENSITY__BC2_NOMINAL_v010__M4_864x288__C1,cases/FLOW/BC2_NOMINAL_v010/M4_864x288/C1,FLOW_INTENSITY,BC2_NOMINAL_v010,intermediate_flow,0.1,nominal_chemistry,1.0e7,5,1000,3.571428571e6,M4_864x288,864,288,248832,1,392,80,392,complete,orfoz280,0,v2312,INTELMPI,123414.838225408,14.096979456,0.007191808,123429.131286528,2,123012.97,123398,0.05000045802
FLOW_INTENSITY__BC2_NOMINAL_v010__M4_864x288__C2,cases/FLOW/BC2_NOMINAL_v010/M4_864x288/C2,FLOW_INTENSITY,BC2_NOMINAL_v010,intermediate_flow,0.1,nominal_chemistry,1.0e7,5,1000,3.571428571e6,M4_864x288,864,288,248832,2,392,80,392,complete,orfoz280,0,v2312,INTELMPI,61006.056128512,6.589675776,3.447812352,61016.309729792,2,60774.91,60996,0.050000458
FLOW_INTENSITY__BC2_NOMINAL_v010__M4_864x288__C4,cases/FLOW/BC2_NOMINAL_v010/M4_864x288/C4,FLOW_INTENSITY,BC2_NOMINAL_v010,intermediate_flow,0.1,nominal_chemistry,1.0e7,5,1000,3.571428571e6,M4_864x288,864,288,248832,4,392,80,392,complete,orfoz280,0,v2312,INTELMPI,30793.800999680,4.432226048,3.525035008,30801.946586368,2,30672.35,30782,0.05000045784
FLOW_INTENSITY__BC2_NOMINAL_v010__M4_864x288__C16,cases/FLOW/BC2_NOMINAL_v010/M4_864x288/C16,FLOW_INTENSITY,BC2_NOMINAL_v010,intermediate_flow,0.1,nominal_chemistry,1.0e7,5,1000,3.571428571e6,M4_864x288,864,288,248832,16,392,80,392,complete,orfoz280,0,v2312,INTELMPI,10618.622471936,5.153588736,3.180904192,10627.147348480,2,10569.3,10608,0.05000045664
FLOW_INTENSITY__BC3_HIGH_v020__M1_108x36__C1,cases/FLOW/BC3_HIGH_v020/M1_108x36/C1,FLOW_INTENSITY,BC3_HIGH_v020,high_flow,0.2,nominal_chemistry,1.0e7,5,1000,3.571428571e6,M1_108x36,108,36,3888,1,49,10,49,complete,orfoz192,0,v2312,INTELMPI,502.443845120,0.862530048,0.007105536,503.401183232,2,498.75,500,0.05000109669
FLOW_INTENSITY__BC3_HIGH_v020__M1_108x36__C2,cases/FLOW/BC3_HIGH_v020/M1_108x36/C2,FLOW_INTENSITY,BC3_HIGH_v020,high_flow,0.2,nominal_chemistry,1.0e7,5,1000,3.571428571e6,M1_108x36,108,36,3888,2,49,10,49,complete,orfoz192,0,v2312,INTELMPI,386.053003264,0.523092736,0.126395648,386.795555072,2,380.2,382,0.05000109667
FLOW_INTENSITY__BC3_HIGH_v020__M1_108x36__C4,cases/FLOW/BC3_HIGH_v020/M1_108x36/C4,FLOW_INTENSITY,BC3_HIGH_v020,high_flow,0.2,nominal_chemistry,1.0e7,5,1000,3.571428571e6,M1_108x36,108,36,3888,4,49,10,49,complete,orfoz192,0,v2312,INTELMPI,418.613367296,0.272102144,0.675601152,419.795176192,2,412.78,414,0.05000109694
FLOW_INTENSITY__BC3_HIGH_v020__M1_108x36__C16,cases/FLOW/BC3_HIGH_v020/M1_108x36/C16,FLOW_INTENSITY,BC3_HIGH_v020,high_flow,0.2,nominal_chemistry,1.0e7,5,1000,3.571428571e6,M1_108x36,108,36,3888,16,49,10,49,complete,orfoz192,0,v2312,INTELMPI,887.335120128,0.935947776,0.323435008,888.682983168,2,882.91,885,0.05000109692
FLOW_INTENSITY__BC3_HIGH_v020__M2_216x72__C1,cases/FLOW/BC3_HIGH_v020/M2_216x72/C1,FLOW_INTENSITY,BC3_HIGH_v020,high_flow,0.2,nominal_chemistry,1.0e7,5,1000,3.571428571e6,M2_216x72,216,72,15552,1,98,20,98,complete,orfoz192,0,v2312,INTELMPI,3380.376180736,0.281933824,0.007244288,3381.275230720,2,3369.12,3376,0.049999685
FLOW_INTENSITY__BC3_HIGH_v020__M2_216x72__C2,cases/FLOW/BC3_HIGH_v020/M2_216x72/C2,FLOW_INTENSITY,BC3_HIGH_v020,high_flow,0.2,nominal_chemistry,1.0e7,5,1000,3.571428571e6,M2_216x72,216,72,15552,2,98,20,98,complete,orfoz192,0,v2312,INTELMPI,2000.707051520,2.717521152,1.227711488,2004.762869248,2,1982.14,1989,0.04999968465
FLOW_INTENSITY__BC3_HIGH_v020__M2_216x72__C4,cases/FLOW/BC3_HIGH_v020/M2_216x72/C4,FLOW_INTENSITY,BC3_HIGH_v020,high_flow,0.2,nominal_chemistry,1.0e7,5,1000,3.571428571e6,M2_216x72,216,72,15552,4,98,20,98,complete,orfoz192,0,v2312,INTELMPI,1421.671307008,0.718899712,0.170370560,1422.674924032,2,1413.83,1418,0.04999968462
FLOW_INTENSITY__BC3_HIGH_v020__M2_216x72__C16,cases/FLOW/BC3_HIGH_v020/M2_216x72/C16,FLOW_INTENSITY,BC3_HIGH_v020,high_flow,0.2,nominal_chemistry,1.0e7,5,1000,3.571428571e6,M2_216x72,216,72,15552,16,98,20,98,complete,orfoz192,0,v2312,INTELMPI,1968.586669312,0.583176448,3.873090816,1973.154811648,2,1943.18,1953,0.04999968476
FLOW_INTENSITY__BC3_HIGH_v020__M3_432x144__C1,cases/FLOW/BC3_HIGH_v020/M3_432x144/C1,FLOW_INTENSITY,BC3_HIGH_v020,high_flow,0.2,nominal_chemistry,1.0e7,5,1000,3.571428571e6,M3_432x144,432,144,62208,1,196,40,196,complete,orfoz192,0,v2312,INTELMPI,26417.711755520,0.969293056,0.007055104,26418.877209600,2,26326.15,26410,0.0499996229
FLOW_INTENSITY__BC3_HIGH_v020__M3_432x144__C2,cases/FLOW/BC3_HIGH_v020/M3_432x144/C2,FLOW_INTENSITY,BC3_HIGH_v020,high_flow,0.2,nominal_chemistry,1.0e7,5,1000,3.571428571e6,M3_432x144,432,144,62208,2,196,40,196,complete,orfoz192,0,v2312,INTELMPI,13629.262265856,3.801710848,2.570041344,13635.817355520,2,13564.82,13616,0.04999962161
FLOW_INTENSITY__BC3_HIGH_v020__M3_432x144__C4,cases/FLOW/BC3_HIGH_v020/M3_432x144/C4,FLOW_INTENSITY,BC3_HIGH_v020,high_flow,0.2,nominal_chemistry,1.0e7,5,1000,3.571428571e6,M3_432x144,432,144,62208,4,196,40,196,complete,orfoz192,0,v2312,INTELMPI,7612.561764608,2.435603968,2.315020544,7617.499304192,2,7574.29,7601,0.04999962192
FLOW_INTENSITY__BC3_HIGH_v020__M3_432x144__C16,cases/FLOW/BC3_HIGH_v020/M3_432x144/C16,FLOW_INTENSITY,BC3_HIGH_v020,high_flow,0.2,nominal_chemistry,1.0e7,5,1000,3.571428571e6,M3_432x144,432,144,62208,16,196,40,196,complete,orfoz192,0,v2312,INTELMPI,5069.304986624,2.335862016,3.397107712,5075.236170752,2,5029.14,5052,0.04999962011
FLOW_INTENSITY__BC3_HIGH_v020__M4_864x288__C1,cases/FLOW/BC3_HIGH_v020/M4_864x288/C1,FLOW_INTENSITY,BC3_HIGH_v020,high_flow,0.2,nominal_chemistry,1.0e7,5,1000,3.571428571e6,M4_864x288,864,288,248832,1,392,80,392,complete,orfoz192,0,v2312,INTELMPI,236615.878843904,5.079220992,0.007239680,236621.306523136,2,235904.31,236597,0.04999988675
FLOW_INTENSITY__BC3_HIGH_v020__M4_864x288__C2,cases/FLOW/BC3_HIGH_v020/M4_864x288/C2,FLOW_INTENSITY,BC3_HIGH_v020,high_flow,0.2,nominal_chemistry,1.0e7,5,1000,3.571428571e6,M4_864x288,864,288,248832,2,392,80,392,complete,orfoz274,0,v2312,INTELMPI,114150.304713472,8.465029888,1.314538496,114160.339722496,2,113804.08,114142,0.04999988672
FLOW_INTENSITY__BC3_HIGH_v020__M4_864x288__C4,cases/FLOW/BC3_HIGH_v020/M4_864x288/C4,FLOW_INTENSITY,BC3_HIGH_v020,high_flow,0.2,nominal_chemistry,1.0e7,5,1000,3.571428571e6,M4_864x288,864,288,248832,4,392,80,392,complete,orfoz205,0,v2312,INTELMPI,56933.669361920,7.101007616,2.379371520,56943.449340416,2,56745.84,56924,0.04999988665
FLOW_INTENSITY__BC3_HIGH_v020__M4_864x288__C16,cases/FLOW/BC3_HIGH_v020/M4_864x288/C16,FLOW_INTENSITY,BC3_HIGH_v020,high_flow,0.2,nominal_chemistry,1.0e7,5,1000,3.571428571e6,M4_864x288,864,288,248832,16,392,80,392,complete,orfoz185,0,v2312,INTELMPI,18566.713447424,5.370783488,2.620033792,18574.987901952,2,18502.18,18559,0.04999988573
REACTION_STIFFNESS__S1_LOW_A1e7_Ta1000__M1_108x36__C1,cases/STIFFNESS/S1_LOW_A1e7_Ta1000/M1_108x36/C1,REACTION_STIFFNESS,S1_LOW_A1e7_Ta1000,low_reaction_rate,0.1,low,1.0e7,5,1000,3.571428571e6,M1_108x36,108,36,3888,1,49,10,49,complete,orfoz234,0,v2312,INTELMPI,482.211915520,0.331198208,0.007002880,482.633298688,2,477.97,479,0.0240448134
REACTION_STIFFNESS__S1_LOW_A1e7_Ta1000__M1_108x36__C2,cases/STIFFNESS/S1_LOW_A1e7_Ta1000/M1_108x36/C2,REACTION_STIFFNESS,S1_LOW_A1e7_Ta1000,low_reaction_rate,0.1,low,1.0e7,5,1000,3.571428571e6,M1_108x36,108,36,3888,2,49,10,49,complete,orfoz234,0,v2312,INTELMPI,376.832438272,1.486341376,0.119493120,378.521906432,2,370.37,371,0.0240448134
REACTION_STIFFNESS__S1_LOW_A1e7_Ta1000__M1_108x36__C4,cases/STIFFNESS/S1_LOW_A1e7_Ta1000/M1_108x36/C4,REACTION_STIFFNESS,S1_LOW_A1e7_Ta1000,low_reaction_rate,0.1,low,1.0e7,5,1000,3.571428571e6,M1_108x36,108,36,3888,4,49,10,49,complete,orfoz234,0,v2312,INTELMPI,420.009012736,0.267533568,0.146200832,420.506847744,2,417.63,419,0.02404481339
REACTION_STIFFNESS__S1_LOW_A1e7_Ta1000__M1_108x36__C16,cases/STIFFNESS/S1_LOW_A1e7_Ta1000/M1_108x36/C16,REACTION_STIFFNESS,S1_LOW_A1e7_Ta1000,low_reaction_rate,0.1,low,1.0e7,5,1000,3.571428571e6,M1_108x36,108,36,3888,16,49,10,49,complete,orfoz234,0,v2312,INTELMPI,841.716069888,0.417471488,0.323656704,842.544477696,2,837.91,840,0.02404481339
REACTION_STIFFNESS__S1_LOW_A1e7_Ta1000__M2_216x72__C1,cases/STIFFNESS/S1_LOW_A1e7_Ta1000/M2_216x72/C1,REACTION_STIFFNESS,S1_LOW_A1e7_Ta1000,low_reaction_rate,0.1,low,1.0e7,5,1000,3.571428571e6,M2_216x72,216,72,15552,1,98,20,98,complete,orfoz223,0,v2312,INTELMPI,1782.002955008,9.621042688,0.005503232,1791.766617344,2,1763.26,1767,0.05000023496
REACTION_STIFFNESS__S1_LOW_A1e7_Ta1000__M2_216x72__C2,cases/STIFFNESS/S1_LOW_A1e7_Ta1000/M2_216x72/C2,REACTION_STIFFNESS,S1_LOW_A1e7_Ta1000,low_reaction_rate,0.1,low,1.0e7,5,1000,3.571428571e6,M2_216x72,216,72,15552,2,98,20,98,complete,orfoz223,0,v2312,INTELMPI,1046.906822400,1.955310080,0.642192896,1049.577341440,2,1038.89,1041,0.05000023496
REACTION_STIFFNESS__S1_LOW_A1e7_Ta1000__M2_216x72__C4,cases/STIFFNESS/S1_LOW_A1e7_Ta1000/M2_216x72/C4,REACTION_STIFFNESS,S1_LOW_A1e7_Ta1000,low_reaction_rate,0.1,low,1.0e7,5,1000,3.571428571e6,M2_216x72,216,72,15552,4,98,20,98,complete,orfoz223,0,v2312,INTELMPI,699.775027968,0.511669760,0.156831744,700.516327936,2,697.12,698,0.05000023498
REACTION_STIFFNESS__S1_LOW_A1e7_Ta1000__M2_216x72__C16,cases/STIFFNESS/S1_LOW_A1e7_Ta1000/M2_216x72/C16,REACTION_STIFFNESS,S1_LOW_A1e7_Ta1000,low_reaction_rate,0.1,low,1.0e7,5,1000,3.571428571e6,M2_216x72,216,72,15552,16,98,20,98,complete,orfoz223,0,v2312,INTELMPI,775.914382848,0.583201024,2.422784512,779.007416576,2,767.11,770,0.05000023496
REACTION_STIFFNESS__S1_LOW_A1e7_Ta1000__M3_432x144__C1,cases/STIFFNESS/S1_LOW_A1e7_Ta1000/M3_432x144/C1,REACTION_STIFFNESS,S1_LOW_A1e7_Ta1000,low_reaction_rate,0.1,low,1.0e7,5,1000,3.571428571e6,M3_432x144,432,144,62208,1,196,40,196,complete,orfoz223,0,v2312,INTELMPI,14297.501457408,0.862759424,0.007219968,14298.511200768,2,14243.41,14286,0.05000026188
REACTION_STIFFNESS__S1_LOW_A1e7_Ta1000__M3_432x144__C2,cases/STIFFNESS/S1_LOW_A1e7_Ta1000/M3_432x144/C2,REACTION_STIFFNESS,S1_LOW_A1e7_Ta1000,low_reaction_rate,0.1,low,1.0e7,5,1000,3.571428571e6,M3_432x144,432,144,62208,2,196,40,196,complete,orfoz223,0,v2312,INTELMPI,7423.313826816,5.088714752,3.998470144,7432.539965184,2,7378.52,7402,0.05000026188
REACTION_STIFFNESS__S1_LOW_A1e7_Ta1000__M3_432x144__C4,cases/STIFFNESS/S1_LOW_A1e7_Ta1000/M3_432x144/C4,REACTION_STIFFNESS,S1_LOW_A1e7_Ta1000,low_reaction_rate,0.1,low,1.0e7,5,1000,3.571428571e6,M3_432x144,432,144,62208,4,196,40,196,complete,orfoz223,0,v2312,INTELMPI,4053.286554112,2.447750144,3.530927360,4059.406866944,2,4019.34,4038,0.05000026187
REACTION_STIFFNESS__S1_LOW_A1e7_Ta1000__M3_432x144__C16,cases/STIFFNESS/S1_LOW_A1e7_Ta1000/M3_432x144/C16,REACTION_STIFFNESS,S1_LOW_A1e7_Ta1000,low_reaction_rate,0.1,low,1.0e7,5,1000,3.571428571e6,M3_432x144,432,144,62208,16,196,40,196,complete,orfoz223,0,v2312,INTELMPI,2288.070393856,2.370161408,2.062716416,2292.623515648,2,2262.8,2275,0.05000026187
REACTION_STIFFNESS__S1_LOW_A1e7_Ta1000__M4_864x288__C1,cases/STIFFNESS/S1_LOW_A1e7_Ta1000/M4_864x288/C1,REACTION_STIFFNESS,S1_LOW_A1e7_Ta1000,low_reaction_rate,0.1,low,1.0e7,5,1000,3.571428571e6,M4_864x288,864,288,248832,1,392,80,392,complete,orfoz223,0,v2312,INTELMPI,125504.420984832,3.277761024,0.007534848,125507.918532608,2,125132.67,125496,0.05000045802
REACTION_STIFFNESS__S1_LOW_A1e7_Ta1000__M4_864x288__C2,cases/STIFFNESS/S1_LOW_A1e7_Ta1000/M4_864x288/C2,REACTION_STIFFNESS,S1_LOW_A1e7_Ta1000,low_reaction_rate,0.1,low,1.0e7,5,1000,3.571428571e6,M4_864x288,864,288,248832,2,392,80,392,complete,orfoz223,0,v2312,INTELMPI,61303.121518592,7.236107264,3.332830464,61313.896182528,2,61096.64,61293,0.050000458
REACTION_STIFFNESS__S1_LOW_A1e7_Ta1000__M4_864x288__C4,cases/STIFFNESS/S1_LOW_A1e7_Ta1000/M4_864x288/C4,REACTION_STIFFNESS,S1_LOW_A1e7_Ta1000,low_reaction_rate,0.1,low,1.0e7,5,1000,3.571428571e6,M4_864x288,864,288,248832,4,392,80,392,complete,orfoz223,0,v2312,INTELMPI,30651.608387328,4.613344000,2.610354176,30659.037647616,2,30542.82,30642,0.05000045784
REACTION_STIFFNESS__S1_LOW_A1e7_Ta1000__M4_864x288__C16,cases/STIFFNESS/S1_LOW_A1e7_Ta1000/M4_864x288/C16,REACTION_STIFFNESS,S1_LOW_A1e7_Ta1000,low_reaction_rate,0.1,low,1.0e7,5,1000,3.571428571e6,M4_864x288,864,288,248832,16,392,80,392,complete,orfoz223,0,v2312,INTELMPI,9785.190422016,4.655546880,3.215505664,9793.258048768,2,9742.25,9775,0.05000045664
REACTION_STIFFNESS__S2_INTERMEDIATE_A1e8_Ta500__M1_108x36__C1,cases/STIFFNESS/S2_INTERMEDIATE_A1e8_Ta500/M1_108x36/C1,REACTION_STIFFNESS,S2_INTERMEDIATE_A1e8_Ta500,intermediate_reaction_rate,0.1,intermediate,1.0e8,5,500,3.571428571e6,M1_108x36,108,36,3888,1,49,10,49,complete,orfoz194,0,v2312,INTELMPI,496.524927744,2.600558336,0.005500672,499.211452160,2,491.16,492,0.02404481339
REACTION_STIFFNESS__S2_INTERMEDIATE_A1e8_Ta500__M1_108x36__C2,cases/STIFFNESS/S2_INTERMEDIATE_A1e8_Ta500/M1_108x36/C2,REACTION_STIFFNESS,S2_INTERMEDIATE_A1e8_Ta500,intermediate_reaction_rate,0.1,intermediate,1.0e8,5,500,3.571428571e6,M1_108x36,108,36,3888,2,49,10,49,complete,orfoz194,0,v2312,INTELMPI,382.170266880,1.362844416,0.469325568,384.073861120,2,378.84,380,0.02404481338
REACTION_STIFFNESS__S2_INTERMEDIATE_A1e8_Ta500__M1_108x36__C4,cases/STIFFNESS/S2_INTERMEDIATE_A1e8_Ta500/M1_108x36/C4,REACTION_STIFFNESS,S2_INTERMEDIATE_A1e8_Ta500,intermediate_reaction_rate,0.1,intermediate,1.0e8,5,500,3.571428571e6,M1_108x36,108,36,3888,4,49,10,49,complete,orfoz194,0,v2312,INTELMPI,414.650787328,0.266762496,0.142080512,415.132522496,2,412.2,413,0.0240448134
REACTION_STIFFNESS__S2_INTERMEDIATE_A1e8_Ta500__M1_108x36__C16,cases/STIFFNESS/S2_INTERMEDIATE_A1e8_Ta500/M1_108x36/C16,REACTION_STIFFNESS,S2_INTERMEDIATE_A1e8_Ta500,intermediate_reaction_rate,0.1,intermediate,1.0e8,5,500,3.571428571e6,M1_108x36,108,36,3888,16,49,10,49,complete,orfoz194,0,v2312,INTELMPI,903.278730240,0.427731456,0.456430848,904.234077440,2,899.06,902,0.02404481339
REACTION_STIFFNESS__S2_INTERMEDIATE_A1e8_Ta500__M2_216x72__C1,cases/STIFFNESS/S2_INTERMEDIATE_A1e8_Ta500/M2_216x72/C1,REACTION_STIFFNESS,S2_INTERMEDIATE_A1e8_Ta500,intermediate_reaction_rate,0.1,intermediate,1.0e8,5,500,3.571428571e6,M2_216x72,216,72,15552,1,98,20,98,complete,orfoz194,0,v2312,INTELMPI,1795.792533504,0.297841408,0.007435520,1796.323249408,2,1789.6,1795,0.05000023497
REACTION_STIFFNESS__S2_INTERMEDIATE_A1e8_Ta500__M2_216x72__C2,cases/STIFFNESS/S2_INTERMEDIATE_A1e8_Ta500/M2_216x72/C2,REACTION_STIFFNESS,S2_INTERMEDIATE_A1e8_Ta500,intermediate_reaction_rate,0.1,intermediate,1.0e8,5,500,3.571428571e6,M2_216x72,216,72,15552,2,98,20,98,complete,orfoz194,0,v2312,INTELMPI,1063.942589440,1.331405312,1.034100224,1066.502188544,2,1056.06,1060,0.05000023499
REACTION_STIFFNESS__S2_INTERMEDIATE_A1e8_Ta500__M2_216x72__C4,cases/STIFFNESS/S2_INTERMEDIATE_A1e8_Ta500/M2_216x72/C4,REACTION_STIFFNESS,S2_INTERMEDIATE_A1e8_Ta500,intermediate_reaction_rate,0.1,intermediate,1.0e8,5,500,3.571428571e6,M2_216x72,216,72,15552,4,98,20,98,complete,orfoz194,0,v2312,INTELMPI,781.390017024,0.546234624,0.164193024,782.188094208,2,777.87,780,0.05000023497
REACTION_STIFFNESS__S2_INTERMEDIATE_A1e8_Ta500__M2_216x72__C16,cases/STIFFNESS/S2_INTERMEDIATE_A1e8_Ta500/M2_216x72/C16,REACTION_STIFFNESS,S2_INTERMEDIATE_A1e8_Ta500,intermediate_reaction_rate,0.1,intermediate,1.0e8,5,500,3.571428571e6,M2_216x72,216,72,15552,16,98,20,98,complete,orfoz194,0,v2312,INTELMPI,945.393950976,0.586795776,0.645053184,946.716450560,2,938.26,942,0.05000023494
REACTION_STIFFNESS__S2_INTERMEDIATE_A1e8_Ta500__M3_432x144__C1,cases/STIFFNESS/S2_INTERMEDIATE_A1e8_Ta500/M3_432x144/C1,REACTION_STIFFNESS,S2_INTERMEDIATE_A1e8_Ta500,intermediate_reaction_rate,0.1,intermediate,1.0e8,5,500,3.571428571e6,M3_432x144,432,144,62208,1,196,40,196,complete,orfoz194,0,v2312,INTELMPI,14450.056204288,0.871353088,0.007304192,14451.070631168,2,14402.53,14442,0.05000026191
REACTION_STIFFNESS__S2_INTERMEDIATE_A1e8_Ta500__M3_432x144__C2,cases/STIFFNESS/S2_INTERMEDIATE_A1e8_Ta500/M3_432x144/C2,REACTION_STIFFNESS,S2_INTERMEDIATE_A1e8_Ta500,intermediate_reaction_rate,0.1,intermediate,1.0e8,5,500,3.571428571e6,M3_432x144,432,144,62208,2,196,40,196,complete,orfoz194,0,v2312,INTELMPI,7487.218457856,4.847253760,2.689455360,7494.896856832,2,7452.99,7478,0.05000026191
REACTION_STIFFNESS__S2_INTERMEDIATE_A1e8_Ta500__M3_432x144__C4,cases/STIFFNESS/S2_INTERMEDIATE_A1e8_Ta500/M3_432x144/C4,REACTION_STIFFNESS,S2_INTERMEDIATE_A1e8_Ta500,intermediate_reaction_rate,0.1,intermediate,1.0e8,5,500,3.571428571e6,M3_432x144,432,144,62208,4,196,40,196,complete,orfoz194,0,v2312,INTELMPI,4228.580573696,2.090700032,3.172383744,4233.987484160,2,4204,4218,0.05000026189
REACTION_STIFFNESS__S2_INTERMEDIATE_A1e8_Ta500__M3_432x144__C16,cases/STIFFNESS/S2_INTERMEDIATE_A1e8_Ta500/M3_432x144/C16,REACTION_STIFFNESS,S2_INTERMEDIATE_A1e8_Ta500,intermediate_reaction_rate,0.1,intermediate,1.0e8,5,500,3.571428571e6,M3_432x144,432,144,62208,16,196,40,196,complete,orfoz194,0,v2312,INTELMPI,2708.429220096,3.233239296,0.451335680,2712.227653120,2,2695.73,2704,0.05000026188
REACTION_STIFFNESS__S2_INTERMEDIATE_A1e8_Ta500__M4_864x288__C1,cases/STIFFNESS/S2_INTERMEDIATE_A1e8_Ta500/M4_864x288/C1,REACTION_STIFFNESS,S2_INTERMEDIATE_A1e8_Ta500,intermediate_reaction_rate,0.1,intermediate,1.0e8,5,500,3.571428571e6,M4_864x288,864,288,248832,1,392,80,392,complete,orfoz226,0,v2312,INTELMPI,124481.075617024,8.448968192,0.007106560,124489.710086144,2,124107.41,124472,0.05000045802
REACTION_STIFFNESS__S2_INTERMEDIATE_A1e8_Ta500__M4_864x288__C2,cases/STIFFNESS/S2_INTERMEDIATE_A1e8_Ta500/M4_864x288/C2,REACTION_STIFFNESS,S2_INTERMEDIATE_A1e8_Ta500,intermediate_reaction_rate,0.1,intermediate,1.0e8,5,500,3.571428571e6,M4_864x288,864,288,248832,2,392,80,392,complete,orfoz226,0,v2312,INTELMPI,61495.976854528,6.093427456,2.460102656,61504.713264384,2,61286.68,61486,0.05000045799
REACTION_STIFFNESS__S2_INTERMEDIATE_A1e8_Ta500__M4_864x288__C4,cases/STIFFNESS/S2_INTERMEDIATE_A1e8_Ta500/M4_864x288/C4,REACTION_STIFFNESS,S2_INTERMEDIATE_A1e8_Ta500,intermediate_reaction_rate,0.1,intermediate,1.0e8,5,500,3.571428571e6,M4_864x288,864,288,248832,4,392,80,392,complete,orfoz226,0,v2312,INTELMPI,31037.775120384,4.522401536,2.554693376,31045.035998464,2,30925.55,31029,0.05000045783
REACTION_STIFFNESS__S2_INTERMEDIATE_A1e8_Ta500__M4_864x288__C16,cases/STIFFNESS/S2_INTERMEDIATE_A1e8_Ta500/M4_864x288/C16,REACTION_STIFFNESS,S2_INTERMEDIATE_A1e8_Ta500,intermediate_reaction_rate,0.1,intermediate,1.0e8,5,500,3.571428571e6,M4_864x288,864,288,248832,16,392,80,392,complete,orfoz226,0,v2312,INTELMPI,10547.832751616,4.579953152,2.766733824,10555.372679424,2,10501.98,10539,0.05000045665
REACTION_STIFFNESS__S3_HIGH_A1e9_Ta100__M1_108x36__C1,cases/STIFFNESS/S3_HIGH_A1e9_Ta100/M1_108x36/C1,REACTION_STIFFNESS,S3_HIGH_A1e9_Ta100,high_reaction_rate,0.1,high,1.0e9,5,100,3.571428571e6,M1_108x36,108,36,3888,1,49,10,49,complete,orfoz183,0,v2312,INTELMPI,508.777382912,4.404893440,0.005458432,513.264786432,2,501.36,503,0.02404481341
REACTION_STIFFNESS__S3_HIGH_A1e9_Ta100__M1_108x36__C2,cases/STIFFNESS/S3_HIGH_A1e9_Ta100/M1_108x36/C2,REACTION_STIFFNESS,S3_HIGH_A1e9_Ta100,high_reaction_rate,0.1,high,1.0e9,5,100,3.571428571e6,M1_108x36,108,36,3888,2,49,10,49,complete,orfoz183,0,v2312,INTELMPI,383.386356992,1.511137280,0.412289536,385.383128576,2,380.24,381,0.02404481339
REACTION_STIFFNESS__S3_HIGH_A1e9_Ta100__M1_108x36__C4,cases/STIFFNESS/S3_HIGH_A1e9_Ta100/M1_108x36/C4,REACTION_STIFFNESS,S3_HIGH_A1e9_Ta100,high_reaction_rate,0.1,high,1.0e9,5,100,3.571428571e6,M1_108x36,108,36,3888,4,49,10,49,complete,orfoz183,0,v2312,INTELMPI,363.061730560,0.265486592,0.141255424,363.540110336,2,360.69,361,0.0240448134
REACTION_STIFFNESS__S3_HIGH_A1e9_Ta100__M1_108x36__C16,cases/STIFFNESS/S3_HIGH_A1e9_Ta100/M1_108x36/C16,REACTION_STIFFNESS,S3_HIGH_A1e9_Ta100,high_reaction_rate,0.1,high,1.0e9,5,100,3.571428571e6,M1_108x36,108,36,3888,16,49,10,49,complete,orfoz183,0,v2312,INTELMPI,686.554901504,0.406428416,0.328528640,687.361325568,2,683.41,685,0.02404481339
REACTION_STIFFNESS__S3_HIGH_A1e9_Ta100__M2_216x72__C1,cases/STIFFNESS/S3_HIGH_A1e9_Ta100/M2_216x72/C1,REACTION_STIFFNESS,S3_HIGH_A1e9_Ta100,high_reaction_rate,0.1,high,1.0e9,5,100,3.571428571e6,M2_216x72,216,72,15552,1,98,20,98,complete,orfoz183,0,v2312,INTELMPI,1831.913016832,0.274812672,0.005428736,1832.264752896,2,1828.16,1832,0.05000023493
REACTION_STIFFNESS__S3_HIGH_A1e9_Ta100__M2_216x72__C2,cases/STIFFNESS/S3_HIGH_A1e9_Ta100/M2_216x72/C2,REACTION_STIFFNESS,S3_HIGH_A1e9_Ta100,high_reaction_rate,0.1,high,1.0e9,5,100,3.571428571e6,M2_216x72,216,72,15552,2,98,20,98,complete,orfoz183,0,v2312,INTELMPI,1072.195529216,0.397220608,0.393784320,1073.079924736,2,1066.85,1070,0.05000023496
REACTION_STIFFNESS__S3_HIGH_A1e9_Ta100__M2_216x72__C4,cases/STIFFNESS/S3_HIGH_A1e9_Ta100/M2_216x72/C4,REACTION_STIFFNESS,S3_HIGH_A1e9_Ta100,high_reaction_rate,0.1,high,1.0e9,5,100,3.571428571e6,M2_216x72,216,72,15552,4,98,20,98,complete,orfoz183,0,v2312,INTELMPI,720.161650176,0.422485248,0.163502592,720.833038848,2,716.68,718,0.05000023499
REACTION_STIFFNESS__S3_HIGH_A1e9_Ta100__M2_216x72__C16,cases/STIFFNESS/S3_HIGH_A1e9_Ta100/M2_216x72/C16,REACTION_STIFFNESS,S3_HIGH_A1e9_Ta100,high_reaction_rate,0.1,high,1.0e9,5,100,3.571428571e6,M2_216x72,216,72,15552,16,98,20,98,complete,orfoz183,0,v2312,INTELMPI,774.872048640,0.571014656,2.502914304,778.029979648,2,764.45,769,0.05000023496
REACTION_STIFFNESS__S3_HIGH_A1e9_Ta100__M3_432x144__C1,cases/STIFFNESS/S3_HIGH_A1e9_Ta100/M3_432x144/C1,REACTION_STIFFNESS,S3_HIGH_A1e9_Ta100,high_reaction_rate,0.1,high,1.0e9,5,100,3.571428571e6,M3_432x144,432,144,62208,1,196,40,196,complete,orfoz183,0,v2312,INTELMPI,14590.336690432,1.056384512,0.007116800,14591.529910016,2,14545.26,14584,0.0500002619
REACTION_STIFFNESS__S3_HIGH_A1e9_Ta100__M3_432x144__C2,cases/STIFFNESS/S3_HIGH_A1e9_Ta100/M3_432x144/C2,REACTION_STIFFNESS,S3_HIGH_A1e9_Ta100,high_reaction_rate,0.1,high,1.0e9,5,100,3.571428571e6,M3_432x144,432,144,62208,2,196,40,196,complete,orfoz183,0,v2312,INTELMPI,7548.336037376,4.016887552,2.414659072,7554.902171392,2,7516.74,7540,0.05000026193
REACTION_STIFFNESS__S3_HIGH_A1e9_Ta100__M3_432x144__C4,cases/STIFFNESS/S3_HIGH_A1e9_Ta100/M3_432x144/C4,REACTION_STIFFNESS,S3_HIGH_A1e9_Ta100,high_reaction_rate,0.1,high,1.0e9,5,100,3.571428571e6,M3_432x144,432,144,62208,4,196,40,196,complete,orfoz183,0,v2312,INTELMPI,4164.454788352,1.804729344,2.353664000,4168.753313792,2,4140.61,4156,0.05000026186
REACTION_STIFFNESS__S3_HIGH_A1e9_Ta100__M3_432x144__C16,cases/STIFFNESS/S3_HIGH_A1e9_Ta100/M3_432x144/C16,REACTION_STIFFNESS,S3_HIGH_A1e9_Ta100,high_reaction_rate,0.1,high,1.0e9,5,100,3.571428571e6,M3_432x144,432,144,62208,16,196,40,196,complete,orfoz183,0,v2312,INTELMPI,2410.752766720,2.077817344,0.428845824,2413.373721856,2,2400.46,2407,0.05000026191
REACTION_STIFFNESS__S3_HIGH_A1e9_Ta100__M4_864x288__C1,cases/STIFFNESS/S3_HIGH_A1e9_Ta100/M4_864x288/C1,REACTION_STIFFNESS,S3_HIGH_A1e9_Ta100,high_reaction_rate,0.1,high,1.0e9,5,100,3.571428571e6,M4_864x288,864,288,248832,1,392,80,392,complete,orfoz223,0,v2312,INTELMPI,126920.432495104,3.267695104,0.007298304,126923.908119808,2,126571.33,126913,0.05000045802
REACTION_STIFFNESS__S3_HIGH_A1e9_Ta100__M4_864x288__C2,cases/STIFFNESS/S3_HIGH_A1e9_Ta100/M4_864x288/C2,REACTION_STIFFNESS,S3_HIGH_A1e9_Ta100,high_reaction_rate,0.1,high,1.0e9,5,100,3.571428571e6,M4_864x288,864,288,248832,2,392,80,392,complete,orfoz223,0,v2312,INTELMPI,62098.700796416,6.112678400,2.286281472,62107.301246464,2,61897.88,62090,0.050000458
REACTION_STIFFNESS__S3_HIGH_A1e9_Ta100__M4_864x288__C4,cases/STIFFNESS/S3_HIGH_A1e9_Ta100/M4_864x288/C4,REACTION_STIFFNESS,S3_HIGH_A1e9_Ta100,high_reaction_rate,0.1,high,1.0e9,5,100,3.571428571e6,M4_864x288,864,288,248832,4,392,80,392,complete,orfoz223,0,v2312,INTELMPI,30989.875112960,4.615946752,2.497609984,30997.191833344,2,30884.71,30980,0.05000045783
REACTION_STIFFNESS__S3_HIGH_A1e9_Ta100__M4_864x288__C16,cases/STIFFNESS/S3_HIGH_A1e9_Ta100/M4_864x288/C16,REACTION_STIFFNESS,S3_HIGH_A1e9_Ta100,high_reaction_rate,0.1,high,1.0e9,5,100,3.571428571e6,M4_864x288,864,288,248832,16,392,80,392,complete,orfoz223,0,v2312,INTELMPI,9997.804576256,4.767138816,2.757786112,10005.530967552,2,9956,9988,0.05000045666
