array_index,case_id,study_family,group_dir,physical_case,mesh_name,Nx,Ny,velocity_m_per_s,stiffness_class,A,beta,Ta,threads,core_label,status,run_dir,launcher_wall_seconds,exit_code,summary_case_id,solver,summary_threads,summary_Nx,summary_Ny,cells,level0_Nx,level0_Ny,rmt_smoothing_sweeps,rmt_max_cycles,final_time_s,time_steps,vFuel_m_per_s,vOx_m_per_s,summary_A,summary_beta,Ta_K,HfF_J_per_kg,rho_kg_per_m3,mu_Pa_s,cp_J_per_kgK,Pr,Sc,compute_time_s,pressure_time_s,pressure_fraction_pct,output_time_s,total_wall_s,pressure_solves,total_rmt_cycles,avg_rmt_cycles_per_pressure_solve,max_rmt_cycles_per_pressure_solve,mean_pressure_convergence_factor,final_pressure_cycles,final_pressure_rhs_norm,final_pressure_initial_residual,final_pressure_abs_residual,final_pressure_rel_residual,final_pressure_convergence_factor,equivalent_fine_grid_smoothing_sweeps,equivalent_fine_grid_smoothing_sweeps_per_pressure_solve,mass_residual_max,mass_residual_l2,mass_residual_integral,Tmin_K,Tmax_K,pmin_Pa,pmax_Pa,umin_m_per_s,umax_m_per_s,vmin_m_per_s,vmax_m_per_s,YFmax,YOmax,YPmax,YN2max,diag_levelsX,diag_levelsY,diag_direct_solves,diag_direct_unknowns,diag_nonmonotone_cycles,diag_last_cycle_ratio,diag_max_cycle_ratio,diag_point_updates
0,FLOW_INTENSITY__BC1_LOW_v005__M1_108x36__C1,FLOW_INTENSITY,FLOW,BC1_LOW_v005,M1_108x36,108,36,0.05,nominal_chemistry,10000000,5,1000,1,C1,complete,results/FLOW/BC1_LOW_v005/M1_108x36/C1,100.956733440,0,FLOW_INTENSITY__BC1_LOW_v005__M1_108x36__C1,RMT_FINAL,1,108,36,3888,108,36,16,500,2,20033,0.050000000000000003,-0.050000000000000003,10000000,5,1000,3571428.571,1,2.0000000000000002e-05,1000,0.69999999999999996,1,100.79757914100028,21.675839612999983,21.504325597620578,0.066011563999999995,100.865704541,20033,5873,0.29316627564518544,3,0.15445181584782466,2,176409.73717962604,13808.226307143719,2.2539560116879329,1.2776823137562315e-05,0.012776260844783534,281904,14.071981230968902,0.00020322264748529051,2.6254376552012762e-05,-5.3413325930933587e-10,294.95449063572789,915.08413604988846,99999.99795949999,100000.00232437062,-0.015431646339169597,0.015431646296808103,-0.045263969203814966,0.045263969203001533,0.99597340936149847,0.2089378338607342,0.31683553212781435,0.83491285177248864,3,2,1427139,22834224,0,0.015504882317325577,0.17511649349014033,1096042752
1,FLOW_INTENSITY__BC1_LOW_v005__M1_108x36__C2,FLOW_INTENSITY,FLOW,BC1_LOW_v005,M1_108x36,108,36,0.05,nominal_chemistry,10000000,5,1000,2,C2,complete,results/FLOW/BC1_LOW_v005/M1_108x36/C2,55.776390400,0,FLOW_INTENSITY__BC1_LOW_v005__M1_108x36__C2,RMT_FINAL,2,108,36,3888,108,36,16,500,2,20033,0.050000000000000003,-0.050000000000000003,10000000,5,1000,3571428.571,1,2.0000000000000002e-05,1000,0.69999999999999996,1,55.626675466000265,11.758730437000024,21.1386539614202,0.066747675000000006,55.695159347000001,20033,5873,0.29316627564518544,3,0.15445181584782466,2,176409.73717962604,13808.226307143719,2.2539560116879329,1.2776823137562315e-05,0.012776260844783534,281904,14.071981230968902,0.00020322264748529051,2.6254376552012705e-05,-5.3413325930933391e-10,294.95449063572789,915.08413604988846,99999.99795949999,100000.00232437062,-0.015431646339169597,0.015431646296808103,-0.045263969203814966,0.045263969203001533,0.99597340936149847,0.2089378338607342,0.31683553212781435,0.83491285177248864,3,2,1427139,22834224,0,0.015504882317325577,0.17511649349014033,1096042752
2,FLOW_INTENSITY__BC1_LOW_v005__M1_108x36__C4,FLOW_INTENSITY,FLOW,BC1_LOW_v005,M1_108x36,108,36,0.05,nominal_chemistry,10000000,5,1000,4,C4,complete,results/FLOW/BC1_LOW_v005/M1_108x36/C4,33.206811648,0,FLOW_INTENSITY__BC1_LOW_v005__M1_108x36__C4,RMT_FINAL,4,108,36,3888,108,36,16,500,2,20033,0.050000000000000003,-0.050000000000000003,10000000,5,1000,3571428.571,1,2.0000000000000002e-05,1000,0.69999999999999996,1,32.974081322999936,6.8238357379999881,20.694543909067924,0.067040650000000007,33.042872266000003,20033,5873,0.29316627564518544,3,0.15445181584782466,2,176409.73717962604,13808.226307143719,2.2539560116879329,1.2776823137562315e-05,0.012776260844783534,281904,14.071981230968902,0.00020322264748529051,2.6254376552012701e-05,-5.3413325930933484e-10,294.95449063572789,915.08413604988846,99999.99795949999,100000.00232437062,-0.015431646339169597,0.015431646296808103,-0.045263969203814966,0.045263969203001533,0.99597340936149847,0.2089378338607342,0.31683553212781435,0.83491285177248864,3,2,1427139,22834224,0,0.015504882317325577,0.17511649349014033,1096042752
3,FLOW_INTENSITY__BC1_LOW_v005__M1_108x36__C16,FLOW_INTENSITY,FLOW,BC1_LOW_v005,M1_108x36,108,36,0.05,nominal_chemistry,10000000,5,1000,16,C16,complete,results/FLOW/BC1_LOW_v005/M1_108x36/C16,22.327162880,0,FLOW_INTENSITY__BC1_LOW_v005__M1_108x36__C16,RMT_FINAL,16,108,36,3888,108,36,16,500,2,20033,0.050000000000000003,-0.050000000000000003,10000000,5,1000,3571428.571,1,2.0000000000000002e-05,1000,0.69999999999999996,1,22.154144785000081,4.2157408980000168,19.029129487563747,0.065326184000000009,22.224227278000001,20033,5873,0.29316627564518544,3,0.15445181584782466,2,176409.73717962604,13808.226307143719,2.2539560116879329,1.2776823137562315e-05,0.012776260844783534,281904,14.071981230968902,0.00020322264748529051,2.6254376552012725e-05,-5.3413325930933473e-10,294.95449063572789,915.08413604988846,99999.99795949999,100000.00232437062,-0.015431646339169597,0.015431646296808103,-0.045263969203814966,0.045263969203001533,0.99597340936149847,0.2089378338607342,0.31683553212781435,0.83491285177248864,3,2,1427139,22834224,0,0.015504882317325577,0.17511649349014033,1096042752
4,FLOW_INTENSITY__BC1_LOW_v005__M2_216x72__C1,FLOW_INTENSITY,FLOW,BC1_LOW_v005,M2_216x72,216,72,0.05,nominal_chemistry,10000000,5,1000,1,C1,complete,results/FLOW/BC1_LOW_v005/M2_216x72/C1,501.617525760,0,FLOW_INTENSITY__BC1_LOW_v005__M2_216x72__C1,RMT_FINAL,1,216,72,15552,216,72,16,500,2,20033,0.050000000000000003,-0.050000000000000003,10000000,5,1000,3571428.571,1,2.0000000000000002e-05,1000,0.69999999999999996,1,501.35283768900314,149.20767654900041,29.761011673291101,0.16394843999999995,501.52186533299999,20033,8231,0.41087206109918634,3,0.1910184012147714,2,573553.07914430555,30681.301696433686,7.7410710565641239,1.3496695141299165e-05,0.015884137445628596,526784,26.295811910347926,0.0007153324413686768,6.2074574426395612e-05,-6.2098531006724794e-11,293.82296258762813,929.84614945624139,99999.997557531431,100000.00230747118,-0.014137298521083811,0.014137305715018906,-0.050531710658793999,0.050531704029931172,0.99839393378780805,0.20957458215505712,0.32358415469486296,0.83394794200824651,4,3,18001197,128008512,0,0.020845787271935274,0.20598857949068969,8192544768
5,FLOW_INTENSITY__BC1_LOW_v005__M2_216x72__C2,FLOW_INTENSITY,FLOW,BC1_LOW_v005,M2_216x72,216,72,0.05,nominal_chemistry,10000000,5,1000,2,C2,complete,results/FLOW/BC1_LOW_v005/M2_216x72/C2,263.062899456,0,FLOW_INTENSITY__BC1_LOW_v005__M2_216x72__C2,RMT_FINAL,2,216,72,15552,216,72,16,500,2,20033,0.050000000000000003,-0.050000000000000003,10000000,5,1000,3571428.571,1,2.0000000000000002e-05,1000,0.69999999999999996,1,262.78595262299967,77.34078643699992,29.431096169723826,0.16464942300000002,262.95502356100002,20033,8231,0.41087206109918634,3,0.1910184012147714,2,573553.07914430555,30681.301696433686,7.7410710565641239,1.3496695141299165e-05,0.015884137445628596,526784,26.295811910347926,0.0007153324413686768,6.2074574426395707e-05,-6.2098531006725504e-11,293.82296258762813,929.84614945624139,99999.997557531431,100000.00230747118,-0.014137298521083811,0.014137305715018906,-0.050531710658793999,0.050531704029931172,0.99839393378780805,0.20957458215505712,0.32358415469486296,0.83394794200824651,4,3,18001197,128008512,0,0.020845787271935274,0.20598857949068969,8192544768
6,FLOW_INTENSITY__BC1_LOW_v005__M2_216x72__C4,FLOW_INTENSITY,FLOW,BC1_LOW_v005,M2_216x72,216,72,0.05,nominal_chemistry,10000000,5,1000,4,C4,complete,results/FLOW/BC1_LOW_v005/M2_216x72/C4,142.153340160,0,FLOW_INTENSITY__BC1_LOW_v005__M2_216x72__C4,RMT_FINAL,4,216,72,15552,216,72,16,500,2,20033,0.050000000000000003,-0.050000000000000003,10000000,5,1000,3571428.571,1,2.0000000000000002e-05,1000,0.69999999999999996,1,141.89206573500016,41.321233415999941,29.121595490174993,0.164699707,142.05959923500001,20033,8231,0.41087206109918634,3,0.1910184012147714,2,573553.07914430555,30681.301696433686,7.7410710565641239,1.3496695141299165e-05,0.015884137445628596,526784,26.295811910347926,0.0007153324413686768,6.2074574426395707e-05,-6.2098531006725349e-11,293.82296258762813,929.84614945624139,99999.997557531431,100000.00230747118,-0.014137298521083811,0.014137305715018906,-0.050531710658793999,0.050531704029931172,0.99839393378780805,0.20957458215505712,0.32358415469486296,0.83394794200824651,4,3,18001197,128008512,0,0.020845787271935274,0.20598857949068969,8192544768
7,FLOW_INTENSITY__BC1_LOW_v005__M2_216x72__C16,FLOW_INTENSITY,FLOW,BC1_LOW_v005,M2_216x72,216,72,0.05,nominal_chemistry,10000000,5,1000,16,C16,complete,results/FLOW/BC1_LOW_v005/M2_216x72/C16,57.538428160,0,FLOW_INTENSITY__BC1_LOW_v005__M2_216x72__C16,RMT_FINAL,16,216,72,15552,216,72,16,500,2,20033,0.050000000000000003,-0.050000000000000003,10000000,5,1000,3571428.571,1,2.0000000000000002e-05,1000,0.69999999999999996,1,57.283852709000001,16.338592055000106,28.522159879852339,0.16429186700000001,57.453455812999998,20033,8231,0.41087206109918634,3,0.1910184012147714,2,573553.07914430555,30681.301696433686,7.7410710565641239,1.3496695141299165e-05,0.015884137445628596,526784,26.295811910347926,0.0007153324413686768,6.2074574426395721e-05,-6.2098531006724987e-11,293.82296258762813,929.84614945624139,99999.997557531431,100000.00230747118,-0.014137298521083811,0.014137305715018906,-0.050531710658793999,0.050531704029931172,0.99839393378780805,0.20957458215505712,0.32358415469486296,0.83394794200824651,4,3,18001197,128008512,0,0.020845787271935274,0.20598857949068969,8192544768
8,FLOW_INTENSITY__BC1_LOW_v005__M3_432x144__C1,FLOW_INTENSITY,FLOW,BC1_LOW_v005,M3_432x144,432,144,0.05,nominal_chemistry,10000000,5,1000,1,C1,complete,results/FLOW/BC1_LOW_v005/M3_432x144/C1,5072.202927616,0,FLOW_INTENSITY__BC1_LOW_v005__M3_432x144__C1,RMT_FINAL,1,432,144,62208,432,144,16,500,2,48534,0.050000000000000003,-0.050000000000000003,10000000,5,1000,3571428.571,1,2.0000000000000002e-05,1000,0.69999999999999996,1,5071.4621835150128,1700.7285938709883,33.535271137370863,0.60543044600000007,5072.0961758539997,48534,19052,0.39254955289075699,4,0.20726177676908644,3,7612133.1560912021,4546433.2321027704,84.296407862908382,1.1073953402333049e-05,0.026467489549805333,1524160,31.403964231260559,0.0010650651318186988,5.4713377451182942e-05,-6.9406682050338306e-13,293.3893758024285,930.71465762446292,99999.9923938305,100000.00654371135,-0.014314497651339006,0.014314493921219076,-0.050819397695540447,0.05081952801530739,0.99924896676759278,0.20980135523826138,0.32406941939199929,0.83351737277778337,5,4,375000516,1185186816,0,0.056491815041036113,0.23540812506393488,94814945280
9,FLOW_INTENSITY__BC1_LOW_v005__M3_432x144__C2,FLOW_INTENSITY,FLOW,BC1_LOW_v005,M3_432x144,432,144,0.05,nominal_chemistry,10000000,5,1000,2,C2,complete,results/FLOW/BC1_LOW_v005/M3_432x144/C2,2615.553867264,0,FLOW_INTENSITY__BC1_LOW_v005__M3_432x144__C2,RMT_FINAL,2,432,144,62208,432,144,16,500,2,48534,0.050000000000000003,-0.050000000000000003,10000000,5,1000,3571428.571,1,2.0000000000000002e-05,1000,0.69999999999999996,1,2614.8616332899878,873.51150545900646,33.40564924500287,0.59210470100000001,2615.4704122369999,48534,19052,0.39254955289075699,4,0.20726177676908644,3,7612133.1560912021,4546433.2321027704,84.296407862908382,1.1073953402333049e-05,0.026467489549805333,1524160,31.403964231260559,0.0010650651318186988,5.4713377451182529e-05,-6.9406682050337457e-13,293.3893758024285,930.71465762446292,99999.9923938305,100000.00654371135,-0.014314497651339006,0.014314493921219076,-0.050819397695540447,0.05081952801530739,0.99924896676759278,0.20980135523826138,0.32406941939199929,0.83351737277778337,5,4,375000516,1185186816,0,0.056491815041036113,0.23540812506393488,94814945280
10,FLOW_INTENSITY__BC1_LOW_v005__M3_432x144__C4,FLOW_INTENSITY,FLOW,BC1_LOW_v005,M3_432x144,432,144,0.05,nominal_chemistry,10000000,5,1000,4,C4,complete,results/FLOW/BC1_LOW_v005/M3_432x144/C4,1358.039510528,0,FLOW_INTENSITY__BC1_LOW_v005__M3_432x144__C4,RMT_FINAL,4,432,144,62208,432,144,16,500,2,48534,0.050000000000000003,-0.050000000000000003,10000000,5,1000,3571428.571,1,2.0000000000000002e-05,1000,0.69999999999999996,1,1357.3302665190024,455.89709270899942,33.587779183484152,0.59685242199999988,1357.93681707,48534,19052,0.39254955289075699,4,0.20726177676908644,3,7612133.1560912021,4546433.2321027704,84.296407862908382,1.1073953402333049e-05,0.026467489549805333,1524160,31.403964231260559,0.0010650651318186988,5.4713377451182576e-05,-6.9406682050325623e-13,293.3893758024285,930.71465762446292,99999.9923938305,100000.00654371135,-0.014314497651339006,0.014314493921219076,-0.050819397695540447,0.05081952801530739,0.99924896676759278,0.20980135523826138,0.32406941939199929,0.83351737277778337,5,4,375000516,1185186816,0,0.056491815041036113,0.23540812506393488,94814945280
11,FLOW_INTENSITY__BC1_LOW_v005__M3_432x144__C16,FLOW_INTENSITY,FLOW,BC1_LOW_v005,M3_432x144,432,144,0.05,nominal_chemistry,10000000,5,1000,16,C16,complete,results/FLOW/BC1_LOW_v005/M3_432x144/C16,432.605119488,0,FLOW_INTENSITY__BC1_LOW_v005__M3_432x144__C16,RMT_FINAL,16,432,144,62208,432,144,16,500,2,48534,0.050000000000000003,-0.050000000000000003,10000000,5,1000,3571428.571,1,2.0000000000000002e-05,1000,0.69999999999999996,1,431.91662479099784,148.15356698499895,34.301427285113107,0.58883413600000012,432.51564332200002,48534,19052,0.39254955289075699,4,0.20726177676908644,3,7612133.1560912021,4546433.2321027704,84.296407862908382,1.1073953402333049e-05,0.026467489549805333,1524160,31.403964231260559,0.0010650651318186988,5.4713377451182644e-05,-6.9406682050333257e-13,293.3893758024285,930.71465762446292,99999.9923938305,100000.00654371135,-0.014314497651339006,0.014314493921219076,-0.050819397695540447,0.05081952801530739,0.99924896676759278,0.20980135523826138,0.32406941939199929,0.83351737277778337,5,4,375000516,1185186816,0,0.056491815041036113,0.23540812506393488,94814945280
12,FLOW_INTENSITY__BC1_LOW_v005__M4_864x288__C1,FLOW_INTENSITY,FLOW,BC1_LOW_v005,M4_864x288,864,288,0.05,nominal_chemistry,10000000,5,1000,1,C1,complete,results/FLOW/BC1_LOW_v005/M4_864x288/C1,83374.421521408,0,FLOW_INTENSITY__BC1_LOW_v005__M4_864x288__C1,RMT_FINAL,1,864,288,248832,864,288,16,500,2,194042,0.050000000000000003,-0.050000000000000003,10000000,5,1000,3571428.571,1,2.0000000000000002e-05,1000,0.69999999999999996,1,83371.664244076601,31690.730071066442,38.011391950014968,2.3444526989999996,83374.333310018003,194042,87528,0.45107760175632078,6,0.18537339355413238,2,37326117.543868937,13149767.570227601,2791.0031566625112,7.4773465345874204e-05,0.014568710910253203,7002240,36.086208140505661,0.01577965748839949,0.00040452785094882167,-5.7495137790030599e-11,293.19818773324812,922.4810625840106,99999.989870003235,100000.00853988361,-0.014290299503094231,0.014290299376282792,-0.050444310576637237,0.05044439461756569,0.99960180094017315,0.20989522904301872,0.32072242816822838,0.83645886091147426,5,4,1722813624,21779767296,0,0.032580874062364679,0.87492767422875917,1742381383680
13,FLOW_INTENSITY__BC1_LOW_v005__M4_864x288__C2,FLOW_INTENSITY,FLOW,BC1_LOW_v005,M4_864x288,864,288,0.05,nominal_chemistry,10000000,5,1000,2,C2,complete,results/FLOW/BC1_LOW_v005/M4_864x288/C2,42249.339707648,0,FLOW_INTENSITY__BC1_LOW_v005__M4_864x288__C2,RMT_FINAL,2,864,288,248832,864,288,16,500,2,194042,0.050000000000000003,-0.050000000000000003,10000000,5,1000,3571428.571,1,2.0000000000000002e-05,1000,0.69999999999999996,1,42246.677778048324,16104.222932456449,38.119501412781659,2.3585976790000003,42249.213147937,194042,87528,0.45107760175632078,6,0.18537339355413238,2,37326117.543868937,13149767.570227601,2791.0031566625112,7.4773465345874204e-05,0.014568710910253203,7002240,36.086208140505661,0.01577965748839949,0.00040452785094882834,-5.7495137790031019e-11,293.19818773324812,922.4810625840106,99999.989870003235,100000.00853988361,-0.014290299503094231,0.014290299376282792,-0.050444310576637237,0.05044439461756569,0.99960180094017315,0.20989522904301872,0.32072242816822838,0.83645886091147426,5,4,1722813624,21779767296,0,0.032580874062364679,0.87492767422875917,1742381383680
14,FLOW_INTENSITY__BC1_LOW_v005__M4_864x288__C4,FLOW_INTENSITY,FLOW,BC1_LOW_v005,M4_864x288,864,288,0.05,nominal_chemistry,10000000,5,1000,4,C4,complete,results/FLOW/BC1_LOW_v005/M4_864x288/C4,21703.978439168,0,FLOW_INTENSITY__BC1_LOW_v005__M4_864x288__C4,RMT_FINAL,4,864,288,248832,864,288,16,500,2,194042,0.050000000000000003,-0.050000000000000003,10000000,5,1000,3571428.571,1,2.0000000000000002e-05,1000,0.69999999999999996,1,21701.368272039213,8336.6852841100845,38.415482284826048,2.4059043189999998,21703.879505161,194042,87528,0.45107760175632078,6,0.18537339355413238,2,37326117.543868937,13149767.570227601,2791.0031566625112,7.4773465345874204e-05,0.014568710910253203,7002240,36.086208140505661,0.01577965748839949,0.00040452785094882736,-5.7495137790031077e-11,293.19818773324812,922.4810625840106,99999.989870003235,100000.00853988361,-0.014290299503094231,0.014290299376282792,-0.050444310576637237,0.05044439461756569,0.99960180094017315,0.20989522904301872,0.32072242816822838,0.83645886091147426,5,4,1722813624,21779767296,0,0.032580874062364679,0.87492767422875917,1742381383680
15,FLOW_INTENSITY__BC1_LOW_v005__M4_864x288__C16,FLOW_INTENSITY,FLOW,BC1_LOW_v005,M4_864x288,864,288,0.05,nominal_chemistry,10000000,5,1000,16,C16,complete,results/FLOW/BC1_LOW_v005/M4_864x288/C16,6294.273423872,0,FLOW_INTENSITY__BC1_LOW_v005__M4_864x288__C16,RMT_FINAL,16,864,288,248832,864,288,16,500,2,194042,0.050000000000000003,-0.050000000000000003,10000000,5,1000,3571428.571,1,2.0000000000000002e-05,1000,0.69999999999999996,1,6291.7118575597869,2539.9275712450935,40.369419781887359,2.3910116610000003,6294.1681900590002,194042,87528,0.45107760175632078,6,0.18537339355413238,2,37326117.543868937,13149767.570227601,2791.0031566625112,7.4773465345874204e-05,0.014568710910253203,7002240,36.086208140505661,0.01577965748839949,0.00040452785094882677,-5.7495137790031161e-11,293.19818773324812,922.4810625840106,99999.989870003235,100000.00853988361,-0.014290299503094231,0.014290299376282792,-0.050444310576637237,0.05044439461756569,0.99960180094017315,0.20989522904301872,0.32072242816822838,0.83645886091147426,5,4,1722813624,21779767296,0,0.032580874062364679,0.87492767422875917,1742381383680
16,FLOW_INTENSITY__BC2_NOMINAL_v010__M1_108x36__C1,FLOW_INTENSITY,FLOW,BC2_NOMINAL_v010,M1_108x36,108,36,0.1,nominal_chemistry,10000000,5,1000,1,C1,complete,results/FLOW/BC2_NOMINAL_v010/M1_108x36/C1,104.067680256,0,FLOW_INTENSITY__BC2_NOMINAL_v010__M1_108x36__C1,RMT_FINAL,1,108,36,3888,108,36,16,500,2,20033,0.10000000000000001,-0.10000000000000001,10000000,5,1000,3571428.571,1,2.0000000000000002e-05,1000,0.69999999999999996,1,103.88612643499998,22.664450013999627,21.816628256113137,0.070207718000000002,103.958219848,20033,6136,0.30629461388708629,3,0.14995549938066949,2,377878.75614581577,28944.682050365431,6.0403005279035824,1.5984758152354964e-05,0.014445909234997624,294528,14.702141466580143,0.00054460950368806493,7.4722260391846506e-05,4.9975961230619305e-10,293.37417389961053,1073.7662428902979,99999.995231480279,100000.00499193775,-0.031704778861035059,0.031704778839401482,-0.091588970424317531,0.091588970421252691,0.99909703774779979,0.20977333808150606,0.3815751973598791,0.99590625127423071,3,2,1491048,23856768,0,0.01476394842925967,0.18008718580199048,1145124864
17,FLOW_INTENSITY__BC2_NOMINAL_v010__M1_108x36__C2,FLOW_INTENSITY,FLOW,BC2_NOMINAL_v010,M1_108x36,108,36,0.1,nominal_chemistry,10000000,5,1000,2,C2,complete,results/FLOW/BC2_NOMINAL_v010/M1_108x36/C2,56.881220608,0,FLOW_INTENSITY__BC2_NOMINAL_v010__M1_108x36__C2,RMT_FINAL,2,108,36,3888,108,36,16,500,2,20033,0.10000000000000001,-0.10000000000000001,10000000,5,1000,3571428.571,1,2.0000000000000002e-05,1000,0.69999999999999996,1,56.721181904000119,12.239983295000009,21.579210594934402,0.070619082999999999,56.793602761000002,20033,6136,0.30629461388708629,3,0.14995549938066949,2,377878.75614581577,28944.682050365431,6.0403005279035824,1.5984758152354964e-05,0.014445909234997624,294528,14.702141466580143,0.00054460950368806493,7.4722260391846561e-05,4.9975961230619388e-10,293.37417389961053,1073.7662428902979,99999.995231480279,100000.00499193775,-0.031704778861035059,0.031704778839401482,-0.091588970424317531,0.091588970421252691,0.99909703774779979,0.20977333808150606,0.3815751973598791,0.99590625127423071,3,2,1491048,23856768,0,0.01476394842925967,0.18008718580199048,1145124864
18,FLOW_INTENSITY__BC2_NOMINAL_v010__M1_108x36__C4,FLOW_INTENSITY,FLOW,BC2_NOMINAL_v010,M1_108x36,108,36,0.1,nominal_chemistry,10000000,5,1000,4,C4,complete,results/FLOW/BC2_NOMINAL_v010/M1_108x36/C4,33.734794752,0,FLOW_INTENSITY__BC2_NOMINAL_v010__M1_108x36__C4,RMT_FINAL,4,108,36,3888,108,36,16,500,2,20033,0.10000000000000001,-0.10000000000000001,10000000,5,1000,3571428.571,1,2.0000000000000002e-05,1000,0.69999999999999996,1,33.566528292000051,7.1352445260000303,21.257022662366253,0.070528217000000004,33.638842283000002,20033,6136,0.30629461388708629,3,0.14995549938066949,2,377878.75614581577,28944.682050365431,6.0403005279035824,1.5984758152354964e-05,0.014445909234997624,294528,14.702141466580143,0.00054460950368806493,7.4722260391846574e-05,4.9975961230619388e-10,293.37417389961053,1073.7662428902979,99999.995231480279,100000.00499193775,-0.031704778861035059,0.031704778839401482,-0.091588970424317531,0.091588970421252691,0.99909703774779979,0.20977333808150606,0.3815751973598791,0.99590625127423071,3,2,1491048,23856768,0,0.01476394842925967,0.18008718580199048,1145124864
19,FLOW_INTENSITY__BC2_NOMINAL_v010__M1_108x36__C16,FLOW_INTENSITY,FLOW,BC2_NOMINAL_v010,M1_108x36,108,36,0.1,nominal_chemistry,10000000,5,1000,16,C16,complete,results/FLOW/BC2_NOMINAL_v010/M1_108x36/C16,22.547653888,0,FLOW_INTENSITY__BC2_NOMINAL_v010__M1_108x36__C16,RMT_FINAL,16,108,36,3888,108,36,16,500,2,20033,0.10000000000000001,-0.10000000000000001,10000000,5,1000,3571428.571,1,2.0000000000000002e-05,1000,0.69999999999999996,1,22.390951813999976,4.390964147999985,19.610439897666737,0.069970853,22.464993936999999,20033,6136,0.30629461388708629,3,0.14995549938066949,2,377878.75614581577,28944.682050365431,6.0403005279035824,1.5984758152354964e-05,0.014445909234997624,294528,14.702141466580143,0.00054460950368806493,7.4722260391846574e-05,4.9975961230619336e-10,293.37417389961053,1073.7662428902979,99999.995231480279,100000.00499193775,-0.031704778861035059,0.031704778839401482,-0.091588970424317531,0.091588970421252691,0.99909703774779979,0.20977333808150606,0.3815751973598791,0.99590625127423071,3,2,1491048,23856768,0,0.01476394842925967,0.18008718580199048,1145124864
20,FLOW_INTENSITY__BC2_NOMINAL_v010__M2_216x72__C1,FLOW_INTENSITY,FLOW,BC2_NOMINAL_v010,M2_216x72,216,72,0.1,nominal_chemistry,10000000,5,1000,1,C1,complete,results/FLOW/BC2_NOMINAL_v010/M2_216x72/C1,576.301022464,0,FLOW_INTENSITY__BC2_NOMINAL_v010__M2_216x72__C1,RMT_FINAL,1,216,72,15552,216,72,16,500,2,22254,0.10000000000000001,-0.10000000000000001,10000000,5,1000,3571428.571,1,2.0000000000000002e-05,1000,0.69999999999999996,1,576.04516003900005,176.50749728000002,30.641260360220702,0.17248737600000003,576.22220463199994,22254,9733,0.43735957580659657,3,0.18444821683253088,3,24715210.54604008,23503300.481935751,632.54873970022891,2.5593499942956266e-05,0.029967812810427506,622912,27.99101285162218,0.0019389226052801689,0.00017798291594169584,-2.6007746032757666e-10,293.1567095894203,1074.9452650147475,99999.923364588321,100000.06678131766,-0.029397626370833436,0.029397634694097518,-0.10306482174960559,0.10306483124174606,0.99965381106261442,0.20991253794123607,0.38121908642339097,0.99796729368036818,4,3,21286071,151367616,0,0.063741156215116931,0.21028733098259014,9687527424
21,FLOW_INTENSITY__BC2_NOMINAL_v010__M2_216x72__C2,FLOW_INTENSITY,FLOW,BC2_NOMINAL_v010,M2_216x72,216,72,0.1,nominal_chemistry,10000000,5,1000,2,C2,complete,results/FLOW/BC2_NOMINAL_v010/M2_216x72/C2,302.280109824,0,FLOW_INTENSITY__BC2_NOMINAL_v010__M2_216x72__C2,RMT_FINAL,2,216,72,15552,216,72,16,500,2,22254,0.10000000000000001,-0.10000000000000001,10000000,5,1000,3571428.571,1,2.0000000000000002e-05,1000,0.69999999999999996,1,301.91820429000046,91.768527276999833,30.395161991906164,0.17291692099999995,302.09488148499997,22254,9733,0.43735957580659657,3,0.18444821683253088,3,24715210.54604008,23503300.481935751,632.54873970022891,2.5593499942956266e-05,0.029967812810427506,622912,27.99101285162218,0.0019389226052801689,0.00017798291594169562,-2.6007746032757474e-10,293.1567095894203,1074.9452650147475,99999.923364588321,100000.06678131766,-0.029397626370833436,0.029397634694097518,-0.10306482174960559,0.10306483124174606,0.99965381106261442,0.20991253794123607,0.38121908642339097,0.99796729368036818,4,3,21286071,151367616,0,0.063741156215116931,0.21028733098259014,9687527424
22,FLOW_INTENSITY__BC2_NOMINAL_v010__M2_216x72__C4,FLOW_INTENSITY,FLOW,BC2_NOMINAL_v010,M2_216x72,216,72,0.1,nominal_chemistry,10000000,5,1000,4,C4,complete,results/FLOW/BC2_NOMINAL_v010/M2_216x72/C4,162.692764928,0,FLOW_INTENSITY__BC2_NOMINAL_v010__M2_216x72__C4,RMT_FINAL,4,216,72,15552,216,72,16,500,2,22254,0.10000000000000001,-0.10000000000000001,10000000,5,1000,3571428.571,1,2.0000000000000002e-05,1000,0.69999999999999996,1,162.41802316200187,48.977929851000106,30.155477143166355,0.177976778,162.599000004,22254,9733,0.43735957580659657,3,0.18444821683253088,3,24715210.54604008,23503300.481935751,632.54873970022891,2.5593499942956266e-05,0.029967812810427506,622912,27.99101285162218,0.0019389226052801689,0.00017798291594169581,-2.600774603275766e-10,293.1567095894203,1074.9452650147475,99999.923364588321,100000.06678131766,-0.029397626370833436,0.029397634694097518,-0.10306482174960559,0.10306483124174606,0.99965381106261442,0.20991253794123607,0.38121908642339097,0.99796729368036818,4,3,21286071,151367616,0,0.063741156215116931,0.21028733098259014,9687527424
23,FLOW_INTENSITY__BC2_NOMINAL_v010__M2_216x72__C16,FLOW_INTENSITY,FLOW,BC2_NOMINAL_v010,M2_216x72,216,72,0.1,nominal_chemistry,10000000,5,1000,16,C16,complete,results/FLOW/BC2_NOMINAL_v010/M2_216x72/C16,65.373751040,0,FLOW_INTENSITY__BC2_NOMINAL_v010__M2_216x72__C16,RMT_FINAL,16,216,72,15552,216,72,16,500,2,22254,0.10000000000000001,-0.10000000000000001,10000000,5,1000,3571428.571,1,2.0000000000000002e-05,1000,0.69999999999999996,1,65.120355906000015,19.067561154999961,29.280492850075358,0.17288589500000001,65.297710816999995,22254,9733,0.43735957580659657,3,0.18444821683253088,3,24715210.54604008,23503300.481935751,632.54873970022891,2.5593499942956266e-05,0.029967812810427506,622912,27.99101285162218,0.0019389226052801689,0.00017798291594169578,-2.6007746032757702e-10,293.1567095894203,1074.9452650147475,99999.923364588321,100000.06678131766,-0.029397626370833436,0.029397634694097518,-0.10306482174960559,0.10306483124174606,0.99965381106261442,0.20991253794123607,0.38121908642339097,0.99796729368036818,4,3,21286071,151367616,0,0.063741156215116931,0.21028733098259014,9687527424
24,FLOW_INTENSITY__BC2_NOMINAL_v010__M3_432x144__C1,FLOW_INTENSITY,FLOW,BC2_NOMINAL_v010,M3_432x144,432,144,0.1,nominal_chemistry,10000000,5,1000,1,C1,complete,results/FLOW/BC2_NOMINAL_v010/M3_432x144/C1,5113.950274048,0,FLOW_INTENSITY__BC2_NOMINAL_v010__M3_432x144__C1,RMT_FINAL,1,432,144,62208,432,144,16,500,2,48573,0.10000000000000001,-0.10000000000000001,10000000,5,1000,3571428.571,1,2.0000000000000002e-05,1000,0.69999999999999996,1,5113.2031536040195,1712.7889336499818,33.497376931771818,0.61697122300000007,5113.8481953769997,48573,19187,0.39501369073353509,4,0.19529617021061207,3,9622153.8880876489,3326913.9437046144,120.09329493434052,1.2480916053838795e-05,0.033049056413119185,1534960,31.601095258682808,0.0027240175709994929,0.00014008898015433437,-4.2122314400777314e-10,293.0774733264214,1085.0957043526432,99999.987621094624,100000.00977955847,-0.027467717325824773,0.027467721838517242,-0.10292669056291856,0.10292627144542157,0.99984988284398657,0.20996088098398663,0.38638865131179856,0.99892773485141617,5,4,377657721,1193584896,0,0.058614395870688868,0.26729329256159945,95486791680
25,FLOW_INTENSITY__BC2_NOMINAL_v010__M3_432x144__C2,FLOW_INTENSITY,FLOW,BC2_NOMINAL_v010,M3_432x144,432,144,0.1,nominal_chemistry,10000000,5,1000,2,C2,complete,results/FLOW/BC2_NOMINAL_v010/M3_432x144/C2,2629.839432448,0,FLOW_INTENSITY__BC2_NOMINAL_v010__M3_432x144__C2,RMT_FINAL,2,432,144,62208,432,144,16,500,2,48573,0.10000000000000001,-0.10000000000000001,10000000,5,1000,3571428.571,1,2.0000000000000002e-05,1000,0.69999999999999996,1,2629.1200703019886,879.19260441398831,33.440564938253338,0.61427316300000001,2629.7500534760002,48573,19187,0.39501369073353509,4,0.19529617021061207,3,9622153.8880876489,3326913.9437046144,120.09329493434052,1.2480916053838795e-05,0.033049056413119185,1534960,31.601095258682808,0.0027240175709994929,0.00014008898015433383,-4.2122314400777666e-10,293.0774733264214,1085.0957043526432,99999.987621094624,100000.00977955847,-0.027467717325824773,0.027467721838517242,-0.10292669056291856,0.10292627144542157,0.99984988284398657,0.20996088098398663,0.38638865131179856,0.99892773485141617,5,4,377657721,1193584896,0,0.058614395870688868,0.26729329256159945,95486791680
26,FLOW_INTENSITY__BC2_NOMINAL_v010__M3_432x144__C4,FLOW_INTENSITY,FLOW,BC2_NOMINAL_v010,M3_432x144,432,144,0.1,nominal_chemistry,10000000,5,1000,4,C4,complete,results/FLOW/BC2_NOMINAL_v010/M3_432x144/C4,1370.682970368,0,FLOW_INTENSITY__BC2_NOMINAL_v010__M3_432x144__C4,RMT_FINAL,4,432,144,62208,432,144,16,500,2,48573,0.10000000000000001,-0.10000000000000001,10000000,5,1000,3571428.571,1,2.0000000000000002e-05,1000,0.69999999999999996,1,1369.9504959330002,460.67205500500216,33.626912532431547,0.6174628350000001,1370.5777039899999,48573,19187,0.39501369073353509,4,0.19529617021061207,3,9622153.8880876489,3326913.9437046144,120.09329493434052,1.2480916053838795e-05,0.033049056413119185,1534960,31.601095258682808,0.0027240175709994929,0.0001400889801543341,-4.2122314400777454e-10,293.0774733264214,1085.0957043526432,99999.987621094624,100000.00977955847,-0.027467717325824773,0.027467721838517242,-0.10292669056291856,0.10292627144542157,0.99984988284398657,0.20996088098398663,0.38638865131179856,0.99892773485141617,5,4,377657721,1193584896,0,0.058614395870688868,0.26729329256159945,95486791680
27,FLOW_INTENSITY__BC2_NOMINAL_v010__M3_432x144__C16,FLOW_INTENSITY,FLOW,BC2_NOMINAL_v010,M3_432x144,432,144,0.1,nominal_chemistry,10000000,5,1000,16,C16,complete,results/FLOW/BC2_NOMINAL_v010/M3_432x144/C16,434.192686592,0,FLOW_INTENSITY__BC2_NOMINAL_v010__M3_432x144__C16,RMT_FINAL,16,432,144,62208,432,144,16,500,2,48573,0.10000000000000001,-0.10000000000000001,10000000,5,1000,3571428.571,1,2.0000000000000002e-05,1000,0.69999999999999996,1,433.49599447700126,149.54716565799887,34.497934828307386,0.60204412000000007,434.11022656300003,48573,19187,0.39501369073353509,4,0.19529617021061207,3,9622153.8880876489,3326913.9437046144,120.09329493434052,1.2480916053838795e-05,0.033049056413119185,1534960,31.601095258682808,0.0027240175709994929,0.00014008898015433404,-4.2122314400777475e-10,293.0774733264214,1085.0957043526432,99999.987621094624,100000.00977955847,-0.027467717325824773,0.027467721838517242,-0.10292669056291856,0.10292627144542157,0.99984988284398657,0.20996088098398663,0.38638865131179856,0.99892773485141617,5,4,377657721,1193584896,0,0.058614395870688868,0.26729329256159945,95486791680
28,FLOW_INTENSITY__BC2_NOMINAL_v010__M4_864x288__C1,FLOW_INTENSITY,FLOW,BC2_NOMINAL_v010,M4_864x288,864,288,0.1,nominal_chemistry,10000000,5,1000,1,C1,complete,results/FLOW/BC2_NOMINAL_v010/M4_864x288/C1,66746.577022720,0,FLOW_INTENSITY__BC2_NOMINAL_v010__M4_864x288__C1,RMT_FINAL,1,864,288,248832,864,288,16,500,2,194042,0.10000000000000001,-0.10000000000000001,10000000,5,1000,3571428.571,1,2.0000000000000002e-05,1000,0.69999999999999996,1,66743.399495331294,24942.372880601724,37.370546105231639,2.5694964659999995,66746.284225520998,194042,87365,0.45023757743169007,6,0.18910097327776454,2,56325835.28499867,7297160.750435546,3074.1796679040999,5.4578501185988624e-05,0.020525212692501134,6989200,36.019006194535201,0.025828594699483065,0.0006767245963689801,3.7510568501943104e-09,293.04121329665895,1082.8019407895447,99999.980299224961,100000.01562214919,-0.027337472059444076,0.027337470065555137,-0.1016925816452417,0.10169295720561315,0.99991765013806311,0.20997927874939146,0.38529019117651553,0.99945493965516952,5,4,1719605295,21739207680,0,0.043386287190111568,0.87490910164422342,1739136614400
29,FLOW_INTENSITY__BC2_NOMINAL_v010__M4_864x288__C2,FLOW_INTENSITY,FLOW,BC2_NOMINAL_v010,M4_864x288,864,288,0.1,nominal_chemistry,10000000,5,1000,2,C2,complete,results/FLOW/BC2_NOMINAL_v010/M4_864x288/C2,42541.023659264,0,FLOW_INTENSITY__BC2_NOMINAL_v010__M4_864x288__C2,RMT_FINAL,2,864,288,248832,864,288,16,500,2,194042,0.10000000000000001,-0.10000000000000001,10000000,5,1000,3571428.571,1,2.0000000000000002e-05,1000,0.69999999999999996,1,42538.378152503443,16073.796326855676,37.786575381952382,2.3636070950000003,42540.916980151,194042,87365,0.45023757743169007,6,0.18910097327776454,2,56325835.28499867,7297160.750435546,3074.1796679040999,5.4578501185988624e-05,0.020525212692501134,6989200,36.019006194535201,0.025828594699483065,0.00067672459636898454,3.7510568501942856e-09,293.04121329665895,1082.8019407895447,99999.980299224961,100000.01562214919,-0.027337472059444076,0.027337470065555137,-0.1016925816452417,0.10169295720561315,0.99991765013806311,0.20997927874939146,0.38529019117651553,0.99945493965516952,5,4,1719605295,21739207680,0,0.043386287190111568,0.87490910164422342,1739136614400
30,FLOW_INTENSITY__BC2_NOMINAL_v010__M4_864x288__C4,FLOW_INTENSITY,FLOW,BC2_NOMINAL_v010,M4_864x288,864,288,0.1,nominal_chemistry,10000000,5,1000,4,C4,complete,results/FLOW/BC2_NOMINAL_v010/M4_864x288/C4,21827.658202880,0,FLOW_INTENSITY__BC2_NOMINAL_v010__M4_864x288__C4,RMT_FINAL,4,864,288,248832,864,288,16,500,2,194042,0.10000000000000001,-0.10000000000000001,10000000,5,1000,3571428.571,1,2.0000000000000002e-05,1000,0.69999999999999996,1,21825.114029161923,8299.7514187303241,38.02844469742746,2.3461050430000001,21827.555879678999,194042,87365,0.45023757743169007,6,0.18910097327776454,2,56325835.28499867,7297160.750435546,3074.1796679040999,5.4578501185988624e-05,0.020525212692501134,6989200,36.019006194535201,0.025828594699483065,0.00067672459636898433,3.7510568501942906e-09,293.04121329665895,1082.8019407895447,99999.980299224961,100000.01562214919,-0.027337472059444076,0.027337470065555137,-0.1016925816452417,0.10169295720561315,0.99991765013806311,0.20997927874939146,0.38529019117651553,0.99945493965516952,5,4,1719605295,21739207680,0,0.043386287190111568,0.87490910164422342,1739136614400
31,FLOW_INTENSITY__BC2_NOMINAL_v010__M4_864x288__C16,FLOW_INTENSITY,FLOW,BC2_NOMINAL_v010,M4_864x288,864,288,0.1,nominal_chemistry,10000000,5,1000,16,C16,complete,results/FLOW/BC2_NOMINAL_v010/M4_864x288/C16,6293.425351680,0,FLOW_INTENSITY__BC2_NOMINAL_v010__M4_864x288__C16,RMT_FINAL,16,864,288,248832,864,288,16,500,2,194042,0.10000000000000001,-0.10000000000000001,10000000,5,1000,3571428.571,1,2.0000000000000002e-05,1000,0.69999999999999996,1,6290.7806237879586,2497.0185394120622,39.693301813289054,2.3764894920000001,6293.2149176969997,194042,87365,0.45023757743169007,6,0.18910097327776454,2,56325835.28499867,7297160.750435546,3074.1796679040999,5.4578501185988624e-05,0.020525212692501134,6989200,36.019006194535201,0.025828594699483065,0.00067672459636898173,3.7510568501942997e-09,293.04121329665895,1082.8019407895447,99999.980299224961,100000.01562214919,-0.027337472059444076,0.027337470065555137,-0.1016925816452417,0.10169295720561315,0.99991765013806311,0.20997927874939146,0.38529019117651553,0.99945493965516952,5,4,1719605295,21739207680,0,0.043386287190111568,0.87490910164422342,1739136614400
32,FLOW_INTENSITY__BC3_HIGH_v020__M1_108x36__C1,FLOW_INTENSITY,FLOW,BC3_HIGH_v020,M1_108x36,108,36,0.2,nominal_chemistry,10000000,5,1000,1,C1,complete,results/FLOW/BC3_HIGH_v020/M1_108x36/C1,136.247261184,0,FLOW_INTENSITY__BC3_HIGH_v020__M1_108x36__C1,RMT_FINAL,1,108,36,3888,108,36,16,500,2,24443,0.20000000000000001,-0.20000000000000001,10000000,5,1000,3571428.571,1,2.0000000000000002e-05,1000,0.69999999999999996,1,136.07673404899981,34.759257596000182,25.543865260231584,0.078333755000000005,136.157125799,24443,9447,0.38649101992390461,3,0.10309246387031426,2,1413705.8467635899,523510.31386455544,141.00754636676902,9.9743200956251907e-05,0.01641188845816129,453456,18.55156895634742,0.0064462314129833942,0.00098756531736878374,5.1882217502770171e-08,293.03355479391433,1056.7298270810966,99999.980379327229,100000.01852884406,-0.077041558131586363,0.077046224368933366,-0.18529575926842975,0.18529576306650133,0.99985833537866742,0.2099676079354853,0.37978098807987032,0.99791002489502489,3,2,2295621,36729936,0,0.014673868384213249,0.18955617640179229,1763036928
33,FLOW_INTENSITY__BC3_HIGH_v020__M1_108x36__C2,FLOW_INTENSITY,FLOW,BC3_HIGH_v020,M1_108x36,108,36,0.2,nominal_chemistry,10000000,5,1000,2,C2,complete,results/FLOW/BC3_HIGH_v020/M1_108x36/C2,74.224035072,0,FLOW_INTENSITY__BC3_HIGH_v020__M1_108x36__C2,RMT_FINAL,2,108,36,3888,108,36,16,500,2,24443,0.20000000000000001,-0.20000000000000001,10000000,5,1000,3571428.571,1,2.0000000000000002e-05,1000,0.69999999999999996,1,74.049011441000445,18.753788516000181,25.326183497996482,0.078129474000000004,74.129679775,24443,9447,0.38649101992390461,3,0.10309246387031426,2,1413705.8467635899,523510.31386455544,141.00754636676902,9.9743200956251907e-05,0.01641188845816129,453456,18.55156895634742,0.0064462314129833942,0.00098756531736878396,5.188221750277023e-08,293.03355479391433,1056.7298270810966,99999.980379327229,100000.01852884406,-0.077041558131586363,0.077046224368933366,-0.18529575926842975,0.18529576306650133,0.99985833537866742,0.2099676079354853,0.37978098807987032,0.99791002489502489,3,2,2295621,36729936,0,0.014673868384213249,0.18955617640179229,1763036928
34,FLOW_INTENSITY__BC3_HIGH_v020__M1_108x36__C4,FLOW_INTENSITY,FLOW,BC3_HIGH_v020,M1_108x36,108,36,0.2,nominal_chemistry,10000000,5,1000,4,C4,complete,results/FLOW/BC3_HIGH_v020/M1_108x36/C4,43.939439872,0,FLOW_INTENSITY__BC3_HIGH_v020__M1_108x36__C4,RMT_FINAL,4,108,36,3888,108,36,16,500,2,24443,0.20000000000000001,-0.20000000000000001,10000000,5,1000,3571428.571,1,2.0000000000000002e-05,1000,0.69999999999999996,1,43.441687073999802,10.852354271999893,24.981429136289492,0.078364097000000008,43.522961526000003,24443,9447,0.38649101992390461,3,0.10309246387031426,2,1413705.8467635899,523510.31386455544,141.00754636676902,9.9743200956251907e-05,0.01641188845816129,453456,18.55156895634742,0.0064462314129833942,0.00098756531736878374,5.1882217502770224e-08,293.03355479391433,1056.7298270810966,99999.980379327229,100000.01852884406,-0.077041558131586363,0.077046224368933366,-0.18529575926842975,0.18529576306650133,0.99985833537866742,0.2099676079354853,0.37978098807987032,0.99791002489502489,3,2,2295621,36729936,0,0.014673868384213249,0.18955617640179229,1763036928
35,FLOW_INTENSITY__BC3_HIGH_v020__M1_108x36__C16,FLOW_INTENSITY,FLOW,BC3_HIGH_v020,M1_108x36,108,36,0.2,nominal_chemistry,10000000,5,1000,16,C16,complete,results/FLOW/BC3_HIGH_v020/M1_108x36/C16,29.668197888,0,FLOW_INTENSITY__BC3_HIGH_v020__M1_108x36__C16,RMT_FINAL,16,108,36,3888,108,36,16,500,2,24443,0.20000000000000001,-0.20000000000000001,10000000,5,1000,3571428.571,1,2.0000000000000002e-05,1000,0.69999999999999996,1,29.330050027999953,6.6574694809999659,22.698459343384716,0.078178654000000014,29.411597823000001,24443,9447,0.38649101992390461,3,0.10309246387031426,2,1413705.8467635899,523510.31386455544,141.00754636676902,9.9743200956251907e-05,0.01641188845816129,453456,18.55156895634742,0.0064462314129833942,0.00098756531736878417,5.188221750277021e-08,293.03355479391433,1056.7298270810966,99999.980379327229,100000.01852884406,-0.077041558131586363,0.077046224368933366,-0.18529575926842975,0.18529576306650133,0.99985833537866742,0.2099676079354853,0.37978098807987032,0.99791002489502489,3,2,2295621,36729936,0,0.014673868384213249,0.18955617640179229,1763036928
36,FLOW_INTENSITY__BC3_HIGH_v020__M2_216x72__C1,FLOW_INTENSITY,FLOW,BC3_HIGH_v020,M2_216x72,216,72,0.2,nominal_chemistry,10000000,5,1000,1,C1,complete,results/FLOW/BC3_HIGH_v020/M2_216x72/C1,1077.878854656,0,FLOW_INTENSITY__BC3_HIGH_v020__M2_216x72__C1,RMT_FINAL,1,216,72,15552,216,72,16,500,2,46331,0.20000000000000001,-0.20000000000000001,10000000,5,1000,3571428.571,1,2.0000000000000002e-05,1000,0.69999999999999996,1,1077.3797195799914,375.99536993399892,34.899057695329361,0.213885451,1077.60107702,46331,20747,0.44779952947270724,3,0.18330732303694597,3,6617916.0749913892,2531883.9870802304,77.923672685574275,1.1774654106002042e-05,0.031338283408266332,1327808,28.659169886253263,0.0018102094279797143,0.0001710303871073716,-4.1215129304661314e-09,293.01662713427572,1029.5072096066592,99999.976223250735,100000.02011258926,-0.088963542353825267,0.088963539346596177,-0.20858340684425328,0.20858340249080984,0.99994369619461509,0.20998699392362158,0.36833005252999013,0.99897877449977879,4,3,45373689,322657344,0,0.064367541585377303,0.20774999549036752,20650070016
37,FLOW_INTENSITY__BC3_HIGH_v020__M2_216x72__C2,FLOW_INTENSITY,FLOW,BC3_HIGH_v020,M2_216x72,216,72,0.2,nominal_chemistry,10000000,5,1000,2,C2,complete,results/FLOW/BC3_HIGH_v020/M2_216x72/C2,565.363502848,0,FLOW_INTENSITY__BC3_HIGH_v020__M2_216x72__C2,RMT_FINAL,2,216,72,15552,216,72,16,500,2,46331,0.20000000000000001,-0.20000000000000001,10000000,5,1000,3571428.571,1,2.0000000000000002e-05,1000,0.69999999999999996,1,564.87887003299625,195.35226806500364,34.583036900210573,0.21130491799999992,565.09611588200005,46331,20747,0.44779952947270724,3,0.18330732303694597,3,6617916.0749913892,2531883.9870802304,77.923672685574275,1.1774654106002042e-05,0.031338283408266332,1327808,28.659169886253263,0.0018102094279797143,0.00017103038710737157,-4.121512930466138e-09,293.01662713427572,1029.5072096066592,99999.976223250735,100000.02011258926,-0.088963542353825267,0.088963539346596177,-0.20858340684425328,0.20858340249080984,0.99994369619461509,0.20998699392362158,0.36833005252999013,0.99897877449977879,4,3,45373689,322657344,0,0.064367541585377303,0.20774999549036752,20650070016
38,FLOW_INTENSITY__BC3_HIGH_v020__M2_216x72__C4,FLOW_INTENSITY,FLOW,BC3_HIGH_v020,M2_216x72,216,72,0.2,nominal_chemistry,10000000,5,1000,4,C4,complete,results/FLOW/BC3_HIGH_v020/M2_216x72/C4,303.391789824,0,FLOW_INTENSITY__BC3_HIGH_v020__M2_216x72__C4,RMT_FINAL,4,216,72,15552,216,72,16,500,2,46331,0.20000000000000001,-0.20000000000000001,10000000,5,1000,3571428.571,1,2.0000000000000002e-05,1000,0.69999999999999996,1,302.94111926400058,103.93147999399913,34.307485311502781,0.21147740400000004,303.15719925399998,46331,20747,0.44779952947270724,3,0.18330732303694597,3,6617916.0749913892,2531883.9870802304,77.923672685574275,1.1774654106002042e-05,0.031338283408266332,1327808,28.659169886253263,0.0018102094279797143,0.00017103038710737173,-4.1215129304661297e-09,293.01662713427572,1029.5072096066592,99999.976223250735,100000.02011258926,-0.088963542353825267,0.088963539346596177,-0.20858340684425328,0.20858340249080984,0.99994369619461509,0.20998699392362158,0.36833005252999013,0.99897877449977879,4,3,45373689,322657344,0,0.064367541585377303,0.20774999549036752,20650070016
39,FLOW_INTENSITY__BC3_HIGH_v020__M2_216x72__C16,FLOW_INTENSITY,FLOW,BC3_HIGH_v020,M2_216x72,216,72,0.2,nominal_chemistry,10000000,5,1000,16,C16,complete,results/FLOW/BC3_HIGH_v020/M2_216x72/C16,123.123216128,0,FLOW_INTENSITY__BC3_HIGH_v020__M2_216x72__C16,RMT_FINAL,16,216,72,15552,216,72,16,500,2,46331,0.20000000000000001,-0.20000000000000001,10000000,5,1000,3571428.571,1,2.0000000000000002e-05,1000,0.69999999999999996,1,122.52343945100054,40.865625115000036,33.353312066743747,0.21095431999999997,122.743923021,46331,20747,0.44779952947270724,3,0.18330732303694597,3,6617916.0749913892,2531883.9870802304,77.923672685574275,1.1774654106002042e-05,0.031338283408266332,1327808,28.659169886253263,0.0018102094279797143,0.00017103038710737168,-4.1215129304661388e-09,293.01662713427572,1029.5072096066592,99999.976223250735,100000.02011258926,-0.088963542353825267,0.088963539346596177,-0.20858340684425328,0.20858340249080984,0.99994369619461509,0.20998699392362158,0.36833005252999013,0.99897877449977879,4,3,45373689,322657344,0,0.064367541585377303,0.20774999549036752,20650070016
40,FLOW_INTENSITY__BC3_HIGH_v020__M3_432x144__C1,FLOW_INTENSITY,FLOW,BC3_HIGH_v020,M3_432x144,432,144,0.2,nominal_chemistry,10000000,5,1000,1,C1,complete,results/FLOW/BC3_HIGH_v020/M3_432x144/C1,9281.482799104,0,FLOW_INTENSITY__BC3_HIGH_v020__M3_432x144__C1,RMT_FINAL,1,432,144,62208,432,144,16,500,2,88150,0.20000000000000001,-0.20000000000000001,10000000,5,1000,3571428.571,1,2.0000000000000002e-05,1000,0.69999999999999996,1,9280.6828961870433,3205.5939246780049,34.540496217094315,0.67019845400000011,9281.396453374,88150,35913,0.40740782756664778,4,0.18735821502703223,3,70045288.433250934,50775763.625814542,2424.2819825347979,3.4610207720751938e-05,0.036277907022845376,2873040,32.592626205331818,0.011330131627445006,0.0005896638637861776,-1.2703091839922546e-08,293.00759786783374,1031.0322185703567,99999.927340445764,100000.05603181227,-0.091714944928628542,0.091714943557257234,-0.20826683598079435,0.20826627840304274,0.99998219051341186,0.20999552503240626,0.37187592713945683,0.99943947188977655,5,4,706875579,2234075904,0,0.05896201927112614,0.24276939968058239,178726072320
41,FLOW_INTENSITY__BC3_HIGH_v020__M3_432x144__C2,FLOW_INTENSITY,FLOW,BC3_HIGH_v020,M3_432x144,432,144,0.2,nominal_chemistry,10000000,5,1000,2,C2,complete,results/FLOW/BC3_HIGH_v020/M3_432x144/C2,4783.986417920,0,FLOW_INTENSITY__BC3_HIGH_v020__M3_432x144__C2,RMT_FINAL,2,432,144,62208,432,144,16,500,2,88150,0.20000000000000001,-0.20000000000000001,10000000,5,1000,3571428.571,1,2.0000000000000002e-05,1000,0.69999999999999996,1,4783.2113114830045,1645.4006011709871,34.399496363894514,0.66025452900000003,4783.8976991629997,88150,35913,0.40740782756664778,4,0.18735821502703223,3,70045288.433250934,50775763.625814542,2424.2819825347979,3.4610207720751938e-05,0.036277907022845376,2873040,32.592626205331818,0.011330131627445006,0.00058966386378617413,-1.2703091839922541e-08,293.00759786783374,1031.0322185703567,99999.927340445764,100000.05603181227,-0.091714944928628542,0.091714943557257234,-0.20826683598079435,0.20826627840304274,0.99998219051341186,0.20999552503240626,0.37187592713945683,0.99943947188977655,5,4,706875579,2234075904,0,0.05896201927112614,0.24276939968058239,178726072320
42,FLOW_INTENSITY__BC3_HIGH_v020__M3_432x144__C4,FLOW_INTENSITY,FLOW,BC3_HIGH_v020,M3_432x144,432,144,0.2,nominal_chemistry,10000000,5,1000,4,C4,complete,results/FLOW/BC3_HIGH_v020/M3_432x144/C4,2491.746153472,0,FLOW_INTENSITY__BC3_HIGH_v020__M3_432x144__C4,RMT_FINAL,4,432,144,62208,432,144,16,500,2,88150,0.20000000000000001,-0.20000000000000001,10000000,5,1000,3571428.571,1,2.0000000000000002e-05,1000,0.69999999999999996,1,2490.952233323002,862.57063072900962,34.628148191276857,0.67884167799999995,2491.6476532319998,88150,35913,0.40740782756664778,4,0.18735821502703223,3,70045288.433250934,50775763.625814542,2424.2819825347979,3.4610207720751938e-05,0.036277907022845376,2873040,32.592626205331818,0.011330131627445006,0.00058966386378617652,-1.270309183992248e-08,293.00759786783374,1031.0322185703567,99999.927340445764,100000.05603181227,-0.091714944928628542,0.091714943557257234,-0.20826683598079435,0.20826627840304274,0.99998219051341186,0.20999552503240626,0.37187592713945683,0.99943947188977655,5,4,706875579,2234075904,0,0.05896201927112614,0.24276939968058239,178726072320
43,FLOW_INTENSITY__BC3_HIGH_v020__M3_432x144__C16,FLOW_INTENSITY,FLOW,BC3_HIGH_v020,M3_432x144,432,144,0.2,nominal_chemistry,10000000,5,1000,16,C16,complete,results/FLOW/BC3_HIGH_v020/M3_432x144/C16,790.000974848,0,FLOW_INTENSITY__BC3_HIGH_v020__M3_432x144__C16,RMT_FINAL,16,432,144,62208,432,144,16,500,2,88150,0.20000000000000001,-0.20000000000000001,10000000,5,1000,3571428.571,1,2.0000000000000002e-05,1000,0.69999999999999996,1,789.23771760099953,279.43096310000385,35.405170947654916,0.66352377699999998,789.91874197599998,88150,35913,0.40740782756664778,4,0.18735821502703223,3,70045288.433250934,50775763.625814542,2424.2819825347979,3.4610207720751938e-05,0.036277907022845376,2873040,32.592626205331818,0.011330131627445006,0.00058966386378617793,-1.2703091839922492e-08,293.00759786783374,1031.0322185703567,99999.927340445764,100000.05603181227,-0.091714944928628542,0.091714943557257234,-0.20826683598079435,0.20826627840304274,0.99998219051341186,0.20999552503240626,0.37187592713945683,0.99943947188977655,5,4,706875579,2234075904,0,0.05896201927112614,0.24276939968058239,178726072320
44,FLOW_INTENSITY__BC3_HIGH_v020__M4_864x288__C1,FLOW_INTENSITY,FLOW,BC3_HIGH_v020,M4_864x288,864,288,0.2,nominal_chemistry,10000000,5,1000,1,C1,missing,results/FLOW/BC3_HIGH_v020/M4_864x288/C1,,,,,,,,,,,,,,,,,,,,,,,,,,,,,,,,,,,,,,,,,,,,,,,,,,,,,,,,,,,,,,,,,,
45,FLOW_INTENSITY__BC3_HIGH_v020__M4_864x288__C2,FLOW_INTENSITY,FLOW,BC3_HIGH_v020,M4_864x288,864,288,0.2,nominal_chemistry,10000000,5,1000,2,C2,complete,results/FLOW/BC3_HIGH_v020/M4_864x288/C2,44224.897435136,0,FLOW_INTENSITY__BC3_HIGH_v020__M4_864x288__C2,RMT_FINAL,2,864,288,248832,864,288,16,500,2,194178,0.20000000000000001,-0.20000000000000001,10000000,5,1000,3571428.571,1,2.0000000000000002e-05,1000,0.69999999999999996,1,44222.01962183533,17517.206118612343,39.611954108859699,2.3478378790000001,44224.538681261998,194178,95271,0.49063745635447886,6,0.25910281147113801,2,105984392.96227199,5302267.1354416162,4253.3323705430375,4.0131685917728722e-05,0.028322648238086424,7621680,39.250996508358313,0.040540191384429991,0.0010627948393695068,3.9802510691246673e-08,293.00468312684404,1036.7038647254167,99999.957871710634,100000.03106776877,-0.08988317942397904,0.089883179303895389,-0.20590935800116969,0.20590931963857273,0.99999082197963807,0.20999781090093997,0.37465075553430405,0.99968918173727528,5,4,1875219093,23706473472,0,0.044319053337089472,0.87487101067457762,1896517877760
46,FLOW_INTENSITY__BC3_HIGH_v020__M4_864x288__C4,FLOW_INTENSITY,FLOW,BC3_HIGH_v020,M4_864x288,864,288,0.2,nominal_chemistry,10000000,5,1000,4,C4,complete,results/FLOW/BC3_HIGH_v020/M4_864x288/C4,22685.619308288,0,FLOW_INTENSITY__BC3_HIGH_v020__M4_864x288__C4,RMT_FINAL,4,864,288,248832,864,288,16,500,2,194178,0.20000000000000001,-0.20000000000000001,10000000,5,1000,3571428.571,1,2.0000000000000002e-05,1000,0.69999999999999996,1,22683.067647118274,9036.4318978181727,39.837785780999461,2.3585800429999999,22685.520919570001,194178,95271,0.49063745635447886,6,0.25910281147113801,2,105984392.96227199,5302267.1354416162,4253.3323705430375,4.0131685917728722e-05,0.028322648238086424,7621680,39.250996508358313,0.040540191384429991,0.0010627948393695107,3.9802510691246606e-08,293.00468312684404,1036.7038647254167,99999.957871710634,100000.03106776877,-0.08988317942397904,0.089883179303895389,-0.20590935800116969,0.20590931963857273,0.99999082197963807,0.20999781090093997,0.37465075553430405,0.99968918173727528,5,4,1875219093,23706473472,0,0.044319053337089472,0.87487101067457762,1896517877760
47,FLOW_INTENSITY__BC3_HIGH_v020__M4_864x288__C16,FLOW_INTENSITY,FLOW,BC3_HIGH_v020,M4_864x288,864,288,0.2,nominal_chemistry,10000000,5,1000,16,C16,complete,results/FLOW/BC3_HIGH_v020/M4_864x288/C16,6540.928047360,0,FLOW_INTENSITY__BC3_HIGH_v020__M4_864x288__C16,RMT_FINAL,16,864,288,248832,864,288,16,500,2,194178,0.20000000000000001,-0.20000000000000001,10000000,5,1000,3571428.571,1,2.0000000000000002e-05,1000,0.69999999999999996,1,6538.3697886760037,2711.9380645280771,41.477281832926657,2.3387331729999996,6540.8306334219997,194178,95271,0.49063745635447886,6,0.25910281147113801,2,105984392.96227199,5302267.1354416162,4253.3323705430375,4.0131685917728722e-05,0.028322648238086424,7621680,39.250996508358313,0.040540191384429991,0.0010627948393695081,3.9802510691246553e-08,293.00468312684404,1036.7038647254167,99999.957871710634,100000.03106776877,-0.08988317942397904,0.089883179303895389,-0.20590935800116969,0.20590931963857273,0.99999082197963807,0.20999781090093997,0.37465075553430405,0.99968918173727528,5,4,1875219093,23706473472,0,0.044319053337089472,0.87487101067457762,1896517877760
48,REACTION_STIFFNESS__S1_LOW_A1e7_Ta1000__M1_108x36__C1,REACTION_STIFFNESS,STIFFNESS,S1_LOW_A1e7_Ta1000,M1_108x36,108,36,0.1,low,10000000,5,1000,1,C1,complete,results/STIFFNESS/S1_LOW_A1e7_Ta1000/M1_108x36/C1,104.702652672,0,REACTION_STIFFNESS__S1_LOW_A1e7_Ta1000__M1_108x36__C1,RMT_FINAL,1,108,36,3888,108,36,16,500,2,20033,0.10000000000000001,-0.10000000000000001,10000000,5,1000,3571428.571,1,2.0000000000000002e-05,1000,0.69999999999999996,1,103.86663022099991,22.653154482999767,21.809848297571627,0.069122858000000009,103.93762053099999,20033,6136,0.30629461388708629,3,0.14995549938066949,2,377878.75614581577,28944.682050365431,6.0403005279035824,1.5984758152354964e-05,0.014445909234997624,294528,14.702141466580143,0.00054460950368806493,7.4722260391846506e-05,4.9975961230619305e-10,293.37417389961053,1073.7662428902979,99999.995231480279,100000.00499193775,-0.031704778861035059,0.031704778839401482,-0.091588970424317531,0.091588970421252691,0.99909703774779979,0.20977333808150606,0.3815751973598791,0.99590625127423071,3,2,1491048,23856768,0,0.01476394842925967,0.18008718580199048,1145124864
49,REACTION_STIFFNESS__S1_LOW_A1e7_Ta1000__M1_108x36__C2,REACTION_STIFFNESS,STIFFNESS,S1_LOW_A1e7_Ta1000,M1_108x36,108,36,0.1,low,10000000,5,1000,2,C2,complete,results/STIFFNESS/S1_LOW_A1e7_Ta1000/M1_108x36/C2,57.523411712,0,REACTION_STIFFNESS__S1_LOW_A1e7_Ta1000__M1_108x36__C2,RMT_FINAL,2,108,36,3888,108,36,16,500,2,20033,0.10000000000000001,-0.10000000000000001,10000000,5,1000,3571428.571,1,2.0000000000000002e-05,1000,0.69999999999999996,1,56.82552453600011,12.270378413999994,21.59307549590055,0.069931012000000015,56.897289811999997,20033,6136,0.30629461388708629,3,0.14995549938066949,2,377878.75614581577,28944.682050365431,6.0403005279035824,1.5984758152354964e-05,0.014445909234997624,294528,14.702141466580143,0.00054460950368806493,7.4722260391846561e-05,4.9975961230619388e-10,293.37417389961053,1073.7662428902979,99999.995231480279,100000.00499193775,-0.031704778861035059,0.031704778839401482,-0.091588970424317531,0.091588970421252691,0.99909703774779979,0.20977333808150606,0.3815751973598791,0.99590625127423071,3,2,1491048,23856768,0,0.01476394842925967,0.18008718580199048,1145124864
50,REACTION_STIFFNESS__S1_LOW_A1e7_Ta1000__M1_108x36__C4,REACTION_STIFFNESS,STIFFNESS,S1_LOW_A1e7_Ta1000,M1_108x36,108,36,0.1,low,10000000,5,1000,4,C4,complete,results/STIFFNESS/S1_LOW_A1e7_Ta1000/M1_108x36/C4,34.260440832,0,REACTION_STIFFNESS__S1_LOW_A1e7_Ta1000__M1_108x36__C4,RMT_FINAL,4,108,36,3888,108,36,16,500,2,20033,0.10000000000000001,-0.10000000000000001,10000000,5,1000,3571428.571,1,2.0000000000000002e-05,1000,0.69999999999999996,1,33.533251399999934,7.1066535210000179,21.192855521907521,0.06927345700000001,33.604450407999998,20033,6136,0.30629461388708629,3,0.14995549938066949,2,377878.75614581577,28944.682050365431,6.0403005279035824,1.5984758152354964e-05,0.014445909234997624,294528,14.702141466580143,0.00054460950368806493,7.4722260391846574e-05,4.9975961230619388e-10,293.37417389961053,1073.7662428902979,99999.995231480279,100000.00499193775,-0.031704778861035059,0.031704778839401482,-0.091588970424317531,0.091588970421252691,0.99909703774779979,0.20977333808150606,0.3815751973598791,0.99590625127423071,3,2,1491048,23856768,0,0.01476394842925967,0.18008718580199048,1145124864
51,REACTION_STIFFNESS__S1_LOW_A1e7_Ta1000__M1_108x36__C16,REACTION_STIFFNESS,STIFFNESS,S1_LOW_A1e7_Ta1000,M1_108x36,108,36,0.1,low,10000000,5,1000,16,C16,complete,results/STIFFNESS/S1_LOW_A1e7_Ta1000/M1_108x36/C16,22.468666368,0,REACTION_STIFFNESS__S1_LOW_A1e7_Ta1000__M1_108x36__C16,RMT_FINAL,16,108,36,3888,108,36,16,500,2,20033,0.10000000000000001,-0.10000000000000001,10000000,5,1000,3571428.571,1,2.0000000000000002e-05,1000,0.69999999999999996,1,22.318218280000064,4.3726483179999951,19.592282247362188,0.068693220999999999,22.389878147000001,20033,6136,0.30629461388708629,3,0.14995549938066949,2,377878.75614581577,28944.682050365431,6.0403005279035824,1.5984758152354964e-05,0.014445909234997624,294528,14.702141466580143,0.00054460950368806493,7.4722260391846574e-05,4.9975961230619346e-10,293.37417389961053,1073.7662428902979,99999.995231480279,100000.00499193775,-0.031704778861035059,0.031704778839401482,-0.091588970424317531,0.091588970421252691,0.99909703774779979,0.20977333808150606,0.3815751973598791,0.99590625127423071,3,2,1491048,23856768,0,0.01476394842925967,0.18008718580199048,1145124864
52,REACTION_STIFFNESS__S1_LOW_A1e7_Ta1000__M2_216x72__C1,REACTION_STIFFNESS,STIFFNESS,S1_LOW_A1e7_Ta1000,M2_216x72,216,72,0.1,low,10000000,5,1000,1,C1,complete,results/STIFFNESS/S1_LOW_A1e7_Ta1000/M2_216x72/C1,575.857699840,0,REACTION_STIFFNESS__S1_LOW_A1e7_Ta1000__M2_216x72__C1,RMT_FINAL,1,216,72,15552,216,72,16,500,2,22254,0.10000000000000001,-0.10000000000000001,10000000,5,1000,3571428.571,1,2.0000000000000002e-05,1000,0.69999999999999996,1,575.0422217419989,176.14215773200087,30.631169516284597,0.17474165999999999,575.22158351400003,22254,9733,0.43735957580659657,3,0.18444821683253088,3,24715210.54604008,23503300.481935751,632.54873970022891,2.5593499942956266e-05,0.029967812810427506,622912,27.99101285162218,0.0019389226052801689,0.00017798291594169584,-2.6007746032757666e-10,293.1567095894203,1074.9452650147475,99999.923364588321,100000.06678131766,-0.029397626370833436,0.029397634694097518,-0.10306482174960559,0.10306483124174606,0.99965381106261442,0.20991253794123607,0.38121908642339097,0.99796729368036818,4,3,21286071,151367616,0,0.063741156215116931,0.21028733098259014,9687527424
53,REACTION_STIFFNESS__S1_LOW_A1e7_Ta1000__M2_216x72__C2,REACTION_STIFFNESS,STIFFNESS,S1_LOW_A1e7_Ta1000,M2_216x72,216,72,0.1,low,10000000,5,1000,2,C2,missing,results/STIFFNESS/S1_LOW_A1e7_Ta1000/M2_216x72/C2,,,,,,,,,,,,,,,,,,,,,,,,,,,,,,,,,,,,,,,,,,,,,,,,,,,,,,,,,,,,,,,,,,
54,REACTION_STIFFNESS__S1_LOW_A1e7_Ta1000__M2_216x72__C4,REACTION_STIFFNESS,STIFFNESS,S1_LOW_A1e7_Ta1000,M2_216x72,216,72,0.1,low,10000000,5,1000,4,C4,missing,results/STIFFNESS/S1_LOW_A1e7_Ta1000/M2_216x72/C4,,,,,,,,,,,,,,,,,,,,,,,,,,,,,,,,,,,,,,,,,,,,,,,,,,,,,,,,,,,,,,,,,,
55,REACTION_STIFFNESS__S1_LOW_A1e7_Ta1000__M2_216x72__C16,REACTION_STIFFNESS,STIFFNESS,S1_LOW_A1e7_Ta1000,M2_216x72,216,72,0.1,low,10000000,5,1000,16,C16,missing,results/STIFFNESS/S1_LOW_A1e7_Ta1000/M2_216x72/C16,,,,,,,,,,,,,,,,,,,,,,,,,,,,,,,,,,,,,,,,,,,,,,,,,,,,,,,,,,,,,,,,,,
56,REACTION_STIFFNESS__S1_LOW_A1e7_Ta1000__M3_432x144__C1,REACTION_STIFFNESS,STIFFNESS,S1_LOW_A1e7_Ta1000,M3_432x144,432,144,0.1,low,10000000,5,1000,1,C1,missing,results/STIFFNESS/S1_LOW_A1e7_Ta1000/M3_432x144/C1,,,,,,,,,,,,,,,,,,,,,,,,,,,,,,,,,,,,,,,,,,,,,,,,,,,,,,,,,,,,,,,,,,
57,REACTION_STIFFNESS__S1_LOW_A1e7_Ta1000__M3_432x144__C2,REACTION_STIFFNESS,STIFFNESS,S1_LOW_A1e7_Ta1000,M3_432x144,432,144,0.1,low,10000000,5,1000,2,C2,missing,results/STIFFNESS/S1_LOW_A1e7_Ta1000/M3_432x144/C2,,,,,,,,,,,,,,,,,,,,,,,,,,,,,,,,,,,,,,,,,,,,,,,,,,,,,,,,,,,,,,,,,,
58,REACTION_STIFFNESS__S1_LOW_A1e7_Ta1000__M3_432x144__C4,REACTION_STIFFNESS,STIFFNESS,S1_LOW_A1e7_Ta1000,M3_432x144,432,144,0.1,low,10000000,5,1000,4,C4,missing,results/STIFFNESS/S1_LOW_A1e7_Ta1000/M3_432x144/C4,,,,,,,,,,,,,,,,,,,,,,,,,,,,,,,,,,,,,,,,,,,,,,,,,,,,,,,,,,,,,,,,,,
59,REACTION_STIFFNESS__S1_LOW_A1e7_Ta1000__M3_432x144__C16,REACTION_STIFFNESS,STIFFNESS,S1_LOW_A1e7_Ta1000,M3_432x144,432,144,0.1,low,10000000,5,1000,16,C16,missing,results/STIFFNESS/S1_LOW_A1e7_Ta1000/M3_432x144/C16,,,,,,,,,,,,,,,,,,,,,,,,,,,,,,,,,,,,,,,,,,,,,,,,,,,,,,,,,,,,,,,,,,
60,REACTION_STIFFNESS__S1_LOW_A1e7_Ta1000__M4_864x288__C1,REACTION_STIFFNESS,STIFFNESS,S1_LOW_A1e7_Ta1000,M4_864x288,864,288,0.1,low,10000000,5,1000,1,C1,missing,results/STIFFNESS/S1_LOW_A1e7_Ta1000/M4_864x288/C1,,,,,,,,,,,,,,,,,,,,,,,,,,,,,,,,,,,,,,,,,,,,,,,,,,,,,,,,,,,,,,,,,,
61,REACTION_STIFFNESS__S1_LOW_A1e7_Ta1000__M4_864x288__C2,REACTION_STIFFNESS,STIFFNESS,S1_LOW_A1e7_Ta1000,M4_864x288,864,288,0.1,low,10000000,5,1000,2,C2,missing,results/STIFFNESS/S1_LOW_A1e7_Ta1000/M4_864x288/C2,,,,,,,,,,,,,,,,,,,,,,,,,,,,,,,,,,,,,,,,,,,,,,,,,,,,,,,,,,,,,,,,,,
62,REACTION_STIFFNESS__S1_LOW_A1e7_Ta1000__M4_864x288__C4,REACTION_STIFFNESS,STIFFNESS,S1_LOW_A1e7_Ta1000,M4_864x288,864,288,0.1,low,10000000,5,1000,4,C4,missing,results/STIFFNESS/S1_LOW_A1e7_Ta1000/M4_864x288/C4,,,,,,,,,,,,,,,,,,,,,,,,,,,,,,,,,,,,,,,,,,,,,,,,,,,,,,,,,,,,,,,,,,
63,REACTION_STIFFNESS__S1_LOW_A1e7_Ta1000__M4_864x288__C16,REACTION_STIFFNESS,STIFFNESS,S1_LOW_A1e7_Ta1000,M4_864x288,864,288,0.1,low,10000000,5,1000,16,C16,missing,results/STIFFNESS/S1_LOW_A1e7_Ta1000/M4_864x288/C16,,,,,,,,,,,,,,,,,,,,,,,,,,,,,,,,,,,,,,,,,,,,,,,,,,,,,,,,,,,,,,,,,,
64,REACTION_STIFFNESS__S2_INTERMEDIATE_A1e8_Ta500__M1_108x36__C1,REACTION_STIFFNESS,STIFFNESS,S2_INTERMEDIATE_A1e8_Ta500,M1_108x36,108,36,0.1,intermediate,100000000,5,500,1,C1,missing,results/STIFFNESS/S2_INTERMEDIATE_A1e8_Ta500/M1_108x36/C1,,,,,,,,,,,,,,,,,,,,,,,,,,,,,,,,,,,,,,,,,,,,,,,,,,,,,,,,,,,,,,,,,,
65,REACTION_STIFFNESS__S2_INTERMEDIATE_A1e8_Ta500__M1_108x36__C2,REACTION_STIFFNESS,STIFFNESS,S2_INTERMEDIATE_A1e8_Ta500,M1_108x36,108,36,0.1,intermediate,100000000,5,500,2,C2,missing,results/STIFFNESS/S2_INTERMEDIATE_A1e8_Ta500/M1_108x36/C2,,,,,,,,,,,,,,,,,,,,,,,,,,,,,,,,,,,,,,,,,,,,,,,,,,,,,,,,,,,,,,,,,,
66,REACTION_STIFFNESS__S2_INTERMEDIATE_A1e8_Ta500__M1_108x36__C4,REACTION_STIFFNESS,STIFFNESS,S2_INTERMEDIATE_A1e8_Ta500,M1_108x36,108,36,0.1,intermediate,100000000,5,500,4,C4,missing,results/STIFFNESS/S2_INTERMEDIATE_A1e8_Ta500/M1_108x36/C4,,,,,,,,,,,,,,,,,,,,,,,,,,,,,,,,,,,,,,,,,,,,,,,,,,,,,,,,,,,,,,,,,,
67,REACTION_STIFFNESS__S2_INTERMEDIATE_A1e8_Ta500__M1_108x36__C16,REACTION_STIFFNESS,STIFFNESS,S2_INTERMEDIATE_A1e8_Ta500,M1_108x36,108,36,0.1,intermediate,100000000,5,500,16,C16,missing,results/STIFFNESS/S2_INTERMEDIATE_A1e8_Ta500/M1_108x36/C16,,,,,,,,,,,,,,,,,,,,,,,,,,,,,,,,,,,,,,,,,,,,,,,,,,,,,,,,,,,,,,,,,,
68,REACTION_STIFFNESS__S2_INTERMEDIATE_A1e8_Ta500__M2_216x72__C1,REACTION_STIFFNESS,STIFFNESS,S2_INTERMEDIATE_A1e8_Ta500,M2_216x72,216,72,0.1,intermediate,100000000,5,500,1,C1,missing,results/STIFFNESS/S2_INTERMEDIATE_A1e8_Ta500/M2_216x72/C1,,,,,,,,,,,,,,,,,,,,,,,,,,,,,,,,,,,,,,,,,,,,,,,,,,,,,,,,,,,,,,,,,,
69,REACTION_STIFFNESS__S2_INTERMEDIATE_A1e8_Ta500__M2_216x72__C2,REACTION_STIFFNESS,STIFFNESS,S2_INTERMEDIATE_A1e8_Ta500,M2_216x72,216,72,0.1,intermediate,100000000,5,500,2,C2,missing,results/STIFFNESS/S2_INTERMEDIATE_A1e8_Ta500/M2_216x72/C2,,,,,,,,,,,,,,,,,,,,,,,,,,,,,,,,,,,,,,,,,,,,,,,,,,,,,,,,,,,,,,,,,,
70,REACTION_STIFFNESS__S2_INTERMEDIATE_A1e8_Ta500__M2_216x72__C4,REACTION_STIFFNESS,STIFFNESS,S2_INTERMEDIATE_A1e8_Ta500,M2_216x72,216,72,0.1,intermediate,100000000,5,500,4,C4,missing,results/STIFFNESS/S2_INTERMEDIATE_A1e8_Ta500/M2_216x72/C4,,,,,,,,,,,,,,,,,,,,,,,,,,,,,,,,,,,,,,,,,,,,,,,,,,,,,,,,,,,,,,,,,,
71,REACTION_STIFFNESS__S2_INTERMEDIATE_A1e8_Ta500__M2_216x72__C16,REACTION_STIFFNESS,STIFFNESS,S2_INTERMEDIATE_A1e8_Ta500,M2_216x72,216,72,0.1,intermediate,100000000,5,500,16,C16,missing,results/STIFFNESS/S2_INTERMEDIATE_A1e8_Ta500/M2_216x72/C16,,,,,,,,,,,,,,,,,,,,,,,,,,,,,,,,,,,,,,,,,,,,,,,,,,,,,,,,,,,,,,,,,,
72,REACTION_STIFFNESS__S2_INTERMEDIATE_A1e8_Ta500__M3_432x144__C1,REACTION_STIFFNESS,STIFFNESS,S2_INTERMEDIATE_A1e8_Ta500,M3_432x144,432,144,0.1,intermediate,100000000,5,500,1,C1,missing,results/STIFFNESS/S2_INTERMEDIATE_A1e8_Ta500/M3_432x144/C1,,,,,,,,,,,,,,,,,,,,,,,,,,,,,,,,,,,,,,,,,,,,,,,,,,,,,,,,,,,,,,,,,,
73,REACTION_STIFFNESS__S2_INTERMEDIATE_A1e8_Ta500__M3_432x144__C2,REACTION_STIFFNESS,STIFFNESS,S2_INTERMEDIATE_A1e8_Ta500,M3_432x144,432,144,0.1,intermediate,100000000,5,500,2,C2,missing,results/STIFFNESS/S2_INTERMEDIATE_A1e8_Ta500/M3_432x144/C2,,,,,,,,,,,,,,,,,,,,,,,,,,,,,,,,,,,,,,,,,,,,,,,,,,,,,,,,,,,,,,,,,,
74,REACTION_STIFFNESS__S2_INTERMEDIATE_A1e8_Ta500__M3_432x144__C4,REACTION_STIFFNESS,STIFFNESS,S2_INTERMEDIATE_A1e8_Ta500,M3_432x144,432,144,0.1,intermediate,100000000,5,500,4,C4,missing,results/STIFFNESS/S2_INTERMEDIATE_A1e8_Ta500/M3_432x144/C4,,,,,,,,,,,,,,,,,,,,,,,,,,,,,,,,,,,,,,,,,,,,,,,,,,,,,,,,,,,,,,,,,,
75,REACTION_STIFFNESS__S2_INTERMEDIATE_A1e8_Ta500__M3_432x144__C16,REACTION_STIFFNESS,STIFFNESS,S2_INTERMEDIATE_A1e8_Ta500,M3_432x144,432,144,0.1,intermediate,100000000,5,500,16,C16,missing,results/STIFFNESS/S2_INTERMEDIATE_A1e8_Ta500/M3_432x144/C16,,,,,,,,,,,,,,,,,,,,,,,,,,,,,,,,,,,,,,,,,,,,,,,,,,,,,,,,,,,,,,,,,,
76,REACTION_STIFFNESS__S2_INTERMEDIATE_A1e8_Ta500__M4_864x288__C1,REACTION_STIFFNESS,STIFFNESS,S2_INTERMEDIATE_A1e8_Ta500,M4_864x288,864,288,0.1,intermediate,100000000,5,500,1,C1,missing,results/STIFFNESS/S2_INTERMEDIATE_A1e8_Ta500/M4_864x288/C1,,,,,,,,,,,,,,,,,,,,,,,,,,,,,,,,,,,,,,,,,,,,,,,,,,,,,,,,,,,,,,,,,,
77,REACTION_STIFFNESS__S2_INTERMEDIATE_A1e8_Ta500__M4_864x288__C2,REACTION_STIFFNESS,STIFFNESS,S2_INTERMEDIATE_A1e8_Ta500,M4_864x288,864,288,0.1,intermediate,100000000,5,500,2,C2,missing,results/STIFFNESS/S2_INTERMEDIATE_A1e8_Ta500/M4_864x288/C2,,,,,,,,,,,,,,,,,,,,,,,,,,,,,,,,,,,,,,,,,,,,,,,,,,,,,,,,,,,,,,,,,,
78,REACTION_STIFFNESS__S2_INTERMEDIATE_A1e8_Ta500__M4_864x288__C4,REACTION_STIFFNESS,STIFFNESS,S2_INTERMEDIATE_A1e8_Ta500,M4_864x288,864,288,0.1,intermediate,100000000,5,500,4,C4,missing,results/STIFFNESS/S2_INTERMEDIATE_A1e8_Ta500/M4_864x288/C4,,,,,,,,,,,,,,,,,,,,,,,,,,,,,,,,,,,,,,,,,,,,,,,,,,,,,,,,,,,,,,,,,,
79,REACTION_STIFFNESS__S2_INTERMEDIATE_A1e8_Ta500__M4_864x288__C16,REACTION_STIFFNESS,STIFFNESS,S2_INTERMEDIATE_A1e8_Ta500,M4_864x288,864,288,0.1,intermediate,100000000,5,500,16,C16,missing,results/STIFFNESS/S2_INTERMEDIATE_A1e8_Ta500/M4_864x288/C16,,,,,,,,,,,,,,,,,,,,,,,,,,,,,,,,,,,,,,,,,,,,,,,,,,,,,,,,,,,,,,,,,,
80,REACTION_STIFFNESS__S3_HIGH_A1e9_Ta100__M1_108x36__C1,REACTION_STIFFNESS,STIFFNESS,S3_HIGH_A1e9_Ta100,M1_108x36,108,36,0.1,high,1000000000,5,100,1,C1,missing,results/STIFFNESS/S3_HIGH_A1e9_Ta100/M1_108x36/C1,,,,,,,,,,,,,,,,,,,,,,,,,,,,,,,,,,,,,,,,,,,,,,,,,,,,,,,,,,,,,,,,,,
81,REACTION_STIFFNESS__S3_HIGH_A1e9_Ta100__M1_108x36__C2,REACTION_STIFFNESS,STIFFNESS,S3_HIGH_A1e9_Ta100,M1_108x36,108,36,0.1,high,1000000000,5,100,2,C2,missing,results/STIFFNESS/S3_HIGH_A1e9_Ta100/M1_108x36/C2,,,,,,,,,,,,,,,,,,,,,,,,,,,,,,,,,,,,,,,,,,,,,,,,,,,,,,,,,,,,,,,,,,
82,REACTION_STIFFNESS__S3_HIGH_A1e9_Ta100__M1_108x36__C4,REACTION_STIFFNESS,STIFFNESS,S3_HIGH_A1e9_Ta100,M1_108x36,108,36,0.1,high,1000000000,5,100,4,C4,missing,results/STIFFNESS/S3_HIGH_A1e9_Ta100/M1_108x36/C4,,,,,,,,,,,,,,,,,,,,,,,,,,,,,,,,,,,,,,,,,,,,,,,,,,,,,,,,,,,,,,,,,,
83,REACTION_STIFFNESS__S3_HIGH_A1e9_Ta100__M1_108x36__C16,REACTION_STIFFNESS,STIFFNESS,S3_HIGH_A1e9_Ta100,M1_108x36,108,36,0.1,high,1000000000,5,100,16,C16,missing,results/STIFFNESS/S3_HIGH_A1e9_Ta100/M1_108x36/C16,,,,,,,,,,,,,,,,,,,,,,,,,,,,,,,,,,,,,,,,,,,,,,,,,,,,,,,,,,,,,,,,,,
84,REACTION_STIFFNESS__S3_HIGH_A1e9_Ta100__M2_216x72__C1,REACTION_STIFFNESS,STIFFNESS,S3_HIGH_A1e9_Ta100,M2_216x72,216,72,0.1,high,1000000000,5,100,1,C1,missing,results/STIFFNESS/S3_HIGH_A1e9_Ta100/M2_216x72/C1,,,,,,,,,,,,,,,,,,,,,,,,,,,,,,,,,,,,,,,,,,,,,,,,,,,,,,,,,,,,,,,,,,
85,REACTION_STIFFNESS__S3_HIGH_A1e9_Ta100__M2_216x72__C2,REACTION_STIFFNESS,STIFFNESS,S3_HIGH_A1e9_Ta100,M2_216x72,216,72,0.1,high,1000000000,5,100,2,C2,missing,results/STIFFNESS/S3_HIGH_A1e9_Ta100/M2_216x72/C2,,,,,,,,,,,,,,,,,,,,,,,,,,,,,,,,,,,,,,,,,,,,,,,,,,,,,,,,,,,,,,,,,,
86,REACTION_STIFFNESS__S3_HIGH_A1e9_Ta100__M2_216x72__C4,REACTION_STIFFNESS,STIFFNESS,S3_HIGH_A1e9_Ta100,M2_216x72,216,72,0.1,high,1000000000,5,100,4,C4,missing,results/STIFFNESS/S3_HIGH_A1e9_Ta100/M2_216x72/C4,,,,,,,,,,,,,,,,,,,,,,,,,,,,,,,,,,,,,,,,,,,,,,,,,,,,,,,,,,,,,,,,,,
87,REACTION_STIFFNESS__S3_HIGH_A1e9_Ta100__M2_216x72__C16,REACTION_STIFFNESS,STIFFNESS,S3_HIGH_A1e9_Ta100,M2_216x72,216,72,0.1,high,1000000000,5,100,16,C16,missing,results/STIFFNESS/S3_HIGH_A1e9_Ta100/M2_216x72/C16,,,,,,,,,,,,,,,,,,,,,,,,,,,,,,,,,,,,,,,,,,,,,,,,,,,,,,,,,,,,,,,,,,
88,REACTION_STIFFNESS__S3_HIGH_A1e9_Ta100__M3_432x144__C1,REACTION_STIFFNESS,STIFFNESS,S3_HIGH_A1e9_Ta100,M3_432x144,432,144,0.1,high,1000000000,5,100,1,C1,missing,results/STIFFNESS/S3_HIGH_A1e9_Ta100/M3_432x144/C1,,,,,,,,,,,,,,,,,,,,,,,,,,,,,,,,,,,,,,,,,,,,,,,,,,,,,,,,,,,,,,,,,,
89,REACTION_STIFFNESS__S3_HIGH_A1e9_Ta100__M3_432x144__C2,REACTION_STIFFNESS,STIFFNESS,S3_HIGH_A1e9_Ta100,M3_432x144,432,144,0.1,high,1000000000,5,100,2,C2,missing,results/STIFFNESS/S3_HIGH_A1e9_Ta100/M3_432x144/C2,,,,,,,,,,,,,,,,,,,,,,,,,,,,,,,,,,,,,,,,,,,,,,,,,,,,,,,,,,,,,,,,,,
90,REACTION_STIFFNESS__S3_HIGH_A1e9_Ta100__M3_432x144__C4,REACTION_STIFFNESS,STIFFNESS,S3_HIGH_A1e9_Ta100,M3_432x144,432,144,0.1,high,1000000000,5,100,4,C4,missing,results/STIFFNESS/S3_HIGH_A1e9_Ta100/M3_432x144/C4,,,,,,,,,,,,,,,,,,,,,,,,,,,,,,,,,,,,,,,,,,,,,,,,,,,,,,,,,,,,,,,,,,
91,REACTION_STIFFNESS__S3_HIGH_A1e9_Ta100__M3_432x144__C16,REACTION_STIFFNESS,STIFFNESS,S3_HIGH_A1e9_Ta100,M3_432x144,432,144,0.1,high,1000000000,5,100,16,C16,missing,results/STIFFNESS/S3_HIGH_A1e9_Ta100/M3_432x144/C16,,,,,,,,,,,,,,,,,,,,,,,,,,,,,,,,,,,,,,,,,,,,,,,,,,,,,,,,,,,,,,,,,,
92,REACTION_STIFFNESS__S3_HIGH_A1e9_Ta100__M4_864x288__C1,REACTION_STIFFNESS,STIFFNESS,S3_HIGH_A1e9_Ta100,M4_864x288,864,288,0.1,high,1000000000,5,100,1,C1,missing,results/STIFFNESS/S3_HIGH_A1e9_Ta100/M4_864x288/C1,,,,,,,,,,,,,,,,,,,,,,,,,,,,,,,,,,,,,,,,,,,,,,,,,,,,,,,,,,,,,,,,,,
93,REACTION_STIFFNESS__S3_HIGH_A1e9_Ta100__M4_864x288__C2,REACTION_STIFFNESS,STIFFNESS,S3_HIGH_A1e9_Ta100,M4_864x288,864,288,0.1,high,1000000000,5,100,2,C2,missing,results/STIFFNESS/S3_HIGH_A1e9_Ta100/M4_864x288/C2,,,,,,,,,,,,,,,,,,,,,,,,,,,,,,,,,,,,,,,,,,,,,,,,,,,,,,,,,,,,,,,,,,
94,REACTION_STIFFNESS__S3_HIGH_A1e9_Ta100__M4_864x288__C4,REACTION_STIFFNESS,STIFFNESS,S3_HIGH_A1e9_Ta100,M4_864x288,864,288,0.1,high,1000000000,5,100,4,C4,missing,results/STIFFNESS/S3_HIGH_A1e9_Ta100/M4_864x288/C4,,,,,,,,,,,,,,,,,,,,,,,,,,,,,,,,,,,,,,,,,,,,,,,,,,,,,,,,,,,,,,,,,,
95,REACTION_STIFFNESS__S3_HIGH_A1e9_Ta100__M4_864x288__C16,REACTION_STIFFNESS,STIFFNESS,S3_HIGH_A1e9_Ta100,M4_864x288,864,288,0.1,high,1000000000,5,100,16,C16,complete,results/STIFFNESS/S3_HIGH_A1e9_Ta100/M4_864x288/C16,6123.213489920,0,REACTION_STIFFNESS__S3_HIGH_A1e9_Ta100__M4_864x288__C16,RMT_FINAL,16,864,288,248832,864,288,16,500,2,194042,0.10000000000000001,-0.10000000000000001,1000000000,5,100,3571428.571,1,2.0000000000000002e-05,1000,0.69999999999999996,1,6120.6820976612471,2501.4927021780582,40.869508696324793,2.3548003329999996,6123.0955712739997,194042,87365,0.45023757743169007,6,0.18910097327776454,2,56325835.28499867,7297160.750435546,3074.1796679040999,5.4578501185988624e-05,0.020525212692501134,6989200,36.019006194535201,0.025828594699483065,0.00067672459636898173,3.7510568501943005e-09,293.04121329673558,1082.801940827917,99999.980299224961,100000.01562214919,-0.027337472059444076,0.027337470065555137,-0.1016925816452417,0.10169295720561315,0.99991765013805922,0.2099792787493992,0.38529019121330027,0.99945493965502652,5,4,1719605295,21739207680,0,0.043386287190111568,0.87490910164422342,1739136614400
