array_index,case_id,study_family,group_dir,physical_case,mesh_name,Nx,Ny,velocity_m_per_s,stiffness_class,A,beta,Ta_K,threads,core_label,solver,cells,level0_Nx,level0_Ny,rbgs_omega,rbgs_max_sweeps,final_time_s,time_steps,vFuel_m_per_s,vOx_m_per_s,HfF_J_per_kg,rho_kg_per_m3,mu_Pa_s,cp_J_per_kgK,Pr,Sc,compute_time_s,pressure_time_s,pressure_fraction_pct,output_time_s,total_wall_s,pressure_solves,total_rbgs_sweeps,avg_rbgs_sweeps_per_pressure_solve,max_rbgs_sweeps_per_pressure_solve,mean_pressure_convergence_factor,final_pressure_sweeps,final_pressure_rhs_norm,final_pressure_initial_residual,final_pressure_abs_residual,final_pressure_rel_residual,final_pressure_convergence_factor,equivalent_fine_grid_smoothing_sweeps,equivalent_fine_grid_smoothing_sweeps_per_pressure_solve,mass_residual_max,mass_residual_l2,mass_residual_integral,Tmin_K,Tmax_K,pmin_Pa,pmax_Pa,umin_m_per_s,umax_m_per_s,vmin_m_per_s,vmax_m_per_s,YFmax,YOmax,YPmax,YN2max,run_complete,run_failed,node,job_id,launcher_wall_seconds
0,FLOW_INTENSITY__BC1_LOW_v005__M1_108x36__C1,FLOW_INTENSITY,FLOW,BC1_LOW_v005,M1_108x36,108,36,0.05,nominal_chemistry,10000000,5,1000,1,C1,SG_RBGS,3888,108,36,1,500000,2,20033,0.050000000000000003,-0.050000000000000003,3571428.571,1,2.0000000000000002e-05,1000,0.69999999999999996,1,79.818180578000124,1.4557830449999885,1.8238740027121569,0.067617486000000004,79.888438164999997,20033,34591,1.7267009434433185,8963,0.45353880570337157,30,176418.43676763613,13819.236938534566,16.556273011738085,9.384661441901703e-05,0.79912726896677699,34591,1.7267009434433185,0.0014927653961009923,0.00010076761243076329,4.3630801315912941e-11,294.95448936119521,915.08406378635448,99999.997895635184,100000.00226709446,-0.015431912723808467,0.015431912723808467,-0.045264027307018534,0.045264027307018534,0.99597270312777808,0.2089376857039065,0.31683549990755516,0.83491285618706879,1,0,orfoz172,6300277,79.980429312
1,FLOW_INTENSITY__BC1_LOW_v005__M1_108x36__C2,FLOW_INTENSITY,FLOW,BC1_LOW_v005,M1_108x36,108,36,0.05,nominal_chemistry,10000000,5,1000,2,C2,SG_RBGS,3888,108,36,1,500000,2,20033,0.050000000000000003,-0.050000000000000003,3571428.571,1,2.0000000000000002e-05,1000,0.69999999999999996,1,44.459307183000014,1.1026455749999964,2.4801231617518704,0.066680725999999996,44.528860928999997,20033,34591,1.7267009434433185,8963,0.45353880570337157,30,176418.43676763613,13819.236938534566,16.556273011738085,9.384661441901703e-05,0.79912726896677699,34591,1.7267009434433185,0.0014927653961009923,0.00010076761243076312,4.3630801315913006e-11,294.95448936119521,915.08406378635448,99999.997895635184,100000.00226709446,-0.015431912723808467,0.015431912723808467,-0.045264027307018534,0.045264027307018534,0.99597270312777808,0.2089376857039065,0.31683549990755516,0.83491285618706879,1,0,orfoz194,6300278,44.623747328
2,FLOW_INTENSITY__BC1_LOW_v005__M1_108x36__C4,FLOW_INTENSITY,FLOW,BC1_LOW_v005,M1_108x36,108,36,0.05,nominal_chemistry,10000000,5,1000,4,C4,SG_RBGS,3888,108,36,1,500000,2,20033,0.050000000000000003,-0.050000000000000003,3571428.571,1,2.0000000000000002e-05,1000,0.69999999999999996,1,26.828090040999946,0.91430312500000066,3.4080067705256685,0.067303503000000015,26.898512280999999,20033,34591,1.7267009434433185,8963,0.45353880570337157,30,176418.43676763613,13819.236938534566,16.556273011738085,9.384661441901703e-05,0.79912726896677699,34591,1.7267009434433185,0.0014927653961009923,0.00010076761243076317,4.3630801315913e-11,294.95448936119521,915.08406378635448,99999.997895635184,100000.00226709446,-0.015431912723808467,0.015431912723808467,-0.045264027307018534,0.045264027307018534,0.99597270312777808,0.2089376857039065,0.31683549990755516,0.83491285618706879,1,0,orfoz237,6300279,26.997224960
3,FLOW_INTENSITY__BC1_LOW_v005__M1_108x36__C16,FLOW_INTENSITY,FLOW,BC1_LOW_v005,M1_108x36,108,36,0.05,nominal_chemistry,10000000,5,1000,16,C16,SG_RBGS,3888,108,36,1,500000,2,20033,0.050000000000000003,-0.050000000000000003,3571428.571,1,2.0000000000000002e-05,1000,0.69999999999999996,1,19.042844114000097,1.2403337189999937,6.5133848262094078,0.067167889000000008,19.113045114999998,20033,34591,1.7267009434433185,8963,0.45353880570337157,30,176418.43676763613,13819.236938534566,16.556273011738085,9.384661441901703e-05,0.79912726896677699,34591,1.7267009434433185,0.0014927653961009923,0.00010076761243076319,4.3630801315912987e-11,294.95448936119521,915.08406378635448,99999.997895635184,100000.00226709446,-0.015431912723808467,0.015431912723808467,-0.045264027307018534,0.045264027307018534,0.99597270312777808,0.2089376857039065,0.31683549990755516,0.83491285618706879,1,0,orfoz172,6300280,19.202507776
4,FLOW_INTENSITY__BC1_LOW_v005__M2_216x72__C1,FLOW_INTENSITY,FLOW,BC1_LOW_v005,M2_216x72,216,72,0.05,nominal_chemistry,10000000,5,1000,1,C1,SG_RBGS,15552,216,72,1,500000,2,20033,0.050000000000000003,-0.050000000000000003,3571428.571,1,2.0000000000000002e-05,1000,0.69999999999999996,1,370.17842234999961,15.728205822999973,4.2488175629343212,0.16346978300000001,370.34627066100001,20033,121305,6.0552588229421458,32280,0.9641874546820578,21,573526.5416363409,30641.854624622152,53.701233275001869,9.3633388128447773e-05,0.7391730988003502,121305,6.0552588229421458,0.004962658856598523,0.00081869443391173165,-3.0498603215683106e-08,293.82293893198062,929.86547276086594,99999.99756071232,100000.00231518222,-0.014137307368473578,0.014137307368473578,-0.050531937590085584,0.050531937590085584,0.9983945322679586,0.20957473527256115,0.32359580987359887,0.83394759680704877,1,0,orfoz172,6300281,370.430903296
5,FLOW_INTENSITY__BC1_LOW_v005__M2_216x72__C2,FLOW_INTENSITY,FLOW,BC1_LOW_v005,M2_216x72,216,72,0.05,nominal_chemistry,10000000,5,1000,2,C2,SG_RBGS,15552,216,72,1,500000,2,20033,0.050000000000000003,-0.050000000000000003,3571428.571,1,2.0000000000000002e-05,1000,0.69999999999999996,1,195.68818212699924,9.3763110689998204,4.7914549397340247,0.16390441399999994,195.85523829799999,20033,121305,6.0552588229421458,32280,0.9641874546820578,21,573526.5416363409,30641.854624622152,53.701233275001869,9.3633388128447773e-05,0.7391730988003502,121305,6.0552588229421458,0.004962658856598523,0.000818694433911731,-3.0498603215683291e-08,293.82293893198062,929.86547276086594,99999.99756071232,100000.00231518222,-0.014137307368473578,0.014137307368473578,-0.050531937590085584,0.050531937590085584,0.9983945322679586,0.20957473527256115,0.32359580987359887,0.83394759680704877,1,0,orfoz194,6300282,195.929661440
6,FLOW_INTENSITY__BC1_LOW_v005__M2_216x72__C4,FLOW_INTENSITY,FLOW,BC1_LOW_v005,M2_216x72,216,72,0.05,nominal_chemistry,10000000,5,1000,4,C4,SG_RBGS,15552,216,72,1,500000,2,20033,0.050000000000000003,-0.050000000000000003,3571428.571,1,2.0000000000000002e-05,1000,0.69999999999999996,1,106.60202719300045,6.2930602579999846,5.9033213754993117,0.16692656299999997,106.77186597799999,20033,121305,6.0552588229421458,32280,0.9641874546820578,21,573526.5416363409,30641.854624622152,53.701233275001869,9.3633388128447773e-05,0.7391730988003502,121305,6.0552588229421458,0.004962658856598523,0.00081869443391173068,-3.0498603215683232e-08,293.82293893198062,929.86547276086594,99999.99756071232,100000.00231518222,-0.014137307368473578,0.014137307368473578,-0.050531937590085584,0.050531937590085584,0.9983945322679586,0.20957473527256115,0.32359580987359887,0.83394759680704877,1,0,orfoz237,6300283,106.857977600
7,FLOW_INTENSITY__BC1_LOW_v005__M2_216x72__C16,FLOW_INTENSITY,FLOW,BC1_LOW_v005,M2_216x72,216,72,0.05,nominal_chemistry,10000000,5,1000,16,C16,SG_RBGS,15552,216,72,1,500000,2,20033,0.050000000000000003,-0.050000000000000003,3571428.571,1,2.0000000000000002e-05,1000,0.69999999999999996,1,45.699864573999953,4.7307459050000267,10.35177226256266,0.16636458500000001,45.871300167999998,20033,121305,6.0552588229421458,32280,0.9641874546820578,21,573526.5416363409,30641.854624622152,53.701233275001869,9.3633388128447773e-05,0.7391730988003502,121305,6.0552588229421458,0.004962658856598523,0.00081869443391173089,-3.0498603215683245e-08,293.82293893198062,929.86547276086594,99999.99756071232,100000.00231518222,-0.014137307368473578,0.014137307368473578,-0.050531937590085584,0.050531937590085584,0.9983945322679586,0.20957473527256115,0.32359580987359887,0.83394759680704877,1,0,orfoz237,6300284,45.951491328
8,FLOW_INTENSITY__BC1_LOW_v005__M3_432x144__C1,FLOW_INTENSITY,FLOW,BC1_LOW_v005,M3_432x144,432,144,0.05,nominal_chemistry,10000000,5,1000,1,C1,SG_RBGS,62208,432,144,1,500000,2,48534,0.050000000000000003,-0.050000000000000003,3571428.571,1,2.0000000000000002e-05,1000,0.69999999999999996,1,3670.044964383012,295.0660801599974,8.0398491850522138,0.59447136099999998,3670.6668463890001,48534,606427,12.494890180079944,114522,0.99206619227331649,331,7611954.2511779973,4545954.2550842473,760.66526422803861,9.9930351540187057e-05,0.97407151074710063,606427,12.494890180079944,0.0096109834374540348,0.002595091580836179,-1.1023221681118196e-08,293.38937201326991,930.71855514776519,99999.992620104837,100000.00650427965,-0.014313849007102792,0.014313849007102792,-0.050819612791475191,0.050819612791475191,0.99924931687540641,0.20980086120987501,0.32407127210559034,0.83351705851356739,1,0,orfoz194,6300285,3670.772404736
9,FLOW_INTENSITY__BC1_LOW_v005__M3_432x144__C2,FLOW_INTENSITY,FLOW,BC1_LOW_v005,M3_432x144,432,144,0.05,nominal_chemistry,10000000,5,1000,2,C2,SG_RBGS,62208,432,144,1,500000,2,48534,0.050000000000000003,-0.050000000000000003,3571428.571,1,2.0000000000000002e-05,1000,0.69999999999999996,1,1900.2347315199941,163.78279635800331,8.61908235026279,0.5991421079999999,1900.849598195,48534,606427,12.494890180079944,114522,0.99206619227331649,331,7611954.2511779973,4545954.2550842473,760.66526422803861,9.9930351540187057e-05,0.97407151074710063,606427,12.494890180079944,0.0096109834374540348,0.0025950915808361976,-1.1023221681118287e-08,293.38937201326991,930.71855514776519,99999.992620104837,100000.00650427965,-0.014313849007102792,0.014313849007102792,-0.050819612791475191,0.050819612791475191,0.99924931687540641,0.20980086120987501,0.32407127210559034,0.83351705851356739,1,0,orfoz237,6300286,1900.916550912
10,FLOW_INTENSITY__BC1_LOW_v005__M3_432x144__C4,FLOW_INTENSITY,FLOW,BC1_LOW_v005,M3_432x144,432,144,0.05,nominal_chemistry,10000000,5,1000,4,C4,SG_RBGS,62208,432,144,1,500000,2,48534,0.050000000000000003,-0.050000000000000003,3571428.571,1,2.0000000000000002e-05,1000,0.69999999999999996,1,1001.2883098440051,93.029103089001794,9.2909406985381864,0.59446492399999984,1001.892833366,48534,606427,12.494890180079944,114522,0.99206619227331649,331,7611954.2511779973,4545954.2550842473,760.66526422803861,9.9930351540187057e-05,0.97407151074710063,606427,12.494890180079944,0.0096109834374540348,0.0025950915808361998,-1.1023221681117298e-08,293.38937201326991,930.71855514776519,99999.992620104837,100000.00650427965,-0.014313849007102792,0.014313849007102792,-0.050819612791475191,0.050819612791475191,0.99924931687540641,0.20980086120987501,0.32407127210559034,0.83351705851356739,1,0,orfoz172,6300287,1001.983037184
11,FLOW_INTENSITY__BC1_LOW_v005__M3_432x144__C16,FLOW_INTENSITY,FLOW,BC1_LOW_v005,M3_432x144,432,144,0.05,nominal_chemistry,10000000,5,1000,16,C16,SG_RBGS,62208,432,144,1,500000,2,48534,0.050000000000000003,-0.050000000000000003,3571428.571,1,2.0000000000000002e-05,1000,0.69999999999999996,1,323.13432612400192,43.794279571999844,13.552964210677484,0.58767735099999996,323.73260140999997,48534,606427,12.494890180079944,114522,0.99206619227331649,331,7611954.2511779973,4545954.2550842473,760.66526422803861,9.9930351540187057e-05,0.97407151074710063,606427,12.494890180079944,0.0096109834374540348,0.002595091580836198,-1.1023221681116972e-08,293.38937201326991,930.71855514776519,99999.992620104837,100000.00650427965,-0.014313849007102792,0.014313849007102792,-0.050819612791475191,0.050819612791475191,0.99924931687540641,0.20980086120987501,0.32407127210559034,0.83351705851356739,1,0,orfoz172,6300288,323.817282048
12,FLOW_INTENSITY__BC1_LOW_v005__M4_864x288__C1,FLOW_INTENSITY,FLOW,BC1_LOW_v005,M4_864x288,864,288,0.05,nominal_chemistry,10000000,5,1000,1,C1,SG_RBGS,248832,864,288,1,500000,2,194042,0.050000000000000003,-0.050000000000000003,3571428.571,1,2.0000000000000002e-05,1000,0.69999999999999996,1,60913.287225114051,9213.4838261153363,15.125573164464997,2.334603354,60915.958132478001,194042,4988706,25.70941342595933,394939,0.99727214628079519,103,37327000.763134807,13149612.513134807,3730.9441345181085,9.9952957865366283e-05,0.92376646480164182,4988706,25.70941342595933,0.021094103165890887,0.0040582341162761692,-2.7520455202169143e-07,293.19818654714288,922.47064093929498,99999.989867634969,100000.00855803533,-0.014289711424136497,0.014289711424136497,-0.050445261268137705,0.050445261268137705,0.99960194552861192,0.2098950276590576,0.32071715220558772,0.83646026481138824,1,0,orfoz172,6300295,60916.063908352
13,FLOW_INTENSITY__BC1_LOW_v005__M4_864x288__C2,FLOW_INTENSITY,FLOW,BC1_LOW_v005,M4_864x288,864,288,0.05,nominal_chemistry,10000000,5,1000,2,C2,SG_RBGS,248832,864,288,1,500000,2,194042,0.050000000000000003,-0.050000000000000003,3571428.571,1,2.0000000000000002e-05,1000,0.69999999999999996,1,30844.587984934533,4710.1839860668069,15.270698342177269,2.3189289420000003,30847.091053434,194042,4988706,25.70941342595933,394939,0.99727214628079519,103,37327000.763134807,13149612.513134807,3730.9441345181085,9.9952957865366283e-05,0.92376646480164182,4988706,25.70941342595933,0.021094103165890887,0.0040582341162762386,-2.7520455202169688e-07,293.19818654714288,922.47064093929498,99999.989867634969,100000.00855803533,-0.014289711424136497,0.014289711424136497,-0.050445261268137705,0.050445261268137705,0.99960194552861192,0.2098950276590576,0.32071715220558772,0.83646026481138824,1,0,orfoz184,6300296,30847.225332224
14,FLOW_INTENSITY__BC1_LOW_v005__M4_864x288__C4,FLOW_INTENSITY,FLOW,BC1_LOW_v005,M4_864x288,864,288,0.05,nominal_chemistry,10000000,5,1000,4,C4,SG_RBGS,248832,864,288,1,500000,2,194042,0.050000000000000003,-0.050000000000000003,3571428.571,1,2.0000000000000002e-05,1000,0.69999999999999996,1,15879.347940838928,2535.9599577969943,15.970176906791904,2.3253778880000002,15881.77868874,194042,4988706,25.70941342595933,394939,0.99727214628079519,103,37327000.763134807,13149612.513134807,3730.9441345181085,9.9952957865366283e-05,0.92376646480164182,4988706,25.70941342595933,0.021094103165890887,0.0040582341162762586,-2.7520455202169587e-07,293.19818654714288,922.47064093929498,99999.989867634969,100000.00855803533,-0.014289711424136497,0.014289711424136497,-0.050445261268137705,0.050445261268137705,0.99960194552861192,0.2098950276590576,0.32071715220558772,0.83646026481138824,1,0,orfoz194,6300301,15881.885803008
15,FLOW_INTENSITY__BC1_LOW_v005__M4_864x288__C16,FLOW_INTENSITY,FLOW,BC1_LOW_v005,M4_864x288,864,288,0.05,nominal_chemistry,10000000,5,1000,16,C16,SG_RBGS,248832,864,288,1,500000,2,194042,0.050000000000000003,-0.050000000000000003,3571428.571,1,2.0000000000000002e-05,1000,0.69999999999999996,1,4643.9184356600026,906.41196244693128,19.518257587961067,2.3271574070000001,4646.3118952260002,194042,4988706,25.70941342595933,394939,0.99727214628079519,103,37327000.763134807,13149612.513134807,3730.9441345181085,9.9952957865366283e-05,0.92376646480164182,4988706,25.70941342595933,0.021094103165890887,0.0040582341162762733,-2.7520455202169603e-07,293.19818654714288,922.47064093929498,99999.989867634969,100000.00855803533,-0.014289711424136497,0.014289711424136497,-0.050445261268137705,0.050445261268137705,0.99960194552861192,0.2098950276590576,0.32071715220558772,0.83646026481138824,1,0,orfoz194,6300674,4646.460357120
16,FLOW_INTENSITY__BC2_NOMINAL_v010__M1_108x36__C1,FLOW_INTENSITY,FLOW,BC2_NOMINAL_v010,M1_108x36,108,36,0.1,nominal_chemistry,10000000,5,1000,1,C1,SG_RBGS,3888,108,36,1,500000,2,20033,0.10000000000000001,-0.10000000000000001,3571428.571,1,2.0000000000000002e-05,1000,0.69999999999999996,1,81.843283811999655,1.517424678000006,1.854061332003305,0.069243245000000009,81.914515565000002,20033,36506,1.822293216193281,8963,0.4752485464340806,32,377873.17804643488,28937.278022020822,37.081220033927821,9.8131389546180224e-05,0.81211121977834133,36506,1.822293216193281,0.003343343875982896,0.00023371967410514328,2.8949923865679439e-09,293.37417503946551,1073.7657429624915,99999.995281712545,100000.00505114102,-0.03170525427195213,0.03170525427195213,-0.091589487773468758,0.091589487773468758,0.99909748812500132,0.20977343247755365,0.38157484996401769,0.99590625537754751,1,0,orfoz194,6300914,82.016536576
17,FLOW_INTENSITY__BC2_NOMINAL_v010__M1_108x36__C2,FLOW_INTENSITY,FLOW,BC2_NOMINAL_v010,M1_108x36,108,36,0.1,nominal_chemistry,10000000,5,1000,2,C2,SG_RBGS,3888,108,36,1,500000,2,20033,0.10000000000000001,-0.10000000000000001,3571428.571,1,2.0000000000000002e-05,1000,0.69999999999999996,1,45.329850435000274,1.1519922899999941,2.5413547120608038,0.069399732000000006,45.400835569000002,20033,36506,1.822293216193281,8963,0.4752485464340806,32,377873.17804643488,28937.278022020822,37.081220033927821,9.8131389546180224e-05,0.81211121977834133,36506,1.822293216193281,0.003343343875982896,0.00023371967410514287,2.8949923865679419e-09,293.37417503946551,1073.7657429624915,99999.995281712545,100000.00505114102,-0.03170525427195213,0.03170525427195213,-0.091589487773468758,0.091589487773468758,0.99909748812500132,0.20977343247755365,0.38157484996401769,0.99590625537754751,1,0,orfoz194,6300925,45.465270528
18,FLOW_INTENSITY__BC2_NOMINAL_v010__M1_108x36__C4,FLOW_INTENSITY,FLOW,BC2_NOMINAL_v010,M1_108x36,108,36,0.1,nominal_chemistry,10000000,5,1000,4,C4,SG_RBGS,3888,108,36,1,500000,2,20033,0.10000000000000001,-0.10000000000000001,3571428.571,1,2.0000000000000002e-05,1000,0.69999999999999996,1,26.857893133000207,0.94147931500000237,3.5054101613175672,0.068536331000000006,26.927983124000001,20033,36506,1.822293216193281,8963,0.4752485464340806,32,377873.17804643488,28937.278022020822,37.081220033927821,9.8131389546180224e-05,0.81211121977834133,36506,1.822293216193281,0.003343343875982896,0.00023371967410514295,2.8949923865679415e-09,293.37417503946551,1073.7657429624915,99999.995281712545,100000.00505114102,-0.03170525427195213,0.03170525427195213,-0.091589487773468758,0.091589487773468758,0.99909748812500132,0.20977343247755365,0.38157484996401769,0.99590625537754751,1,0,orfoz194,6300927,27.020099584
19,FLOW_INTENSITY__BC2_NOMINAL_v010__M1_108x36__C16,FLOW_INTENSITY,FLOW,BC2_NOMINAL_v010,M1_108x36,108,36,0.1,nominal_chemistry,10000000,5,1000,16,C16,SG_RBGS,3888,108,36,1,500000,2,20033,0.10000000000000001,-0.10000000000000001,3571428.571,1,2.0000000000000002e-05,1000,0.69999999999999996,1,19.258850150999908,1.2939423369999972,6.7186894692818226,0.069923384000000005,19.332683847999999,20033,36506,1.822293216193281,8963,0.4752485464340806,32,377873.17804643488,28937.278022020822,37.081220033927821,9.8131389546180224e-05,0.81211121977834133,36506,1.822293216193281,0.003343343875982896,0.00023371967410514298,2.8949923865679394e-09,293.37417503946551,1073.7657429624915,99999.995281712545,100000.00505114102,-0.03170525427195213,0.03170525427195213,-0.091589487773468758,0.091589487773468758,0.99909748812500132,0.20977343247755365,0.38157484996401769,0.99590625537754751,1,0,orfoz194,6300930,19.413776128
20,FLOW_INTENSITY__BC2_NOMINAL_v010__M2_216x72__C1,FLOW_INTENSITY,FLOW,BC2_NOMINAL_v010,M2_216x72,216,72,0.1,nominal_chemistry,10000000,5,1000,1,C1,SG_RBGS,15552,216,72,1,500000,2,22254,0.10000000000000001,-0.10000000000000001,3571428.571,1,2.0000000000000002e-05,1000,0.69999999999999996,1,418.1111606630011,16.15865617199993,3.8646794661919723,0.168698871,418.28458878399999,22254,123275,5.5394535813786288,32281,0.95180154433327002,161,7055291.9471623674,5843368.8568303362,699.57227762211915,9.9155680992547233e-05,0.94545486960812808,123275,5.5394535813786288,0.0078217007591376841,0.00074080057704089001,1.2374438774300655e-08,293.1567107809895,1074.9179774224856,99999.977279466722,100000.02001239543,-0.029271408967424747,0.029271408967424747,-0.10307982744953952,0.10307982744953952,0.99965405176981803,0.20991259768688009,0.38120943406921476,0.99796728966836123,1,0,orfoz194,6300931,418.363109376
21,FLOW_INTENSITY__BC2_NOMINAL_v010__M2_216x72__C2,FLOW_INTENSITY,FLOW,BC2_NOMINAL_v010,M2_216x72,216,72,0.1,nominal_chemistry,10000000,5,1000,2,C2,SG_RBGS,15552,216,72,1,500000,2,22254,0.10000000000000001,-0.10000000000000001,3571428.571,1,2.0000000000000002e-05,1000,0.69999999999999996,1,220.43953488000025,9.6825964709999699,4.392404691050924,0.16966785300000001,220.61269160500001,22254,123275,5.5394535813786288,32281,0.95180154433327002,161,7055291.9471623674,5843368.8568303362,699.57227762211915,9.9155680992547233e-05,0.94545486960812808,123275,5.5394535813786288,0.0078217007591376841,0.00074080057704089001,1.2374438774300636e-08,293.1567107809895,1074.9179774224856,99999.977279466722,100000.02001239543,-0.029271408967424747,0.029271408967424747,-0.10307982744953952,0.10307982744953952,0.99965405176981803,0.20991259768688009,0.38120943406921476,0.99796728966836123,1,0,orfoz194,6300957,220.688146688
22,FLOW_INTENSITY__BC2_NOMINAL_v010__M2_216x72__C4,FLOW_INTENSITY,FLOW,BC2_NOMINAL_v010,M2_216x72,216,72,0.1,nominal_chemistry,10000000,5,1000,4,C4,SG_RBGS,15552,216,72,1,500000,2,22254,0.10000000000000001,-0.10000000000000001,3571428.571,1,2.0000000000000002e-05,1000,0.69999999999999996,1,120.39081772900047,6.3572215619999266,5.2804870686317802,0.16892490600000001,120.56311608999999,22254,123275,5.5394535813786288,32281,0.95180154433327002,161,7055291.9471623674,5843368.8568303362,699.57227762211915,9.9155680992547233e-05,0.94545486960812808,123275,5.5394535813786288,0.0078217007591376841,0.00074080057704089001,1.237443877430061e-08,293.1567107809895,1074.9179774224856,99999.977279466722,100000.02001239543,-0.029271408967424747,0.029271408967424747,-0.10307982744953952,0.10307982744953952,0.99965405176981803,0.20991259768688009,0.38120943406921476,0.99796728966836123,1,0,orfoz194,6300962,120.649335808
23,FLOW_INTENSITY__BC2_NOMINAL_v010__M2_216x72__C16,FLOW_INTENSITY,FLOW,BC2_NOMINAL_v010,M2_216x72,216,72,0.1,nominal_chemistry,10000000,5,1000,16,C16,SG_RBGS,15552,216,72,1,500000,2,22254,0.10000000000000001,-0.10000000000000001,3571428.571,1,2.0000000000000002e-05,1000,0.69999999999999996,1,50.426805575000095,4.7645037000000299,9.4483551866353199,0.16863695100000003,50.599546705999998,22254,123275,5.5394535813786288,32281,0.95180154433327002,161,7055291.9471623674,5843368.8568303362,699.57227762211915,9.9155680992547233e-05,0.94545486960812808,123275,5.5394535813786288,0.0078217007591376841,0.00074080057704088958,1.2374438774300631e-08,293.1567107809895,1074.9179774224856,99999.977279466722,100000.02001239543,-0.029271408967424747,0.029271408967424747,-0.10307982744953952,0.10307982744953952,0.99965405176981803,0.20991259768688009,0.38120943406921476,0.99796728966836123,1,0,orfoz194,6300968,50.678466048
24,FLOW_INTENSITY__BC2_NOMINAL_v010__M3_432x144__C1,FLOW_INTENSITY,FLOW,BC2_NOMINAL_v010,M3_432x144,432,144,0.1,nominal_chemistry,10000000,5,1000,1,C1,SG_RBGS,62208,432,144,1,500000,2,48573,0.10000000000000001,-0.10000000000000001,3571428.571,1,2.0000000000000002e-05,1000,0.69999999999999996,1,3621.6605556930053,209.59924975699687,5.7873797539507406,0.59868323800000001,3622.2870507140001,48573,415092,8.5457352850348958,114529,0.97412313828047026,107,9351168.347139826,3055833.3959963471,927.01839002594352,9.9133964400232823e-05,0.92708831896297228,415092,8.5457352850348958,0.021826143045546476,0.0036180171587911658,4.6785932986336778e-08,293.07747276055318,1085.0925404524764,99999.988842699109,100000.00885008447,-0.027429313525419947,0.027429313525419947,-0.10293100094623639,0.10293100094623639,0.99984883356931542,0.20996139624055521,0.38638700207696952,0.99892771996131058,1,0,orfoz194,6300973,3622.402127360
25,FLOW_INTENSITY__BC2_NOMINAL_v010__M3_432x144__C2,FLOW_INTENSITY,FLOW,BC2_NOMINAL_v010,M3_432x144,432,144,0.1,nominal_chemistry,10000000,5,1000,2,C2,SG_RBGS,62208,432,144,1,500000,2,48573,0.10000000000000001,-0.10000000000000001,3571428.571,1,2.0000000000000002e-05,1000,0.69999999999999996,1,1862.6915798310015,113.29618640900104,6.082391075138708,0.59847722000000003,1863.3051851590001,48573,415092,8.5457352850348958,114529,0.97412313828047026,107,9351168.347139826,3055833.3959963471,927.01839002594352,9.9133964400232823e-05,0.92708831896297228,415092,8.5457352850348958,0.021826143045546476,0.0036180171587911428,4.6785932986336897e-08,293.07747276055318,1085.0925404524764,99999.988842699109,100000.00885008447,-0.027429313525419947,0.027429313525419947,-0.10293100094623639,0.10293100094623639,0.99984883356931542,0.20996139624055521,0.38638700207696952,0.99892771996131058,1,0,orfoz194,6301069,1863.390071552
26,FLOW_INTENSITY__BC2_NOMINAL_v010__M3_432x144__C4,FLOW_INTENSITY,FLOW,BC2_NOMINAL_v010,M3_432x144,432,144,0.1,nominal_chemistry,10000000,5,1000,4,C4,SG_RBGS,62208,432,144,1,500000,2,48573,0.10000000000000001,-0.10000000000000001,3571428.571,1,2.0000000000000002e-05,1000,0.69999999999999996,1,983.22802894599317,66.217842754999722,6.7347391251635011,0.58806572000000001,983.82578115399997,48573,415092,8.5457352850348958,114529,0.97412313828047026,107,9351168.347139826,3055833.3959963471,927.01839002594352,9.9133964400232823e-05,0.92708831896297228,415092,8.5457352850348958,0.021826143045546476,0.0036180171587911519,4.6785932986336936e-08,293.07747276055318,1085.0925404524764,99999.988842699109,100000.00885008447,-0.027429313525419947,0.027429313525419947,-0.10293100094623639,0.10293100094623639,0.99984883356931542,0.20996139624055521,0.38638700207696952,0.99892771996131058,1,0,orfoz194,6301182,983.931097344
27,FLOW_INTENSITY__BC2_NOMINAL_v010__M3_432x144__C16,FLOW_INTENSITY,FLOW,BC2_NOMINAL_v010,M3_432x144,432,144,0.1,nominal_chemistry,10000000,5,1000,16,C16,SG_RBGS,62208,432,144,1,500000,2,48573,0.10000000000000001,-0.10000000000000001,3571428.571,1,2.0000000000000002e-05,1000,0.69999999999999996,1,314.1376185780029,30.893959922999507,9.8345305038111146,0.59405487099999998,314.74418641900002,48573,415092,8.5457352850348958,114529,0.97412313828047026,107,9351168.347139826,3055833.3959963471,927.01839002594352,9.9133964400232823e-05,0.92708831896297228,415092,8.5457352850348958,0.021826143045546476,0.0036180171587911524,4.678593298633695e-08,293.07747276055318,1085.0925404524764,99999.988842699109,100000.00885008447,-0.027429313525419947,0.027429313525419947,-0.10293100094623639,0.10293100094623639,0.99984883356931542,0.20996139624055521,0.38638700207696952,0.99892771996131058,1,0,orfoz194,6301318,314.822590976
28,FLOW_INTENSITY__BC2_NOMINAL_v010__M4_864x288__C1,FLOW_INTENSITY,FLOW,BC2_NOMINAL_v010,M4_864x288,864,288,0.1,nominal_chemistry,10000000,5,1000,1,C1,SG_RBGS,248832,864,288,1,500000,2,194042,0.10000000000000001,-0.10000000000000001,3571428.571,1,2.0000000000000002e-05,1000,0.69999999999999996,1,58734.645554996096,6272.2378563075472,10.678940507837995,2.3327242110000004,58737.302593847002,194042,3349714,17.262829696663609,395007,0.92464268353347456,39,56249482.30761756,7219176.19824256,5583.4538175723792,9.9262314754072726e-05,0.83217713056468767,3349714,17.262829696663609,0.046996603917154545,0.0079450188829399034,3.6542927984635162e-08,293.04118216280744,1082.7773296981759,99999.980375414976,100000.01550551764,-0.027334814388020538,0.027334814388020538,-0.10169373056317027,0.10169373056317027,0.99991890579474929,0.20997921265775743,0.38528359827568637,0.99945565727881824,1,0,orfoz194,6301326,58737.400989440
29,FLOW_INTENSITY__BC2_NOMINAL_v010__M4_864x288__C2,FLOW_INTENSITY,FLOW,BC2_NOMINAL_v010,M4_864x288,864,288,0.1,nominal_chemistry,10000000,5,1000,2,C2,SG_RBGS,248832,864,288,1,500000,2,194042,0.10000000000000001,-0.10000000000000001,3571428.571,1,2.0000000000000002e-05,1000,0.69999999999999996,1,29743.255968731919,3213.3728896099542,10.803702503142443,2.3220546670000002,29745.750725472,194042,3349714,17.262829696663609,395007,0.92464268353347456,39,56249482.30761756,7219176.19824256,5583.4538175723792,9.9262314754072726e-05,0.83217713056468767,3349714,17.262829696663609,0.046996603917154545,0.0079450188829399988,3.6542927984634904e-08,293.04118216280744,1082.7773296981759,99999.980375414976,100000.01550551764,-0.027334814388020538,0.027334814388020538,-0.10169373056317027,0.10169373056317027,0.99991890579474929,0.20997921265775743,0.38528359827568637,0.99945565727881824,1,0,orfoz178,6301445,29745.887794176
30,FLOW_INTENSITY__BC2_NOMINAL_v010__M4_864x288__C4,FLOW_INTENSITY,FLOW,BC2_NOMINAL_v010,M4_864x288,864,288,0.1,nominal_chemistry,10000000,5,1000,4,C4,SG_RBGS,248832,864,288,1,500000,2,194042,0.10000000000000001,-0.10000000000000001,3571428.571,1,2.0000000000000002e-05,1000,0.69999999999999996,1,15270.383560076154,1723.4645942820857,11.286321574711582,2.3470371129999998,15272.828078637,194042,3349714,17.262829696663609,395007,0.92464268353347456,39,56249482.30761756,7219176.19824256,5583.4538175723792,9.9262314754072726e-05,0.83217713056468767,3349714,17.262829696663609,0.046996603917154545,0.00794501888294003,3.6542927984634249e-08,293.04118216280744,1082.7773296981759,99999.980375414976,100000.01550551764,-0.027334814388020538,0.027334814388020538,-0.10169373056317027,0.10169373056317027,0.99991890579474929,0.20997921265775743,0.38528359827568637,0.99945565727881824,1,0,orfoz172,6304161,15272.908487680
31,FLOW_INTENSITY__BC2_NOMINAL_v010__M4_864x288__C16,FLOW_INTENSITY,FLOW,BC2_NOMINAL_v010,M4_864x288,864,288,0.1,nominal_chemistry,10000000,5,1000,16,C16,SG_RBGS,248832,864,288,1,500000,2,194042,0.10000000000000001,-0.10000000000000001,3571428.571,1,2.0000000000000002e-05,1000,0.69999999999999996,1,4405.3824275760098,601.35253224993676,13.650404752279844,2.3364803360000002,4407.7819663139999,194042,3349714,17.262829696663609,395007,0.92464268353347456,39,56249482.30761756,7219176.19824256,5583.4538175723792,9.9262314754072726e-05,0.83217713056468767,3349714,17.262829696663609,0.046996603917154545,0.007945018882940056,3.6542927984633964e-08,293.04118216280744,1082.7773296981759,99999.980375414976,100000.01550551764,-0.027334814388020538,0.027334814388020538,-0.10169373056317027,0.10169373056317027,0.99991890579474929,0.20997921265775743,0.38528359827568637,0.99945565727881824,1,0,orfoz178,6304171,4407.892211968
32,FLOW_INTENSITY__BC3_HIGH_v020__M1_108x36__C1,FLOW_INTENSITY,FLOW,BC3_HIGH_v020,M1_108x36,108,36,0.2,nominal_chemistry,10000000,5,1000,1,C1,SG_RBGS,3888,108,36,1,500000,2,24443,0.20000000000000001,-0.20000000000000001,3571428.571,1,2.0000000000000002e-05,1000,0.69999999999999996,1,102.02165848200012,1.8505572540000028,1.8138866604746484,0.078594460000000005,102.10248906,24443,44514,1.821134885243219,8963,0.63769035011099795,90,1529204.7610519032,638937.61261440325,152.45271258242428,9.9694113218399687e-05,0.91149011542848313,44514,1.821134885243219,0.0063489416666868692,0.0010059482705001902,1.1244472220656477e-07,293.03353978425514,1057.5810989524582,99999.979258884472,100000.0191507901,-0.077040254278430573,0.077040254278430573,-0.18528416118458585,0.18528416118458585,0.99985719354879743,0.20996738753719793,0.38038966600978807,0.99792302048854908,1,0,orfoz178,6304534,102.210978048
33,FLOW_INTENSITY__BC3_HIGH_v020__M1_108x36__C2,FLOW_INTENSITY,FLOW,BC3_HIGH_v020,M1_108x36,108,36,0.2,nominal_chemistry,10000000,5,1000,2,C2,SG_RBGS,3888,108,36,1,500000,2,24443,0.20000000000000001,-0.20000000000000001,3571428.571,1,2.0000000000000002e-05,1000,0.69999999999999996,1,55.953592781999546,1.4084869400000108,2.5172412886650695,0.078671879,56.034301495000001,24443,44514,1.821134885243219,8963,0.63769035011099795,90,1529204.7610519032,638937.61261440325,152.45271258242428,9.9694113218399687e-05,0.91149011542848313,44514,1.821134885243219,0.0063489416666868692,0.0010059482705001904,1.124447222065647e-07,293.03353978425514,1057.5810989524582,99999.979258884472,100000.0191507901,-0.077040254278430573,0.077040254278430573,-0.18528416118458585,0.18528416118458585,0.99985719354879743,0.20996738753719793,0.38038966600978807,0.99792302048854908,1,0,orfoz178,6304540,56.134925056
34,FLOW_INTENSITY__BC3_HIGH_v020__M1_108x36__C4,FLOW_INTENSITY,FLOW,BC3_HIGH_v020,M1_108x36,108,36,0.2,nominal_chemistry,10000000,5,1000,4,C4,SG_RBGS,3888,108,36,1,500000,2,24443,0.20000000000000001,-0.20000000000000001,3571428.571,1,2.0000000000000002e-05,1000,0.69999999999999996,1,33.213725518999937,1.1553201760000205,3.4784419933232686,0.078484058999999995,33.294616777999998,24443,44514,1.821134885243219,8963,0.63769035011099795,90,1529204.7610519032,638937.61261440325,152.45271258242428,9.9694113218399687e-05,0.91149011542848313,44514,1.821134885243219,0.0063489416666868692,0.001005948270500191,1.1244472220656481e-07,293.03353978425514,1057.5810989524582,99999.979258884472,100000.0191507901,-0.077040254278430573,0.077040254278430573,-0.18528416118458585,0.18528416118458585,0.99985719354879743,0.20996738753719793,0.38038966600978807,0.99792302048854908,1,0,orfoz178,6304544,33.518237184
35,FLOW_INTENSITY__BC3_HIGH_v020__M1_108x36__C16,FLOW_INTENSITY,FLOW,BC3_HIGH_v020,M1_108x36,108,36,0.2,nominal_chemistry,10000000,5,1000,16,C16,SG_RBGS,3888,108,36,1,500000,2,24443,0.20000000000000001,-0.20000000000000001,3571428.571,1,2.0000000000000002e-05,1000,0.69999999999999996,1,23.27099193600003,1.5565628809999865,6.6888548854335541,0.078564501000000009,23.353953678,24443,44514,1.821134885243219,8963,0.63769035011099795,90,1529204.7610519032,638937.61261440325,152.45271258242428,9.9694113218399687e-05,0.91149011542848313,44514,1.821134885243219,0.0063489416666868692,0.0010059482705001908,1.124447222065648e-07,293.03353978425514,1057.5810989524582,99999.979258884472,100000.0191507901,-0.077040254278430573,0.077040254278430573,-0.18528416118458585,0.18528416118458585,0.99985719354879743,0.20996738753719793,0.38038966600978807,0.99792302048854908,1,0,orfoz178,6304549,23.577047040
36,FLOW_INTENSITY__BC3_HIGH_v020__M2_216x72__C1,FLOW_INTENSITY,FLOW,BC3_HIGH_v020,M2_216x72,216,72,0.2,nominal_chemistry,10000000,5,1000,1,C1,SG_RBGS,15552,216,72,1,500000,2,46331,0.20000000000000001,-0.20000000000000001,3571428.571,1,2.0000000000000002e-05,1000,0.69999999999999996,1,721.30028314899982,17.259270006000012,2.3927995606283083,0.2095051319999999,721.517032384,46331,115072,2.4836934234098118,32282,0.7558561905692136,111,6762373.5715197269,2676340.8542345706,674.88703657977749,9.9800318548226588e-05,0.92807439250465273,115072,2.4836934234098118,0.015274641497960317,0.0015173876894424838,1.2891778922661278e-07,293.01662751526237,1029.4864726898104,99999.976329796264,100000.02059606502,-0.088962200351044865,0.088962200351044865,-0.20858000919193073,0.20858000919193073,0.99994378782360038,0.20998701000336878,0.36832029730896582,0.99897879710480286,1,0,orfoz178,6304551,721.609769216
37,FLOW_INTENSITY__BC3_HIGH_v020__M2_216x72__C2,FLOW_INTENSITY,FLOW,BC3_HIGH_v020,M2_216x72,216,72,0.2,nominal_chemistry,10000000,5,1000,2,C2,SG_RBGS,15552,216,72,1,500000,2,46331,0.20000000000000001,-0.20000000000000001,3571428.571,1,2.0000000000000002e-05,1000,0.69999999999999996,1,383.88778139399955,10.54383780999974,2.7465937497964212,0.21665632699999995,384.110763545,46331,115072,2.4836934234098118,32282,0.7558561905692136,111,6762373.5715197269,2676340.8542345706,674.88703657977749,9.9800318548226588e-05,0.92807439250465273,115072,2.4836934234098118,0.015274641497960317,0.0015173876894424845,1.2891778922661273e-07,293.01662751526237,1029.4864726898104,99999.976329796264,100000.02059606502,-0.088962200351044865,0.088962200351044865,-0.20858000919193073,0.20858000919193073,0.99994378782360038,0.20998701000336878,0.36832029730896582,0.99897879710480286,1,0,orfoz178,6304587,384.187804672
38,FLOW_INTENSITY__BC3_HIGH_v020__M2_216x72__C4,FLOW_INTENSITY,FLOW,BC3_HIGH_v020,M2_216x72,216,72,0.2,nominal_chemistry,10000000,5,1000,4,C4,SG_RBGS,15552,216,72,1,500000,2,46331,0.20000000000000001,-0.20000000000000001,3571428.571,1,2.0000000000000002e-05,1000,0.69999999999999996,1,205.5672621130002,6.8515896590000116,3.3330159620619439,0.20844242500000001,205.781117765,46331,115072,2.4836934234098118,32282,0.7558561905692136,111,6762373.5715197269,2676340.8542345706,674.88703657977749,9.9800318548226588e-05,0.92807439250465273,115072,2.4836934234098118,0.015274641497960317,0.001517387689442486,1.289177892266128e-07,293.01662751526237,1029.4864726898104,99999.976329796264,100000.02059606502,-0.088962200351044865,0.088962200351044865,-0.20858000919193073,0.20858000919193073,0.99994378782360038,0.20998701000336878,0.36832029730896582,0.99897879710480286,1,0,orfoz178,6304608,205.859114752
39,FLOW_INTENSITY__BC3_HIGH_v020__M2_216x72__C16,FLOW_INTENSITY,FLOW,BC3_HIGH_v020,M2_216x72,216,72,0.2,nominal_chemistry,10000000,5,1000,16,C16,SG_RBGS,15552,216,72,1,500000,2,46331,0.20000000000000001,-0.20000000000000001,3571428.571,1,2.0000000000000002e-05,1000,0.69999999999999996,1,85.932571959000228,5.23824212600001,6.0957585774335454,0.20947998400000001,86.148395863000005,46331,115072,2.4836934234098118,32282,0.7558561905692136,111,6762373.5715197269,2676340.8542345706,674.88703657977749,9.9800318548226588e-05,0.92807439250465273,115072,2.4836934234098118,0.015274641497960317,0.0015173876894424862,1.2891778922661302e-07,293.01662751526237,1029.4864726898104,99999.976329796264,100000.02059606502,-0.088962200351044865,0.088962200351044865,-0.20858000919193073,0.20858000919193073,0.99994378782360038,0.20998701000336878,0.36832029730896582,0.99897879710480286,1,0,orfoz178,6304625,86.232011520
40,FLOW_INTENSITY__BC3_HIGH_v020__M3_432x144__C1,FLOW_INTENSITY,FLOW,BC3_HIGH_v020,M3_432x144,432,144,0.2,nominal_chemistry,10000000,5,1000,1,C1,SG_RBGS,62208,432,144,1,500000,2,88150,0.20000000000000001,-0.20000000000000001,3571428.571,1,2.0000000000000002e-05,1000,0.69999999999999996,1,6346.3770118210705,266.20681505699747,4.1946265493075456,0.66075326700000003,6347.0798735609997,88150,506503,5.7459217243335221,114542,0.95739508397385042,152,33582269.210895807,14311939.380817682,3339.229519515764,9.9434302623967617e-05,0.94646578697565475,506503,5.7459217243335221,0.036326246834357923,0.0025870574318835157,1.1683664877752774e-07,293.00759804821041,1031.0211948548888,99999.966135123337,100000.02474636836,-0.09171556255308487,0.09171556255308487,-0.20837020433441641,0.20837020433441641,0.99998302465324485,0.20999599490404483,0.37187371397772057,0.99943947055524984,1,0,orfoz178,6304632,6347.184942080
41,FLOW_INTENSITY__BC3_HIGH_v020__M3_432x144__C2,FLOW_INTENSITY,FLOW,BC3_HIGH_v020,M3_432x144,432,144,0.2,nominal_chemistry,10000000,5,1000,2,C2,SG_RBGS,62208,432,144,1,500000,2,88150,0.20000000000000001,-0.20000000000000001,3571428.571,1,2.0000000000000002e-05,1000,0.69999999999999996,1,3292.8482154480034,145.52648127100318,4.4194712828937304,0.65215938800000006,3293.5255715909998,88150,506503,5.7459217243335221,114542,0.95739508397385042,152,33582269.210895807,14311939.380817682,3339.229519515764,9.9434302623967617e-05,0.94646578697565475,506503,5.7459217243335221,0.036326246834357923,0.0025870574318835344,1.1683664877752746e-07,293.00759804821041,1031.0211948548888,99999.966135123337,100000.02474636836,-0.09171556255308487,0.09171556255308487,-0.20837020433441641,0.20837020433441641,0.99998302465324485,0.20999599490404483,0.37187371397772057,0.99943947055524984,1,0,orfoz178,6305133,3293.607263488
42,FLOW_INTENSITY__BC3_HIGH_v020__M3_432x144__C4,FLOW_INTENSITY,FLOW,BC3_HIGH_v020,M3_432x144,432,144,0.2,nominal_chemistry,10000000,5,1000,4,C4,SG_RBGS,62208,432,144,1,500000,2,88150,0.20000000000000001,-0.20000000000000001,3571428.571,1,2.0000000000000002e-05,1000,0.69999999999999996,1,1716.233320138987,82.64874359400261,4.815705570109162,0.66036265900000002,1716.911125894,88150,506503,5.7459217243335221,114542,0.95739508397385042,152,33582269.210895807,14311939.380817682,3339.229519515764,9.9434302623967617e-05,0.94646578697565475,506503,5.7459217243335221,0.036326246834357923,0.0025870574318835396,1.1683664877752743e-07,293.00759804821041,1031.0211948548888,99999.966135123337,100000.02474636836,-0.09171556255308487,0.09171556255308487,-0.20837020433441641,0.20837020433441641,0.99998302465324485,0.20999599490404483,0.37187371397772057,0.99943947055524984,1,0,orfoz172,6305170,1717.004222976
43,FLOW_INTENSITY__BC3_HIGH_v020__M3_432x144__C16,FLOW_INTENSITY,FLOW,BC3_HIGH_v020,M3_432x144,432,144,0.2,nominal_chemistry,10000000,5,1000,16,C16,SG_RBGS,62208,432,144,1,500000,2,88150,0.20000000000000001,-0.20000000000000001,3571428.571,1,2.0000000000000002e-05,1000,0.69999999999999996,1,546.0141579490039,39.256120505000183,7.1895792322415542,0.655706185,546.68919971399998,88150,506503,5.7459217243335221,114542,0.95739508397385042,152,33582269.210895807,14311939.380817682,3339.229519515764,9.9434302623967617e-05,0.94646578697565475,506503,5.7459217243335221,0.036326246834357923,0.0025870574318835379,1.1683664877752797e-07,293.00759804821041,1031.0211948548888,99999.966135123337,100000.02474636836,-0.09171556255308487,0.09171556255308487,-0.20837020433441641,0.20837020433441641,0.99998302465324485,0.20999599490404483,0.37187371397772057,0.99943947055524984,1,0,orfoz217,6305194,546.819294976
44,FLOW_INTENSITY__BC3_HIGH_v020__M4_864x288__C1,FLOW_INTENSITY,FLOW,BC3_HIGH_v020,M4_864x288,864,288,0.2,nominal_chemistry,10000000,5,1000,1,C1,SG_RBGS,248832,864,288,1,500000,2,194178,0.20000000000000001,-0.20000000000000001,3571428.571,1,2.0000000000000002e-05,1000,0.69999999999999996,1,57494.119221670255,4559.9628657918693,7.9311813582373514,2.3337811640000004,57496.787870066,194178,2397117,12.344946389395297,395143,0.98004571712812638,57,104819345.49496961,4139172.9637196064,10388.191704238765,9.910567228963765e-05,0.9002837477863691,2397117,12.344946389395297,0.10068551565390793,0.014433695030853779,5.1756604422103845e-08,293.004683012469,1036.7118313717206,99999.95806165447,100000.03117239432,-0.089890261764255103,0.089890261764255103,-0.20591763375542935,0.20591763375542935,0.99998828907918413,0.20999727590053063,0.37465331355555531,0.99968919022916569,1,0,orfoz226,6305197,57496.947753984
45,FLOW_INTENSITY__BC3_HIGH_v020__M4_864x288__C2,FLOW_INTENSITY,FLOW,BC3_HIGH_v020,M4_864x288,864,288,0.2,nominal_chemistry,10000000,5,1000,2,C2,SG_RBGS,248832,864,288,1,500000,2,194178,0.20000000000000001,-0.20000000000000001,3571428.571,1,2.0000000000000002e-05,1000,0.69999999999999996,1,29044.475744604933,2345.8214624178549,8.0766527963707375,2.9084134010000002,29047.556916330999,194178,2397117,12.344946389395297,395143,0.98004571712812638,57,104819345.49496961,4139172.9637196064,10388.191704238765,9.910567228963765e-05,0.9002837477863691,2397117,12.344946389395297,0.10068551565390793,0.014433695030854158,5.1756604422103766e-08,293.004683012469,1036.7118313717206,99999.95806165447,100000.03117239432,-0.089890261764255103,0.089890261764255103,-0.20591763375542935,0.20591763375542935,0.99998828907918413,0.20999727590053063,0.37465331355555531,0.99968919022916569,1,0,orfoz266,6305199,29047.718541568
46,FLOW_INTENSITY__BC3_HIGH_v020__M4_864x288__C4,FLOW_INTENSITY,FLOW,BC3_HIGH_v020,M4_864x288,864,288,0.2,nominal_chemistry,10000000,5,1000,4,C4,SG_RBGS,248832,864,288,1,500000,2,194178,0.20000000000000001,-0.20000000000000001,3571428.571,1,2.0000000000000002e-05,1000,0.69999999999999996,1,14890.468393514057,1257.2147465830221,8.4430839471150261,2.3412651949999996,14892.905265271,194178,2397117,12.344946389395297,395143,0.98004571712812638,57,104819345.49496961,4139172.9637196064,10388.191704238765,9.910567228963765e-05,0.9002837477863691,2397117,12.344946389395297,0.10068551565390793,0.0144336950308543,5.1756604422103898e-08,293.004683012469,1036.7118313717206,99999.95806165447,100000.03117239432,-0.089890261764255103,0.089890261764255103,-0.20591763375542935,0.20591763375542935,0.99998828907918413,0.20999727590053063,0.37465331355555531,0.99968919022916569,1,0,orfoz187,6305200,14893.002791680
47,FLOW_INTENSITY__BC3_HIGH_v020__M4_864x288__C16,FLOW_INTENSITY,FLOW,BC3_HIGH_v020,M4_864x288,864,288,0.2,nominal_chemistry,10000000,5,1000,16,C16,SG_RBGS,248832,864,288,1,500000,2,194178,0.20000000000000001,-0.20000000000000001,3571428.571,1,2.0000000000000002e-05,1000,0.69999999999999996,1,4294.7655997490128,441.31571032101675,10.275664645046223,2.3522857629999998,4297.188338424,194178,2397117,12.344946389395297,395143,0.98004571712812638,57,104819345.49496961,4139172.9637196064,10388.191704238765,9.910567228963765e-05,0.9002837477863691,2397117,12.344946389395297,0.10068551565390793,0.014433695030854392,5.1756604422103865e-08,293.004683012469,1036.7118313717206,99999.95806165447,100000.03117239432,-0.089890261764255103,0.089890261764255103,-0.20591763375542935,0.20591763375542935,0.99998828907918413,0.20999727590053063,0.37465331355555531,0.99968919022916569,1,0,orfoz172,6305201,4297.326856704
48,REACTION_STIFFNESS__S1_LOW_A1e7_Ta1000__M1_108x36__C1,REACTION_STIFFNESS,STIFFNESS,S1_LOW_A1e7_Ta1000,M1_108x36,108,36,0.1,low,10000000,5,1000,1,C1,SG_RBGS,3888,108,36,1,500000,2,20033,0.10000000000000001,-0.10000000000000001,3571428.571,1,2.0000000000000002e-05,1000,0.69999999999999996,1,81.912236345999403,1.5195436489999963,1.8550874897144849,0.069011753000000009,81.983866137999996,20033,36506,1.822293216193281,8963,0.4752485464340806,32,377873.17804643488,28937.278022020822,37.081220033927821,9.8131389546180224e-05,0.81211121977834133,36506,1.822293216193281,0.003343343875982896,0.00023371967410514328,2.8949923865679439e-09,293.37417503946551,1073.7657429624915,99999.995281712545,100000.00505114102,-0.03170525427195213,0.03170525427195213,-0.091589487773468758,0.091589487773468758,0.99909748812500132,0.20977343247755365,0.38157484996401769,0.99590625537754751,1,0,orfoz185,6305203,82.083500288
49,REACTION_STIFFNESS__S1_LOW_A1e7_Ta1000__M1_108x36__C2,REACTION_STIFFNESS,STIFFNESS,S1_LOW_A1e7_Ta1000,M1_108x36,108,36,0.1,low,10000000,5,1000,2,C2,SG_RBGS,3888,108,36,1,500000,2,20033,0.10000000000000001,-0.10000000000000001,3571428.571,1,2.0000000000000002e-05,1000,0.69999999999999996,1,45.321224901999834,1.1582132989999923,2.5555648628307157,0.069097413999999996,45.392525116000002,20033,36506,1.822293216193281,8963,0.4752485464340806,32,377873.17804643488,28937.278022020822,37.081220033927821,9.8131389546180224e-05,0.81211121977834133,36506,1.822293216193281,0.003343343875982896,0.00023371967410514287,2.8949923865679419e-09,293.37417503946551,1073.7657429624915,99999.995281712545,100000.00505114102,-0.03170525427195213,0.03170525427195213,-0.091589487773468758,0.091589487773468758,0.99909748812500132,0.20977343247755365,0.38157484996401769,0.99590625537754751,1,0,orfoz172,6305205,45.468580096
50,REACTION_STIFFNESS__S1_LOW_A1e7_Ta1000__M1_108x36__C4,REACTION_STIFFNESS,STIFFNESS,S1_LOW_A1e7_Ta1000,M1_108x36,108,36,0.1,low,10000000,5,1000,4,C4,SG_RBGS,3888,108,36,1,500000,2,20033,0.10000000000000001,-0.10000000000000001,3571428.571,1,2.0000000000000002e-05,1000,0.69999999999999996,1,26.960019868999932,0.94015666000000453,3.4872253973412191,0.068626913000000012,27.031339671000001,20033,36506,1.822293216193281,8963,0.4752485464340806,32,377873.17804643488,28937.278022020822,37.081220033927821,9.8131389546180224e-05,0.81211121977834133,36506,1.822293216193281,0.003343343875982896,0.00023371967410514298,2.8949923865679415e-09,293.37417503946551,1073.7657429624915,99999.995281712545,100000.00505114102,-0.03170525427195213,0.03170525427195213,-0.091589487773468758,0.091589487773468758,0.99909748812500132,0.20977343247755365,0.38157484996401769,0.99590625537754751,1,0,orfoz172,6305207,27.112990720
51,REACTION_STIFFNESS__S1_LOW_A1e7_Ta1000__M1_108x36__C16,REACTION_STIFFNESS,STIFFNESS,S1_LOW_A1e7_Ta1000,M1_108x36,108,36,0.1,low,10000000,5,1000,16,C16,SG_RBGS,3888,108,36,1,500000,2,20033,0.10000000000000001,-0.10000000000000001,3571428.571,1,2.0000000000000002e-05,1000,0.69999999999999996,1,18.996766659000119,1.2722583700000025,6.6972363920532931,0.06893687200000001,19.068928866,20033,36506,1.822293216193281,8963,0.4752485464340806,32,377873.17804643488,28937.278022020822,37.081220033927821,9.8131389546180224e-05,0.81211121977834133,36506,1.822293216193281,0.003343343875982896,0.00023371967410514301,2.8949923865679394e-09,293.37417503946551,1073.7657429624915,99999.995281712545,100000.00505114102,-0.03170525427195213,0.03170525427195213,-0.091589487773468758,0.091589487773468758,0.99909748812500132,0.20977343247755365,0.38157484996401769,0.99590625537754751,1,0,orfoz172,6305208,19.158247680
52,REACTION_STIFFNESS__S1_LOW_A1e7_Ta1000__M2_216x72__C1,REACTION_STIFFNESS,STIFFNESS,S1_LOW_A1e7_Ta1000,M2_216x72,216,72,0.1,low,10000000,5,1000,1,C1,SG_RBGS,15552,216,72,1,500000,2,22254,0.10000000000000001,-0.10000000000000001,3571428.571,1,2.0000000000000002e-05,1000,0.69999999999999996,1,419.18755096200067,16.144787648000094,3.8514473082392704,0.16870949500000001,419.36059996900002,22254,123275,5.5394535813786288,32281,0.95180154433327002,161,7055291.9471623674,5843368.8568303362,699.57227762211915,9.9155680992547233e-05,0.94545486960812808,123275,5.5394535813786288,0.0078217007591376841,0.00074080057704089001,1.2374438774300655e-08,293.1567107809895,1074.9179774224856,99999.977279466722,100000.02001239543,-0.029271408967424747,0.029271408967424747,-0.10307982744953952,0.10307982744953952,0.99965405176981803,0.20991259768688009,0.38120943406921476,0.99796728966836123,1,0,orfoz172,6305209,419.458637568
53,REACTION_STIFFNESS__S1_LOW_A1e7_Ta1000__M2_216x72__C2,REACTION_STIFFNESS,STIFFNESS,S1_LOW_A1e7_Ta1000,M2_216x72,216,72,0.1,low,10000000,5,1000,2,C2,SG_RBGS,15552,216,72,1,500000,2,22254,0.10000000000000001,-0.10000000000000001,3571428.571,1,2.0000000000000002e-05,1000,0.69999999999999996,1,220.83052738099965,9.665537621999956,4.3769028388561386,0.17120680800000002,221.00616457000001,22254,123275,5.5394535813786288,32281,0.95180154433327002,161,7055291.9471623674,5843368.8568303362,699.57227762211915,9.9155680992547233e-05,0.94545486960812808,123275,5.5394535813786288,0.0078217007591376841,0.00074080057704089001,1.2374438774300636e-08,293.1567107809895,1074.9179774224856,99999.977279466722,100000.02001239543,-0.029271408967424747,0.029271408967424747,-0.10307982744953952,0.10307982744953952,0.99965405176981803,0.20991259768688009,0.38120943406921476,0.99796728966836123,1,0,orfoz197,6305210,221.098434816
54,REACTION_STIFFNESS__S1_LOW_A1e7_Ta1000__M2_216x72__C4,REACTION_STIFFNESS,STIFFNESS,S1_LOW_A1e7_Ta1000,M2_216x72,216,72,0.1,low,10000000,5,1000,4,C4,SG_RBGS,15552,216,72,1,500000,2,22254,0.10000000000000001,-0.10000000000000001,3571428.571,1,2.0000000000000002e-05,1000,0.69999999999999996,1,120.12626835500063,6.349870250000067,5.28599642439133,0.17145834900000001,120.300791039,22254,123275,5.5394535813786288,32281,0.95180154433327002,161,7055291.9471623674,5843368.8568303362,699.57227762211915,9.9155680992547233e-05,0.94545486960812808,123275,5.5394535813786288,0.0078217007591376841,0.00074080057704089001,1.237443877430061e-08,293.1567107809895,1074.9179774224856,99999.977279466722,100000.02001239543,-0.029271408967424747,0.029271408967424747,-0.10307982744953952,0.10307982744953952,0.99965405176981803,0.20991259768688009,0.38120943406921476,0.99796728966836123,1,0,orfoz197,6305211,120.377602048
55,REACTION_STIFFNESS__S1_LOW_A1e7_Ta1000__M2_216x72__C16,REACTION_STIFFNESS,STIFFNESS,S1_LOW_A1e7_Ta1000,M2_216x72,216,72,0.1,low,10000000,5,1000,16,C16,SG_RBGS,15552,216,72,1,500000,2,22254,0.10000000000000001,-0.10000000000000001,3571428.571,1,2.0000000000000002e-05,1000,0.69999999999999996,1,51.168679699999934,4.7792451879999609,9.3401768738620916,0.17082671100000002,51.343556444000001,22254,123275,5.5394535813786288,32281,0.95180154433327002,161,7055291.9471623674,5843368.8568303362,699.57227762211915,9.9155680992547233e-05,0.94545486960812808,123275,5.5394535813786288,0.0078217007591376841,0.00074080057704088947,1.2374438774300633e-08,293.1567107809895,1074.9179774224856,99999.977279466722,100000.02001239543,-0.029271408967424747,0.029271408967424747,-0.10307982744953952,0.10307982744953952,0.99965405176981803,0.20991259768688009,0.38120943406921476,0.99796728966836123,1,0,orfoz197,6305212,51.432388352
56,REACTION_STIFFNESS__S1_LOW_A1e7_Ta1000__M3_432x144__C1,REACTION_STIFFNESS,STIFFNESS,S1_LOW_A1e7_Ta1000,M3_432x144,432,144,0.1,low,10000000,5,1000,1,C1,SG_RBGS,62208,432,144,1,500000,2,48573,0.10000000000000001,-0.10000000000000001,3571428.571,1,2.0000000000000002e-05,1000,0.69999999999999996,1,3613.8005412369935,208.04537852099762,5.7569690453857838,0.58974658099999999,3614.4175821039998,48573,415092,8.5457352850348958,114529,0.97412313828047026,107,9351168.347139826,3055833.3959963471,927.01839002594352,9.9133964400232823e-05,0.92708831896297228,415092,8.5457352850348958,0.021826143045546476,0.0036180171587911658,4.6785932986336778e-08,293.07747276055318,1085.0925404524764,99999.988842699109,100000.00885008447,-0.027429313525419947,0.027429313525419947,-0.10293100094623639,0.10293100094623639,0.99984883356931542,0.20996139624055521,0.38638700207696952,0.99892771996131058,1,0,orfoz197,6305213,3614.496839680
57,REACTION_STIFFNESS__S1_LOW_A1e7_Ta1000__M3_432x144__C2,REACTION_STIFFNESS,STIFFNESS,S1_LOW_A1e7_Ta1000,M3_432x144,432,144,0.1,low,10000000,5,1000,2,C2,SG_RBGS,62208,432,144,1,500000,2,48573,0.10000000000000001,-0.10000000000000001,3571428.571,1,2.0000000000000002e-05,1000,0.69999999999999996,1,1870.9552757850004,113.69191865200263,6.0766775199530452,0.604769734,1871.575247131,48573,415092,8.5457352850348958,114529,0.97412313828047026,107,9351168.347139826,3055833.3959963471,927.01839002594352,9.9133964400232823e-05,0.92708831896297228,415092,8.5457352850348958,0.021826143045546476,0.0036180171587911428,4.6785932986336897e-08,293.07747276055318,1085.0925404524764,99999.988842699109,100000.00885008447,-0.027429313525419947,0.027429313525419947,-0.10293100094623639,0.10293100094623639,0.99984883356931542,0.20996139624055521,0.38638700207696952,0.99892771996131058,1,0,orfoz185,6305214,1871.672784128
58,REACTION_STIFFNESS__S1_LOW_A1e7_Ta1000__M3_432x144__C4,REACTION_STIFFNESS,STIFFNESS,S1_LOW_A1e7_Ta1000,M3_432x144,432,144,0.1,low,10000000,5,1000,4,C4,SG_RBGS,62208,432,144,1,500000,2,48573,0.10000000000000001,-0.10000000000000001,3571428.571,1,2.0000000000000002e-05,1000,0.69999999999999996,1,978.68371797500231,65.263335275000202,6.6684807437112346,0.58770737400000006,979.28104379199999,48573,415092,8.5457352850348958,114529,0.97412313828047026,107,9351168.347139826,3055833.3959963471,927.01839002594352,9.9133964400232823e-05,0.92708831896297228,415092,8.5457352850348958,0.021826143045546476,0.0036180171587911519,4.6785932986336936e-08,293.07747276055318,1085.0925404524764,99999.988842699109,100000.00885008447,-0.027429313525419947,0.027429313525419947,-0.10293100094623639,0.10293100094623639,0.99984883356931542,0.20996139624055521,0.38638700207696952,0.99892771996131058,1,0,orfoz185,6305215,979.352441856
59,REACTION_STIFFNESS__S1_LOW_A1e7_Ta1000__M3_432x144__C16,REACTION_STIFFNESS,STIFFNESS,S1_LOW_A1e7_Ta1000,M3_432x144,432,144,0.1,low,10000000,5,1000,16,C16,SG_RBGS,62208,432,144,1,500000,2,48573,0.10000000000000001,-0.10000000000000001,3571428.571,1,2.0000000000000002e-05,1000,0.69999999999999996,1,315.80283873500031,31.915316856999993,10.106089288127363,0.59329295399999993,316.406601486,48573,415092,8.5457352850348958,114529,0.97412313828047026,107,9351168.347139826,3055833.3959963471,927.01839002594352,9.9133964400232823e-05,0.92708831896297228,415092,8.5457352850348958,0.021826143045546476,0.0036180171587911524,4.678593298633695e-08,293.07747276055318,1085.0925404524764,99999.988842699109,100000.00885008447,-0.027429313525419947,0.027429313525419947,-0.10293100094623639,0.10293100094623639,0.99984883356931542,0.20996139624055521,0.38638700207696952,0.99892771996131058,1,0,orfoz197,6305216,316.504309248
60,REACTION_STIFFNESS__S1_LOW_A1e7_Ta1000__M4_864x288__C1,REACTION_STIFFNESS,STIFFNESS,S1_LOW_A1e7_Ta1000,M4_864x288,864,288,0.1,low,10000000,5,1000,1,C1,SG_RBGS,248832,864,288,1,500000,2,194042,0.10000000000000001,-0.10000000000000001,3571428.571,1,2.0000000000000002e-05,1000,0.69999999999999996,1,58735.89077400582,6268.596315491629,10.672514254718449,2.3404009810000002,58738.561307518001,194042,3349714,17.262829696663609,395007,0.92464268353347456,39,56249482.30761756,7219176.19824256,5583.4538175723792,9.9262314754072726e-05,0.83217713056468767,3349714,17.262829696663609,0.046996603917154545,0.0079450188829399034,3.6542927984635162e-08,293.04118216280744,1082.7773296981759,99999.980375414976,100000.01550551764,-0.027334814388020538,0.027334814388020538,-0.10169373056317027,0.10169373056317027,0.99991890579474929,0.20997921265775743,0.38528359827568637,0.99945565727881824,1,0,orfoz197,6305217,58738.692536320
61,REACTION_STIFFNESS__S1_LOW_A1e7_Ta1000__M4_864x288__C2,REACTION_STIFFNESS,STIFFNESS,S1_LOW_A1e7_Ta1000,M4_864x288,864,288,0.1,low,10000000,5,1000,2,C2,SG_RBGS,248832,864,288,1,500000,2,194042,0.10000000000000001,-0.10000000000000001,3571428.571,1,2.0000000000000002e-05,1000,0.69999999999999996,1,29723.897105490116,3203.2517917070036,10.776688468334628,2.3463192959999999,29726.42554815,194042,3349714,17.262829696663609,395007,0.92464268353347456,39,56249482.30761756,7219176.19824256,5583.4538175723792,9.9262314754072726e-05,0.83217713056468767,3349714,17.262829696663609,0.046996603917154545,0.0079450188829399988,3.6542927984634904e-08,293.04118216280744,1082.7773296981759,99999.980375414976,100000.01550551764,-0.027334814388020538,0.027334814388020538,-0.10169373056317027,0.10169373056317027,0.99991890579474929,0.20997921265775743,0.38528359827568637,0.99945565727881824,1,0,orfoz185,6305218,29726.568724736
62,REACTION_STIFFNESS__S1_LOW_A1e7_Ta1000__M4_864x288__C4,REACTION_STIFFNESS,STIFFNESS,S1_LOW_A1e7_Ta1000,M4_864x288,864,288,0.1,low,10000000,5,1000,4,C4,SG_RBGS,248832,864,288,1,500000,2,194042,0.10000000000000001,-0.10000000000000001,3571428.571,1,2.0000000000000002e-05,1000,0.69999999999999996,1,15266.860791507857,1724.2395008941276,11.294001592345888,2.3435907410000003,15269.311920668,194042,3349714,17.262829696663609,395007,0.92464268353347456,39,56249482.30761756,7219176.19824256,5583.4538175723792,9.9262314754072726e-05,0.83217713056468767,3349714,17.262829696663609,0.046996603917154545,0.00794501888294003,3.6542927984634249e-08,293.04118216280744,1082.7773296981759,99999.980375414976,100000.01550551764,-0.027334814388020538,0.027334814388020538,-0.10169373056317027,0.10169373056317027,0.99991890579474929,0.20997921265775743,0.38528359827568637,0.99945565727881824,1,0,orfoz187,6305219,15269.546380032
63,REACTION_STIFFNESS__S1_LOW_A1e7_Ta1000__M4_864x288__C16,REACTION_STIFFNESS,STIFFNESS,S1_LOW_A1e7_Ta1000,M4_864x288,864,288,0.1,low,10000000,5,1000,16,C16,SG_RBGS,248832,864,288,1,500000,2,194042,0.10000000000000001,-0.10000000000000001,3571428.571,1,2.0000000000000002e-05,1000,0.69999999999999996,1,4405.7149838630712,605.44935448895194,13.74236319658778,2.344423645,4408.1336685360002,194042,3349714,17.262829696663609,395007,0.92464268353347456,39,56249482.30761756,7219176.19824256,5583.4538175723792,9.9262314754072726e-05,0.83217713056468767,3349714,17.262829696663609,0.046996603917154545,0.007945018882940056,3.6542927984633964e-08,293.04118216280744,1082.7773296981759,99999.980375414976,100000.01550551764,-0.027334814388020538,0.027334814388020538,-0.10169373056317027,0.10169373056317027,0.99991890579474929,0.20997921265775743,0.38528359827568637,0.99945565727881824,1,0,orfoz187,6305220,4408.642590208
64,REACTION_STIFFNESS__S2_INTERMEDIATE_A1e8_Ta500__M1_108x36__C1,REACTION_STIFFNESS,STIFFNESS,S2_INTERMEDIATE_A1e8_Ta500,M1_108x36,108,36,0.1,intermediate,100000000,5,500,1,C1,SG_RBGS,3888,108,36,1,500000,2,20033,0.10000000000000001,-0.10000000000000001,3571428.571,1,2.0000000000000002e-05,1000,0.69999999999999996,1,80.689987939999867,1.5161421869999965,1.8789718845011876,0.068288486000000009,80.760501181999999,20033,36506,1.822293216193281,8963,0.4752485464340806,32,377873.17804643488,28937.278022020822,37.081220033927821,9.8131389546180224e-05,0.81211121977834133,36506,1.822293216193281,0.003343343875982896,0.00023371967410514328,2.8949923865679439e-09,293.3741750395634,1073.7657429779524,99999.995281712545,100000.00505114102,-0.03170525427195213,0.03170525427195213,-0.091589487773468758,0.091589487773468758,0.99909748812500587,0.20977343247755545,0.38157484996406221,0.99590625537749544,1,0,orfoz187,6305222,80.983400192
65,REACTION_STIFFNESS__S2_INTERMEDIATE_A1e8_Ta500__M1_108x36__C2,REACTION_STIFFNESS,STIFFNESS,S2_INTERMEDIATE_A1e8_Ta500,M1_108x36,108,36,0.1,intermediate,100000000,5,500,2,C2,SG_RBGS,3888,108,36,1,500000,2,20033,0.10000000000000001,-0.10000000000000001,3571428.571,1,2.0000000000000002e-05,1000,0.69999999999999996,1,44.797243184000067,1.154285979000012,2.5766897624902967,0.068751824000000003,44.868155387000002,20033,36506,1.822293216193281,8963,0.4752485464340806,32,377873.17804643488,28937.278022020822,37.081220033927821,9.8131389546180224e-05,0.81211121977834133,36506,1.822293216193281,0.003343343875982896,0.00023371967410514287,2.8949923865679419e-09,293.3741750395634,1073.7657429779524,99999.995281712545,100000.00505114102,-0.03170525427195213,0.03170525427195213,-0.091589487773468758,0.091589487773468758,0.99909748812500587,0.20977343247755545,0.38157484996406221,0.99590625537749544,1,0,orfoz187,6305223,44.963410176
66,REACTION_STIFFNESS__S2_INTERMEDIATE_A1e8_Ta500__M1_108x36__C4,REACTION_STIFFNESS,STIFFNESS,S2_INTERMEDIATE_A1e8_Ta500,M1_108x36,108,36,0.1,intermediate,100000000,5,500,4,C4,SG_RBGS,3888,108,36,1,500000,2,20033,0.10000000000000001,-0.10000000000000001,3571428.571,1,2.0000000000000002e-05,1000,0.69999999999999996,1,26.613460114000169,0.93980445800000589,3.5313125537765613,0.068348582000000019,26.683887115000001,20033,36506,1.822293216193281,8963,0.4752485464340806,32,377873.17804643488,28937.278022020822,37.081220033927821,9.8131389546180224e-05,0.81211121977834133,36506,1.822293216193281,0.003343343875982896,0.00023371967410514295,2.8949923865679415e-09,293.3741750395634,1073.7657429779524,99999.995281712545,100000.00505114102,-0.03170525427195213,0.03170525427195213,-0.091589487773468758,0.091589487773468758,0.99909748812500587,0.20977343247755545,0.38157484996406221,0.99590625537749544,1,0,orfoz187,6305224,26.770029824
67,REACTION_STIFFNESS__S2_INTERMEDIATE_A1e8_Ta500__M1_108x36__C16,REACTION_STIFFNESS,STIFFNESS,S2_INTERMEDIATE_A1e8_Ta500,M1_108x36,108,36,0.1,intermediate,100000000,5,500,16,C16,SG_RBGS,3888,108,36,1,500000,2,20033,0.10000000000000001,-0.10000000000000001,3571428.571,1,2.0000000000000002e-05,1000,0.69999999999999996,1,18.90659482099985,1.2638740589999991,6.6848317794180181,0.068603674999999906,18.979100359,20033,36506,1.822293216193281,8963,0.4752485464340806,32,377873.17804643488,28937.278022020822,37.081220033927821,9.8131389546180224e-05,0.81211121977834133,36506,1.822293216193281,0.003343343875982896,0.00023371967410514301,2.8949923865679394e-09,293.3741750395634,1073.7657429779524,99999.995281712545,100000.00505114102,-0.03170525427195213,0.03170525427195213,-0.091589487773468758,0.091589487773468758,0.99909748812500587,0.20977343247755545,0.38157484996406221,0.99590625537749544,1,0,orfoz187,6305225,19.058010624
68,REACTION_STIFFNESS__S2_INTERMEDIATE_A1e8_Ta500__M2_216x72__C1,REACTION_STIFFNESS,STIFFNESS,S2_INTERMEDIATE_A1e8_Ta500,M2_216x72,216,72,0.1,intermediate,100000000,5,500,1,C1,SG_RBGS,15552,216,72,1,500000,2,22254,0.10000000000000001,-0.10000000000000001,3571428.571,1,2.0000000000000002e-05,1000,0.69999999999999996,1,404.77416568699925,16.108262093000043,3.9795677339388602,0.16834566400000001,404.94681431700002,22254,123275,5.5394535813786288,32281,0.95180154433327002,161,7055291.9471623674,5843368.8568303362,699.57227762211915,9.9155680992547233e-05,0.94545486960812808,123275,5.5394535813786288,0.0078217007591376841,0.00074080057704089001,1.2374438774300655e-08,293.15671078106288,1074.9179774472304,99999.977279466722,100000.02001239543,-0.029271408967424747,0.029271408967424747,-0.10307982744953952,0.10307982744953952,0.99965405176981825,0.20991259768687939,0.38120943406908059,0.99796728966834802,1,0,orfoz187,6305226,405.029524992
69,REACTION_STIFFNESS__S2_INTERMEDIATE_A1e8_Ta500__M2_216x72__C2,REACTION_STIFFNESS,STIFFNESS,S2_INTERMEDIATE_A1e8_Ta500,M2_216x72,216,72,0.1,intermediate,100000000,5,500,2,C2,SG_RBGS,15552,216,72,1,500000,2,22254,0.10000000000000001,-0.10000000000000001,3571428.571,1,2.0000000000000002e-05,1000,0.69999999999999996,1,214.52198645999951,9.6512402650000215,4.4989515640158517,0.16925700400000002,214.69477016299999,22254,123275,5.5394535813786288,32281,0.95180154433327002,161,7055291.9471623674,5843368.8568303362,699.57227762211915,9.9155680992547233e-05,0.94545486960812808,123275,5.5394535813786288,0.0078217007591376841,0.00074080057704089001,1.2374438774300636e-08,293.15671078106288,1074.9179774472304,99999.977279466722,100000.02001239543,-0.029271408967424747,0.029271408967424747,-0.10307982744953952,0.10307982744953952,0.99965405176981825,0.20991259768687939,0.38120943406908059,0.99796728966834802,1,0,orfoz187,6305227,214.772839424
70,REACTION_STIFFNESS__S2_INTERMEDIATE_A1e8_Ta500__M2_216x72__C4,REACTION_STIFFNESS,STIFFNESS,S2_INTERMEDIATE_A1e8_Ta500,M2_216x72,216,72,0.1,intermediate,100000000,5,500,4,C4,SG_RBGS,15552,216,72,1,500000,2,22254,0.10000000000000001,-0.10000000000000001,3571428.571,1,2.0000000000000002e-05,1000,0.69999999999999996,1,116.48297010099962,6.2941503680000039,5.4034940580090769,0.169635179,116.655391114,22254,123275,5.5394535813786288,32281,0.95180154433327002,161,7055291.9471623674,5843368.8568303362,699.57227762211915,9.9155680992547233e-05,0.94545486960812808,123275,5.5394535813786288,0.0078217007591376841,0.00074080057704088991,1.237443877430061e-08,293.15671078106288,1074.9179774472304,99999.977279466722,100000.02001239543,-0.029271408967424747,0.029271408967424747,-0.10307982744953952,0.10307982744953952,0.99965405176981825,0.20991259768687939,0.38120943406908059,0.99796728966834802,1,0,orfoz187,6305228,116.738689792
71,REACTION_STIFFNESS__S2_INTERMEDIATE_A1e8_Ta500__M2_216x72__C16,REACTION_STIFFNESS,STIFFNESS,S2_INTERMEDIATE_A1e8_Ta500,M2_216x72,216,72,0.1,intermediate,100000000,5,500,16,C16,SG_RBGS,15552,216,72,1,500000,2,22254,0.10000000000000001,-0.10000000000000001,3571428.571,1,2.0000000000000002e-05,1000,0.69999999999999996,1,50.602244728999963,4.8140860979999696,9.5135821024971925,0.169190962,50.775603715000003,22254,123275,5.5394535813786288,32281,0.95180154433327002,161,7055291.9471623674,5843368.8568303362,699.57227762211915,9.9155680992547233e-05,0.94545486960812808,123275,5.5394535813786288,0.0078217007591376841,0.00074080057704088958,1.237443877430063e-08,293.15671078106288,1074.9179774472304,99999.977279466722,100000.02001239543,-0.029271408967424747,0.029271408967424747,-0.10307982744953952,0.10307982744953952,0.99965405176981825,0.20991259768687939,0.38120943406908059,0.99796728966834802,1,0,orfoz187,6305230,50.873660416
72,REACTION_STIFFNESS__S2_INTERMEDIATE_A1e8_Ta500__M3_432x144__C1,REACTION_STIFFNESS,STIFFNESS,S2_INTERMEDIATE_A1e8_Ta500,M3_432x144,432,144,0.1,intermediate,100000000,5,500,1,C1,SG_RBGS,62208,432,144,1,500000,2,48573,0.10000000000000001,-0.10000000000000001,3571428.571,1,2.0000000000000002e-05,1000,0.69999999999999996,1,3482.8654473300112,208.3196439349968,5.981271659365885,0.58780818400000012,3483.4799592160002,48573,415092,8.5457352850348958,114529,0.97412313828047026,107,9351168.347139826,3055833.3959963471,927.01839002594352,9.9133964400232823e-05,0.92708831896297228,415092,8.5457352850348958,0.021826143045546476,0.0036180171587911658,4.6785932986336778e-08,293.07747276059757,1085.0925404718896,99999.988842699109,100000.00885008447,-0.027429313525419947,0.027429313525419947,-0.10293100094623639,0.10293100094623639,0.99984883356931542,0.20996139624055471,0.38638700207636867,0.99892771996130436,1,0,orfoz187,6305231,3483.561859328
73,REACTION_STIFFNESS__S2_INTERMEDIATE_A1e8_Ta500__M3_432x144__C2,REACTION_STIFFNESS,STIFFNESS,S2_INTERMEDIATE_A1e8_Ta500,M3_432x144,432,144,0.1,intermediate,100000000,5,500,2,C2,SG_RBGS,62208,432,144,1,500000,2,48573,0.10000000000000001,-0.10000000000000001,3571428.571,1,2.0000000000000002e-05,1000,0.69999999999999996,1,1812.2353998950243,116.45051652000134,6.425794161550253,0.60757111699999999,1812.8591791710001,48573,415092,8.5457352850348958,114529,0.97412313828047026,107,9351168.347139826,3055833.3959963471,927.01839002594352,9.9133964400232823e-05,0.92708831896297228,415092,8.5457352850348958,0.021826143045546476,0.0036180171587911428,4.6785932986336897e-08,293.07747276059757,1085.0925404718896,99999.988842699109,100000.00885008447,-0.027429313525419947,0.027429313525419947,-0.10293100094623639,0.10293100094623639,0.99984883356931542,0.20996139624055471,0.38638700207636867,0.99892771996130436,1,0,orfoz185,6305232,1813.027324160
74,REACTION_STIFFNESS__S2_INTERMEDIATE_A1e8_Ta500__M3_432x144__C4,REACTION_STIFFNESS,STIFFNESS,S2_INTERMEDIATE_A1e8_Ta500,M3_432x144,432,144,0.1,intermediate,100000000,5,500,4,C4,SG_RBGS,62208,432,144,1,500000,2,48573,0.10000000000000001,-0.10000000000000001,3571428.571,1,2.0000000000000002e-05,1000,0.69999999999999996,1,945.96207630298977,65.264097564000622,6.8992298104661716,0.58801608900000002,946.56112942899995,48573,415092,8.5457352850348958,114529,0.97412313828047026,107,9351168.347139826,3055833.3959963471,927.01839002594352,9.9133964400232823e-05,0.92708831896297228,415092,8.5457352850348958,0.021826143045546476,0.0036180171587911519,4.6785932986336936e-08,293.07747276059757,1085.0925404718896,99999.988842699109,100000.00885008447,-0.027429313525419947,0.027429313525419947,-0.10293100094623639,0.10293100094623639,0.99984883356931542,0.20996139624055471,0.38638700207636867,0.99892771996130436,1,0,orfoz185,6305233,946.714754304
75,REACTION_STIFFNESS__S2_INTERMEDIATE_A1e8_Ta500__M3_432x144__C16,REACTION_STIFFNESS,STIFFNESS,S2_INTERMEDIATE_A1e8_Ta500,M3_432x144,432,144,0.1,intermediate,100000000,5,500,16,C16,SG_RBGS,62208,432,144,1,500000,2,48573,0.10000000000000001,-0.10000000000000001,3571428.571,1,2.0000000000000002e-05,1000,0.69999999999999996,1,307.94752258099999,32.241250117999819,10.469722194150579,0.59013457100000011,308.55077671700002,48573,415092,8.5457352850348958,114529,0.97412313828047026,107,9351168.347139826,3055833.3959963471,927.01839002594352,9.9133964400232823e-05,0.92708831896297228,415092,8.5457352850348958,0.021826143045546476,0.0036180171587911524,4.6785932986336956e-08,293.07747276059757,1085.0925404718896,99999.988842699109,100000.00885008447,-0.027429313525419947,0.027429313525419947,-0.10293100094623639,0.10293100094623639,0.99984883356931542,0.20996139624055471,0.38638700207636867,0.99892771996130436,1,0,orfoz185,6305234,308.695265024
76,REACTION_STIFFNESS__S2_INTERMEDIATE_A1e8_Ta500__M4_864x288__C1,REACTION_STIFFNESS,STIFFNESS,S2_INTERMEDIATE_A1e8_Ta500,M4_864x288,864,288,0.1,intermediate,100000000,5,500,1,C1,SG_RBGS,248832,864,288,1,500000,2,194042,0.10000000000000001,-0.10000000000000001,3571428.571,1,2.0000000000000002e-05,1000,0.69999999999999996,1,57164.614032575148,6265.7502605644077,10.960889645811099,2.3465557690000001,57167.287800427999,194042,3349714,17.262829696663609,395007,0.92464268353347456,39,56249482.30761756,7219176.19824256,5583.4538175723792,9.9262314754072726e-05,0.83217713056468767,3349714,17.262829696663609,0.046996603917154545,0.0079450188829399034,3.6542927984635162e-08,293.04118216288066,1082.7773297396286,99999.980375414976,100000.01550551764,-0.027334814388020538,0.027334814388020538,-0.10169373056317027,0.10169373056317027,0.99991890579474552,0.20997921265776531,0.38528359831264469,0.99945565727867647,1,0,orfoz172,6305235,57167.397101312
77,REACTION_STIFFNESS__S2_INTERMEDIATE_A1e8_Ta500__M4_864x288__C2,REACTION_STIFFNESS,STIFFNESS,S2_INTERMEDIATE_A1e8_Ta500,M4_864x288,864,288,0.1,intermediate,100000000,5,500,2,C2,SG_RBGS,248832,864,288,1,500000,2,194042,0.10000000000000001,-0.10000000000000001,3571428.571,1,2.0000000000000002e-05,1000,0.69999999999999996,1,28957.977707438746,3213.6552774329889,11.097650912989906,2.4542070259999997,28960.616467494001,194042,3349714,17.262829696663609,395007,0.92464268353347456,39,56249482.30761756,7219176.19824256,5583.4538175723792,9.9262314754072726e-05,0.83217713056468767,3349714,17.262829696663609,0.046996603917154545,0.0079450188829399988,3.6542927984634904e-08,293.04118216288066,1082.7773297396286,99999.980375414976,100000.01550551764,-0.027334814388020538,0.027334814388020538,-0.10169373056317027,0.10169373056317027,0.99991890579474552,0.20997921265776531,0.38528359831264469,0.99945565727867647,1,0,orfoz187,6305236,28960.757949696
78,REACTION_STIFFNESS__S2_INTERMEDIATE_A1e8_Ta500__M4_864x288__C4,REACTION_STIFFNESS,STIFFNESS,S2_INTERMEDIATE_A1e8_Ta500,M4_864x288,864,288,0.1,intermediate,100000000,5,500,4,C4,SG_RBGS,248832,864,288,1,500000,2,194042,0.10000000000000001,-0.10000000000000001,3571428.571,1,2.0000000000000002e-05,1000,0.69999999999999996,1,14865.619903769044,1725.9215887671303,11.610155512785163,2.3413926360000001,14868.062078523,194042,3349714,17.262829696663609,395007,0.92464268353347456,39,56249482.30761756,7219176.19824256,5583.4538175723792,9.9262314754072726e-05,0.83217713056468767,3349714,17.262829696663609,0.046996603917154545,0.00794501888294003,3.6542927984634249e-08,293.04118216288066,1082.7773297396286,99999.980375414976,100000.01550551764,-0.027334814388020538,0.027334814388020538,-0.10169373056317027,0.10169373056317027,0.99991890579474552,0.20997921265776531,0.38528359831264469,0.99945565727867647,1,0,orfoz185,6305238,14868.196608256
79,REACTION_STIFFNESS__S2_INTERMEDIATE_A1e8_Ta500__M4_864x288__C16,REACTION_STIFFNESS,STIFFNESS,S2_INTERMEDIATE_A1e8_Ta500,M4_864x288,864,288,0.1,intermediate,100000000,5,500,16,C16,SG_RBGS,248832,864,288,1,500000,2,194042,0.10000000000000001,-0.10000000000000001,3571428.571,1,2.0000000000000002e-05,1000,0.69999999999999996,1,4302.529586756983,606.11983191695788,14.087522693221468,2.3435362759999996,4304.92888313,194042,3349714,17.262829696663609,395007,0.92464268353347456,39,56249482.30761756,7219176.19824256,5583.4538175723792,9.9262314754072726e-05,0.83217713056468767,3349714,17.262829696663609,0.046996603917154545,0.007945018882940056,3.6542927984633964e-08,293.04118216288066,1082.7773297396286,99999.980375414976,100000.01550551764,-0.027334814388020538,0.027334814388020538,-0.10169373056317027,0.10169373056317027,0.99991890579474552,0.20997921265776531,0.38528359831264469,0.99945565727867647,1,0,orfoz185,6305239,4305.139231488
80,REACTION_STIFFNESS__S3_HIGH_A1e9_Ta100__M1_108x36__C1,REACTION_STIFFNESS,STIFFNESS,S3_HIGH_A1e9_Ta100,M1_108x36,108,36,0.1,high,1000000000,5,100,1,C1,SG_RBGS,3888,108,36,1,500000,2,20033,0.10000000000000001,-0.10000000000000001,3571428.571,1,2.0000000000000002e-05,1000,0.69999999999999996,1,77.2041615979998,1.5170568090000032,1.9649935671852525,0.068913858999999994,77.275443804999995,20033,36506,1.822293216193281,8963,0.4752485464340806,32,377873.17804643488,28937.278022020822,37.081220033927821,9.8131389546180224e-05,0.81211121977834133,36506,1.822293216193281,0.003343343875982896,0.00023371967410514328,2.8949923865679439e-09,293.37417503957579,1073.7657429799287,99999.995281712545,100000.00505114102,-0.03170525427195213,0.03170525427195213,-0.091589487773468758,0.091589487773468758,0.99909748812500654,0.20977343247755562,0.38157484996410024,0.99590625537749078,1,0,orfoz185,6305241,77.466254080
81,REACTION_STIFFNESS__S3_HIGH_A1e9_Ta100__M1_108x36__C2,REACTION_STIFFNESS,STIFFNESS,S3_HIGH_A1e9_Ta100,M1_108x36,108,36,0.1,high,1000000000,5,100,2,C2,SG_RBGS,3888,108,36,1,500000,2,20033,0.10000000000000001,-0.10000000000000001,3571428.571,1,2.0000000000000002e-05,1000,0.69999999999999996,1,43.057948053999837,1.1574693060000059,2.6881664322424288,0.069101792999999995,43.128708539000002,20033,36506,1.822293216193281,8963,0.4752485464340806,32,377873.17804643488,28937.278022020822,37.081220033927821,9.8131389546180224e-05,0.81211121977834133,36506,1.822293216193281,0.003343343875982896,0.00023371967410514287,2.8949923865679419e-09,293.37417503957579,1073.7657429799287,99999.995281712545,100000.00505114102,-0.03170525427195213,0.03170525427195213,-0.091589487773468758,0.091589487773468758,0.99909748812500654,0.20977343247755562,0.38157484996410024,0.99590625537749078,1,0,orfoz185,6305242,43.219095040
82,REACTION_STIFFNESS__S3_HIGH_A1e9_Ta100__M1_108x36__C4,REACTION_STIFFNESS,STIFFNESS,S3_HIGH_A1e9_Ta100,M1_108x36,108,36,0.1,high,1000000000,5,100,4,C4,SG_RBGS,3888,108,36,1,500000,2,20033,0.10000000000000001,-0.10000000000000001,3571428.571,1,2.0000000000000002e-05,1000,0.69999999999999996,1,25.818482744000008,0.94471160799999909,3.6590516079785589,0.069134970000000004,25.889195208,20033,36506,1.822293216193281,8963,0.4752485464340806,32,377873.17804643488,28937.278022020822,37.081220033927821,9.8131389546180224e-05,0.81211121977834133,36506,1.822293216193281,0.003343343875982896,0.00023371967410514298,2.8949923865679415e-09,293.37417503957579,1073.7657429799287,99999.995281712545,100000.00505114102,-0.03170525427195213,0.03170525427195213,-0.091589487773468758,0.091589487773468758,0.99909748812500654,0.20977343247755562,0.38157484996410024,0.99590625537749078,1,0,orfoz185,6305244,25.963506944
83,REACTION_STIFFNESS__S3_HIGH_A1e9_Ta100__M1_108x36__C16,REACTION_STIFFNESS,STIFFNESS,S3_HIGH_A1e9_Ta100,M1_108x36,108,36,0.1,high,1000000000,5,100,16,C16,SG_RBGS,3888,108,36,1,500000,2,20033,0.10000000000000001,-0.10000000000000001,3571428.571,1,2.0000000000000002e-05,1000,0.69999999999999996,1,18.820305018999981,1.2829514619999893,6.8168473396408267,0.069291543000000011,18.893741074000001,20033,36506,1.822293216193281,8963,0.4752485464340806,32,377873.17804643488,28937.278022020822,37.081220033927821,9.8131389546180224e-05,0.81211121977834133,36506,1.822293216193281,0.003343343875982896,0.00023371967410514298,2.8949923865679394e-09,293.37417503957579,1073.7657429799287,99999.995281712545,100000.00505114102,-0.03170525427195213,0.03170525427195213,-0.091589487773468758,0.091589487773468758,0.99909748812500654,0.20977343247755562,0.38157484996410024,0.99590625537749078,1,0,orfoz185,6305245,18.966564864
84,REACTION_STIFFNESS__S3_HIGH_A1e9_Ta100__M2_216x72__C1,REACTION_STIFFNESS,STIFFNESS,S3_HIGH_A1e9_Ta100,M2_216x72,216,72,0.1,high,1000000000,5,100,1,C1,SG_RBGS,15552,216,72,1,500000,2,22254,0.10000000000000001,-0.10000000000000001,3571428.571,1,2.0000000000000002e-05,1000,0.69999999999999996,1,392.45672883700047,16.135970378999893,4.1115285312643133,0.16897216300000001,392.63001806699998,22254,123275,5.5394535813786288,32281,0.95180154433327002,161,7055291.9471623674,5843368.8568303362,699.57227762211915,9.9155680992547233e-05,0.94545486960812808,123275,5.5394535813786288,0.0078217007591376841,0.00074080057704089001,1.2374438774300655e-08,293.15671078106925,1074.9179774494035,99999.977279466722,100000.02001239543,-0.029271408967424747,0.029271408967424747,-0.10307982744953952,0.10307982744953952,0.99965405176981825,0.20991259768687931,0.38120943406907615,0.99796728966834691,1,0,orfoz185,6305246,392.716148992
85,REACTION_STIFFNESS__S3_HIGH_A1e9_Ta100__M2_216x72__C2,REACTION_STIFFNESS,STIFFNESS,S3_HIGH_A1e9_Ta100,M2_216x72,216,72,0.1,high,1000000000,5,100,2,C2,SG_RBGS,15552,216,72,1,500000,2,22254,0.10000000000000001,-0.10000000000000001,3571428.571,1,2.0000000000000002e-05,1000,0.69999999999999996,1,207.71850831399979,9.6581058570000557,4.6496125624011713,0.169844781,207.891831782,22254,123275,5.5394535813786288,32281,0.95180154433327002,161,7055291.9471623674,5843368.8568303362,699.57227762211915,9.9155680992547233e-05,0.94545486960812808,123275,5.5394535813786288,0.0078217007591376841,0.00074080057704089001,1.2374438774300636e-08,293.15671078106925,1074.9179774494035,99999.977279466722,100000.02001239543,-0.029271408967424747,0.029271408967424747,-0.10307982744953952,0.10307982744953952,0.99965405176981825,0.20991259768687931,0.38120943406907615,0.99796728966834691,1,0,orfoz185,6305247,207.969689600
86,REACTION_STIFFNESS__S3_HIGH_A1e9_Ta100__M2_216x72__C4,REACTION_STIFFNESS,STIFFNESS,S3_HIGH_A1e9_Ta100,M2_216x72,216,72,0.1,high,1000000000,5,100,4,C4,SG_RBGS,15552,216,72,1,500000,2,22254,0.10000000000000001,-0.10000000000000001,3571428.571,1,2.0000000000000002e-05,1000,0.69999999999999996,1,113.65345447999903,6.3657882650000071,5.6010512783140012,0.17024366799999996,113.82642073,22254,123275,5.5394535813786288,32281,0.95180154433327002,161,7055291.9471623674,5843368.8568303362,699.57227762211915,9.9155680992547233e-05,0.94545486960812808,123275,5.5394535813786288,0.0078217007591376841,0.00074080057704088991,1.237443877430061e-08,293.15671078106925,1074.9179774494035,99999.977279466722,100000.02001239543,-0.029271408967424747,0.029271408967424747,-0.10307982744953952,0.10307982744953952,0.99965405176981825,0.20991259768687931,0.38120943406907615,0.99796728966834691,1,0,orfoz185,6305248,113.954908672
87,REACTION_STIFFNESS__S3_HIGH_A1e9_Ta100__M2_216x72__C16,REACTION_STIFFNESS,STIFFNESS,S3_HIGH_A1e9_Ta100,M2_216x72,216,72,0.1,high,1000000000,5,100,16,C16,SG_RBGS,15552,216,72,1,500000,2,22254,0.10000000000000001,-0.10000000000000001,3571428.571,1,2.0000000000000002e-05,1000,0.69999999999999996,1,48.78868480299991,4.7275202380000145,9.6897882307934839,0.16946197499999999,48.963524616000001,22254,123275,5.5394535813786288,32281,0.95180154433327002,161,7055291.9471623674,5843368.8568303362,699.57227762211915,9.9155680992547233e-05,0.94545486960812808,123275,5.5394535813786288,0.0078217007591376841,0.00074080057704088958,1.237443877430063e-08,293.15671078106925,1074.9179774494035,99999.977279466722,100000.02001239543,-0.029271408967424747,0.029271408967424747,-0.10307982744953952,0.10307982744953952,0.99965405176981825,0.20991259768687931,0.38120943406907615,0.99796728966834691,1,0,orfoz185,6305249,49.135252992
88,REACTION_STIFFNESS__S3_HIGH_A1e9_Ta100__M3_432x144__C1,REACTION_STIFFNESS,STIFFNESS,S3_HIGH_A1e9_Ta100,M3_432x144,432,144,0.1,high,1000000000,5,100,1,C1,SG_RBGS,62208,432,144,1,500000,2,48573,0.10000000000000001,-0.10000000000000001,3571428.571,1,2.0000000000000002e-05,1000,0.69999999999999996,1,3392.0064221220036,206.82676585799527,6.0974756565645478,0.60233415800000001,3392.636277095,48573,415092,8.5457352850348958,114529,0.97412313828047026,107,9351168.347139826,3055833.3959963471,927.01839002594352,9.9133964400232823e-05,0.92708831896297228,415092,8.5457352850348958,0.021826143045546476,0.0036180171587911658,4.6785932986336778e-08,293.07747276060138,1085.0925404736706,99999.988842699109,100000.00885008447,-0.027429313525419947,0.027429313525419947,-0.10293100094623639,0.10293100094623639,0.99984883356931542,0.20996139624055468,0.38638700207631749,0.99892771996130392,1,0,orfoz185,6305250,3392.758831616
89,REACTION_STIFFNESS__S3_HIGH_A1e9_Ta100__M3_432x144__C2,REACTION_STIFFNESS,STIFFNESS,S3_HIGH_A1e9_Ta100,M3_432x144,432,144,0.1,high,1000000000,5,100,2,C2,SG_RBGS,62208,432,144,1,500000,2,48573,0.10000000000000001,-0.10000000000000001,3571428.571,1,2.0000000000000002e-05,1000,0.69999999999999996,1,1761.3518166970075,115.26389775099851,6.5440587540965147,0.60140003400000008,1761.968804912,48573,415092,8.5457352850348958,114529,0.97412313828047026,107,9351168.347139826,3055833.3959963471,927.01839002594352,9.9133964400232823e-05,0.92708831896297228,415092,8.5457352850348958,0.021826143045546476,0.0036180171587911428,4.6785932986336897e-08,293.07747276060138,1085.0925404736706,99999.988842699109,100000.00885008447,-0.027429313525419947,0.027429313525419947,-0.10293100094623639,0.10293100094623639,0.99984883356931542,0.20996139624055468,0.38638700207631749,0.99892771996130392,1,0,orfoz185,6305251,1762.225223424
90,REACTION_STIFFNESS__S3_HIGH_A1e9_Ta100__M3_432x144__C4,REACTION_STIFFNESS,STIFFNESS,S3_HIGH_A1e9_Ta100,M3_432x144,432,144,0.1,high,1000000000,5,100,4,C4,SG_RBGS,62208,432,144,1,500000,2,48573,0.10000000000000001,-0.10000000000000001,3571428.571,1,2.0000000000000002e-05,1000,0.69999999999999996,1,923.7157854990021,65.298866640999194,7.0691513197129119,0.58894250400000003,924.31576188300005,48573,415092,8.5457352850348958,114529,0.97412313828047026,107,9351168.347139826,3055833.3959963471,927.01839002594352,9.9133964400232823e-05,0.92708831896297228,415092,8.5457352850348958,0.021826143045546476,0.0036180171587911519,4.6785932986336936e-08,293.07747276060138,1085.0925404736706,99999.988842699109,100000.00885008447,-0.027429313525419947,0.027429313525419947,-0.10293100094623639,0.10293100094623639,0.99984883356931542,0.20996139624055468,0.38638700207631749,0.99892771996130392,1,0,orfoz185,6305252,924.495469568
91,REACTION_STIFFNESS__S3_HIGH_A1e9_Ta100__M3_432x144__C16,REACTION_STIFFNESS,STIFFNESS,S3_HIGH_A1e9_Ta100,M3_432x144,432,144,0.1,high,1000000000,5,100,16,C16,SG_RBGS,62208,432,144,1,500000,2,48573,0.10000000000000001,-0.10000000000000001,3571428.571,1,2.0000000000000002e-05,1000,0.69999999999999996,1,300.55642825699994,31.601074772000281,10.514190282091993,0.59074244300000001,301.158924705,48573,415092,8.5457352850348958,114529,0.97412313828047026,107,9351168.347139826,3055833.3959963471,927.01839002594352,9.9133964400232823e-05,0.92708831896297228,415092,8.5457352850348958,0.021826143045546476,0.0036180171587911524,4.678593298633695e-08,293.07747276060138,1085.0925404736706,99999.988842699109,100000.00885008447,-0.027429313525419947,0.027429313525419947,-0.10293100094623639,0.10293100094623639,0.99984883356931542,0.20996139624055468,0.38638700207631749,0.99892771996130392,1,0,orfoz197,6305253,301.394134016
92,REACTION_STIFFNESS__S3_HIGH_A1e9_Ta100__M4_864x288__C1,REACTION_STIFFNESS,STIFFNESS,S3_HIGH_A1e9_Ta100,M4_864x288,864,288,0.1,high,1000000000,5,100,1,C1,SG_RBGS,248832,864,288,1,500000,2,194042,0.10000000000000001,-0.10000000000000001,3571428.571,1,2.0000000000000002e-05,1000,0.69999999999999996,1,56169.714907944617,6273.1620895102842,11.168228465804464,2.3378146579999997,56172.384455934,194042,3349714,17.262829696663609,395007,0.92464268353347456,39,56249482.30761756,7219176.19824256,5583.4538175723792,9.9262314754072726e-05,0.83217713056468767,3349714,17.262829696663609,0.046996603917154545,0.0079450188829399034,3.6542927984635162e-08,293.04118216288407,1082.777329735552,99999.980375414976,100000.01550551764,-0.027334814388020538,0.027334814388020538,-0.10169373056317027,0.10169373056317027,0.99991890579474552,0.20997921265776523,0.38528359831248116,0.99945565727867525,1,0,orfoz197,6305254,56172.656019456
93,REACTION_STIFFNESS__S3_HIGH_A1e9_Ta100__M4_864x288__C2,REACTION_STIFFNESS,STIFFNESS,S3_HIGH_A1e9_Ta100,M4_864x288,864,288,0.1,high,1000000000,5,100,2,C2,SG_RBGS,248832,864,288,1,500000,2,194042,0.10000000000000001,-0.10000000000000001,3571428.571,1,2.0000000000000002e-05,1000,0.69999999999999996,1,28445.179575566508,3206.4437790427992,11.272362582646625,2.3301890179999996,28447.693148389,194042,3349714,17.262829696663609,395007,0.92464268353347456,39,56249482.30761756,7219176.19824256,5583.4538175723792,9.9262314754072726e-05,0.83217713056468767,3349714,17.262829696663609,0.046996603917154545,0.0079450188829399988,3.6542927984634904e-08,293.04118216288407,1082.777329735552,99999.980375414976,100000.01550551764,-0.027334814388020538,0.027334814388020538,-0.10169373056317027,0.10169373056317027,0.99991890579474552,0.20997921265776523,0.38528359831248116,0.99945565727867525,1,0,orfoz185,6305255,28447.888489216
94,REACTION_STIFFNESS__S3_HIGH_A1e9_Ta100__M4_864x288__C4,REACTION_STIFFNESS,STIFFNESS,S3_HIGH_A1e9_Ta100,M4_864x288,864,288,0.1,high,1000000000,5,100,4,C4,SG_RBGS,248832,864,288,1,500000,2,194042,0.10000000000000001,-0.10000000000000001,3571428.571,1,2.0000000000000002e-05,1000,0.69999999999999996,1,14639.919059633759,1719.7586081131005,11.74704997416921,2.340270351,14642.352343008,194042,3349714,17.262829696663609,395007,0.92464268353347456,39,56249482.30761756,7219176.19824256,5583.4538175723792,9.9262314754072726e-05,0.83217713056468767,3349714,17.262829696663609,0.046996603917154545,0.00794501888294003,3.6542927984634249e-08,293.04118216288407,1082.777329735552,99999.980375414976,100000.01550551764,-0.027334814388020538,0.027334814388020538,-0.10169373056317027,0.10169373056317027,0.99991890579474552,0.20997921265776523,0.38528359831248116,0.99945565727867525,1,0,orfoz187,6305256,14642.590386688
95,REACTION_STIFFNESS__S3_HIGH_A1e9_Ta100__M4_864x288__C16,REACTION_STIFFNESS,STIFFNESS,S3_HIGH_A1e9_Ta100,M4_864x288,864,288,0.1,high,1000000000,5,100,16,C16,SG_RBGS,248832,864,288,1,500000,2,194042,0.10000000000000001,-0.10000000000000001,3571428.571,1,2.0000000000000002e-05,1000,0.69999999999999996,1,4238.4985868829726,606.1365073839446,14.30073633290279,2.3403888269999999,4240.9015962470003,194042,3349714,17.262829696663609,395007,0.92464268353347456,39,56249482.30761756,7219176.19824256,5583.4538175723792,9.9262314754072726e-05,0.83217713056468767,3349714,17.262829696663609,0.046996603917154545,0.0079450188829400577,3.6542927984633964e-08,293.04118216288407,1082.777329735552,99999.980375414976,100000.01550551764,-0.027334814388020538,0.027334814388020538,-0.10169373056317027,0.10169373056317027,0.99991890579474552,0.20997921265776523,0.38528359831248116,0.99945565727867525,1,0,orfoz187,6300148,4241.121347840
